Time (s),Volume (m^3),H(5),O(6),OH(7),H2(8),Ar(9),He(10),HO2(11),H2O2(12),CO(13),CO2(14),HCO(15),C(T)(16),CH(17),CH2(T)(18),CH3(19),CH2O(20),HCCO(21),C2H(22),C2H2(23),H2CC(24),CH2(S)(25),CH3OH(26),CH3O(27),CH2CO(28),C2H3(29),C2H4(30),C2H6(31),C2H5(32),CH2OH(33),CH3CO(34),CH2CHO(35),CH3CHO(36),N2,Ne,C2H3F3(1),O2(2),H2O(3),CH4(4),HF(38),C2H2F2(59),CH2CF2(57),S(126)
0.0,0.5297641357659086,0.0,0.0,0.0,0.0,0.0,0.0,0.0,0.0,0.0,0.0,0.0,0.0,0.0,0.0,0.0,0.0,0.0,0.0,0.0,0.0,0.0,0.0,0.0,0.0,0.0,0.0,0.0,0.0,0.0,0.0,0.0,0.0,3.76,0.0,0.5006124703835313,1.0,0.0,0.0,0.0,0.0,0.0,0.0
8.959181985035472e-18,0.5297641357659086,0.0,2.8538370326902593e-28,0.0,0.0,0.0,0.0,0.0,0.0,0.0,0.0,0.0,0.0,0.0,0.0,0.0,0.0,0.0,0.0,0.0,0.0,0.0,0.0,0.0,0.0,0.0,0.0,0.0,0.0,0.0,0.0,0.0,0.0,3.76,0.0,0.500612470383531,1.0,0.0,0.0,2.657523765411292e-16,1.705226715560869e-16,6.715128653548479e-17,2.807841844955747e-17
2.5085709558099322e-17,0.5297641357659086,0.0,7.990743691532726e-28,0.0,0.0,0.0,0.0,0.0,0.0,0.0,0.0,0.0,0.0,0.0,0.0,0.0,0.0,0.0,0.0,0.0,0.0,0.0,0.0,0.0,0.0,0.0,0.0,0.0,0.0,0.0,0.0,0.0,0.0,3.76,0.0,0.5006124703835306,1.0,0.0,0.0,7.441066543151613e-16,4.774634805601827e-16,1.8802360230022178e-16,7.861957145475687e-17
5.733876470422702e-17,0.5297641357659088,0.0,1.8264557009217658e-27,0.0,0.0,0.0,0.0,0.0,0.0,0.0,0.0,0.0,0.0,0.0,0.0,0.0,0.0,0.0,0.0,0.0,0.0,0.0,0.0,0.0,0.0,0.0,0.0,0.0,0.0,0.0,0.0,0.0,0.0,3.76,0.0,0.5006124703835296,1.0,0.0,0.0,1.7008152098632237e-15,1.091345099380931e-15,4.297682338331531e-16,1.7970187664913956e-16
1.218448749964824e-16,0.529764135765909,0.0,3.881218364458752e-27,0.0,0.0,0.0,0.0,0.0,0.0,0.0,0.0,0.0,0.0,0.0,0.0,0.0,0.0,0.0,0.0,0.0,0.0,0.0,0.0,0.0,0.0,0.0,0.0,0.0,0.0,0.0,0.0,0.0,0.0,3.76,0.0,0.5006124703835277,1.0,0.0,0.0,3.6142323209593416e-15,2.319108340272656e-15,9.13257496912845e-16,3.818664837738405e-16
2.5085709558099322e-16,0.5297641357659094,0.0,7.990743691532723e-27,0.0,0.0,0.0,0.0,0.0,0.0,0.0,0.0,0.0,0.0,0.0,0.0,0.0,0.0,0.0,0.0,0.0,0.0,0.0,0.0,0.0,0.0,0.0,0.0,0.0,0.0,0.0,0.0,0.0,0.0,3.76,0.0,0.500612470383524,1.0,0.0,0.0,7.441066543151548e-15,4.774634835057017e-15,1.880236023127545e-15,7.86195684966985e-16
5.088815367500148e-16,0.5297641357659102,0.0,1.6209794345680673e-26,0.0,0.0,0.0,0.0,0.0,0.0,0.0,0.0,0.0,0.0,0.0,0.0,0.0,0.0,0.0,0.0,0.0,0.0,0.0,0.0,0.0,0.0,0.0,0.0,0.0,0.0,0.0,0.0,0.0,0.0,3.76,0.0,0.5006124703835163,1.0,0.0,0.0,1.5094734987535844e-14,9.685687876629381e-15,3.814193075778213e-15,1.594854035128248e-15
1.024930419088058e-15,0.5297641357659117,0.0,3.2647895653976557e-26,0.0,0.0,0.0,0.0,0.0,0.0,0.0,0.0,0.0,0.0,0.0,0.0,0.0,0.0,0.0,0.0,0.0,0.0,0.0,0.0,0.0,0.0,0.0,0.0,0.0,0.0,0.0,0.0,0.0,0.0,3.76,0.0,0.500612470383501,1.0,0.0,0.0,3.0402071876303967e-14,1.950779416778865e-14,7.682107181964618e-15,3.2121705265506964e-15
2.0570281837641442e-15,0.5297641357659147,0.0,6.552409827056835e-26,0.0,0.0,0.0,0.0,0.0,0.0,0.0,0.0,0.0,0.0,0.0,0.0,0.0,0.0,0.0,0.0,0.0,0.0,0.0,0.0,0.0,0.0,0.0,0.0,0.0,0.0,0.0,0.0,0.0,0.0,3.76,0.0,0.5006124703834703,1.0,0.0,0.0,6.101674565383834e-14,3.915200758216513e-14,1.5417935397877704e-14,6.446802673795502e-15
4.121223713116317e-15,0.5297641357659211,0.0,1.312765035037519e-25,0.0,0.0,0.0,0.0,0.0,0.0,0.0,0.0,0.0,0.0,0.0,0.0,0.0,0.0,0.0,0.0,0.0,0.0,0.0,0.0,0.0,0.0,0.0,0.0,0.0,0.0,0.0,0.0,0.0,0.0,3.76,0.0,0.5006124703834091,1.0,0.0,0.0,1.2224609320889958e-13,7.844043773914817e-14,3.0889591843864976e-14,1.2916063625886465e-14
8.249614771820664e-15,0.5297641357659333,0.0,2.6278131397011907e-25,0.0,0.0,0.0,0.0,0.0,0.0,0.0,0.0,0.0,0.0,0.0,0.0,0.0,0.0,0.0,0.0,0.0,0.0,0.0,0.0,0.0,0.0,0.0,0.0,0.0,0.0,0.0,0.0,0.0,0.0,3.76,0.0,0.5006124703832866,1.0,0.0,0.0,2.4470478831899215e-13,1.5701731136602066e-13,6.183290479248384e-14,2.5854572160487622e-14
1.6506396889229353e-14,0.5297641357659578,0.0,5.257909349028532e-25,0.0,0.0,0.0,0.0,0.0,0.0,0.0,0.0,0.0,0.0,0.0,0.0,0.0,0.0,0.0,0.0,0.0,0.0,0.0,0.0,0.0,0.0,0.0,0.0,0.0,0.0,0.0,0.0,0.0,0.0,3.76,0.0,0.5006124703830417,1.0,0.0,0.0,4.896221785390573e-13,3.1417111187128154e-13,1.237195309162984e-13,5.17315357514774e-14
3.301996112404673e-14,0.5297641357660073,0.0,1.051810176768322e-24,0.0,0.0,0.0,0.0,0.0,0.0,0.0,0.0,0.0,0.0,0.0,0.0,0.0,0.0,0.0,0.0,0.0,0.0,0.0,0.0,0.0,0.0,0.0,0.0,0.0,0.0,0.0,0.0,0.0,0.0,3.76,0.0,0.5006124703825519,1.0,0.0,0.0,9.794569589787087e-13,6.284789258869865e-13,2.4749278407023113e-13,1.0348524902149093e-13
6.604708959368149e-14,0.5297641357661059,0.0,2.1038486604992594e-24,0.0,0.0,0.0,0.0,0.0,0.0,0.0,0.0,0.0,0.0,0.0,0.0,0.0,0.0,0.0,0.0,0.0,0.0,0.0,0.0,0.0,0.0,0.0,0.0,0.0,0.0,0.0,0.0,0.0,0.0,3.76,0.0,0.5006124703815722,1.0,0.0,0.0,1.9591265198560937e-12,1.2570954059320855e-12,4.950392940032812e-13,2.0699181992072706e-13
1.32101346532951e-13,0.5297641357663033,0.0,4.207925627961133e-24,0.0,0.0,0.0,0.0,0.0,0.0,0.0,0.0,0.0,0.0,0.0,0.0,0.0,0.0,0.0,0.0,0.0,0.0,0.0,0.0,0.0,0.0,0.0,0.0,0.0,0.0,0.0,0.0,0.0,0.0,3.76,0.0,0.5006124703796129,1.0,0.0,0.0,3.918465641603196e-12,2.5143317740206958e-12,9.901323283698796e-13,4.1400153921262034e-13
2.642098604114901e-13,0.5297641357666979,0.0,8.41607956288488e-24,0.0,0.0,0.0,0.0,0.0,0.0,0.0,0.0,0.0,0.0,0.0,0.0,0.0,0.0,0.0,0.0,0.0,0.0,0.0,0.0,0.0,0.0,0.0,0.0,0.0,0.0,0.0,0.0,0.0,0.0,3.76,0.0,0.5006124703756942,1.0,0.0,0.0,7.837143885066727e-12,5.028818141740822e-12,1.9803184551031515e-12,8.28007288222752e-13
5.284268881685681e-13,0.529764135767487,0.0,1.683238743273238e-23,0.0,0.0,0.0,0.0,0.0,0.0,0.0,0.0,0.0,0.0,0.0,0.0,0.0,0.0,0.0,0.0,0.0,0.0,0.0,0.0,0.0,0.0,0.0,0.0,0.0,0.0,0.0,0.0,0.0,0.0,3.76,0.0,0.5006124703678568,1.0,0.0,0.0,1.567450037187109e-11,1.0057845399746987e-11,3.960690940554653e-12,1.6559640315694469e-12
1e-12,0.5297641357690658,0.0,3.185376787140863e-23,0.0,0.0,0.0,0.0,0.0,0.0,0.0,0.0,0.0,0.0,0.0,0.0,0.0,0.0,0.0,0.0,0.0,0.0,0.0,0.0,0.0,0.0,0.0,0.0,0.0,0.0,0.0,0.0,0.0,0.0,3.76,0.0,0.5006124703538688,1.0,0.0,0.0,2.9662571535463455e-11,1.903382045187401e-11,7.495249792587195e-12,3.1335012910022495e-12
1.0568609436827245e-12,0.5297641357690658,0.0,3.366500317242737e-23,0.0,0.0,0.0,0.0,0.0,0.0,0.0,0.0,0.0,0.0,0.0,0.0,0.0,0.0,0.0,0.0,0.0,0.0,0.0,0.0,0.0,0.0,0.0,0.0,0.0,0.0,0.0,0.0,0.0,0.0,3.76,0.0,0.5006124703521821,1.0,0.0,0.0,3.134921334498902e-11,2.0116117977181126e-11,7.92143683927475e-12,3.3116585285331445e-12
1.5852949991968808e-12,0.5297641357706442,0.0,5.0497618912122365e-23,0.0,0.0,0.0,0.0,0.0,0.0,0.0,0.0,0.0,0.0,0.0,0.0,0.0,0.0,0.0,0.0,0.0,0.0,0.0,0.0,0.0,0.0,0.0,0.0,0.0,0.0,0.0,0.0,0.0,0.0,3.76,0.0,0.5006124703365075,1.0,0.0,0.0,4.702392631761616e-11,3.0174608587199046e-11,1.1882183665689224e-11,4.9671340647278975e-12
2.113729054711037e-12,0.5297641357722227,0.0,6.733023465181736e-23,0.0,0.0,0.0,0.0,0.0,0.0,0.0,0.0,0.0,0.0,0.0,0.0,0.0,0.0,0.0,0.0,0.0,0.0,0.0,0.0,0.0,0.0,0.0,0.0,0.0,0.0,0.0,0.0,0.0,0.0,3.76,0.0,0.5006124703208328,1.0,0.0,0.0,6.269863928975251e-11,4.023331720096652e-11,1.5842931419675376e-11,6.622390669110625e-12
3.1705971657393498e-12,0.5297641357753796,0.0,1.0099546613120735e-22,0.0,0.0,0.0,0.0,0.0,0.0,0.0,0.0,0.0,0.0,0.0,0.0,0.0,0.0,0.0,0.0,0.0,0.0,0.0,0.0,0.0,0.0,0.0,0.0,0.0,0.0,0.0,0.0,0.0,0.0,3.76,0.0,0.5006124702894833,1.0,0.0,0.0,9.404806523287336e-11,6.035124598052452e-11,2.3764429104221056e-11,9.932390148127788e-12
4.2274652767676624e-12,0.5297641357785366,0.0,1.3466069761059734e-22,0.0,0.0,0.0,0.0,0.0,0.0,0.0,0.0,0.0,0.0,0.0,0.0,0.0,0.0,0.0,0.0,0.0,0.0,0.0,0.0,0.0,0.0,0.0,0.0,0.0,0.0,0.0,0.0,0.0,0.0,3.76,0.0,0.5006124702581338,1.0,0.0,0.0,1.2539749117418935e-10,8.046997619814887e-11,3.1685930198759564e-11,1.3241584777280928e-11
5.284333387795975e-12,0.5297641357816937,0.0,1.6832592908998732e-22,0.0,0.0,0.0,0.0,0.0,0.0,0.0,0.0,0.0,0.0,0.0,0.0,0.0,0.0,0.0,0.0,0.0,0.0,0.0,0.0,0.0,0.0,0.0,0.0,0.0,0.0,0.0,0.0,0.0,0.0,3.76,0.0,0.5006124702267843,1.0,0.0,0.0,1.5674691711357166e-10,1.0058956490676873e-10,3.960743494604203e-11,1.65499172607609e-11
7.3980696098526e-12,0.5297641357880077,0.0,2.3565639204876732e-22,0.0,0.0,0.0,0.0,0.0,0.0,0.0,0.0,0.0,0.0,0.0,0.0,0.0,0.0,0.0,0.0,0.0,0.0,0.0,0.0,0.0,0.0,0.0,0.0,0.0,0.0,0.0,0.0,0.0,0.0,3.76,0.0,0.5006124701640855,1.0,0.0,0.0,2.1944576898641357e-10,1.4083137041739616e-10,5.545045562272965e-11,2.316394294628777e-11
9.511805831909226e-12,0.5297641357943217,0.0,3.029868550075473e-22,0.0,0.0,0.0,0.0,0.0,0.0,0.0,0.0,0.0,0.0,0.0,0.0,0.0,0.0,0.0,0.0,0.0,0.0,0.0,0.0,0.0,0.0,0.0,0.0,0.0,0.0,0.0,0.0,0.0,0.0,3.76,0.0,0.5006124701013867,1.0,0.0,0.0,2.8214462085140157e-10,1.8107665980862698e-10,7.129349112277886e-11,2.9774469919995705e-11
1e-11,0.5297641358069498,0.0,3.1853767871408624e-22,0.0,0.0,0.0,0.0,0.0,0.0,0.0,0.0,0.0,0.0,0.0,0.0,0.0,0.0,0.0,0.0,0.0,0.0,0.0,0.0,0.0,0.0,0.0,0.0,0.0,0.0,0.0,0.0,0.0,0.0,3.76,0.0,0.5006124700869056,1.0,0.0,0.0,2.9662571527780667e-10,1.903723141514385e-10,7.4952643056987e-11,3.130075806938117e-11
1.3739278276022476e-11,0.5297641358069498,0.0,4.376477809251073e-22,0.0,0.0,0.0,0.0,0.0,0.0,0.0,0.0,0.0,0.0,0.0,0.0,0.0,0.0,0.0,0.0,0.0,0.0,0.0,0.0,0.0,0.0,0.0,0.0,0.0,0.0,0.0,0.0,0.0,0.0,3.76,0.0,0.500612469975989,1.0,0.0,0.0,4.0754232455781906e-10,2.6157767926288214e-10,1.0297960654628128e-10,4.298503874865565e-11
2.2194223164248974e-11,0.5297641358322058,0.0,7.069696327602271e-22,0.0,0.0,0.0,0.0,0.0,0.0,0.0,0.0,0.0,0.0,0.0,0.0,0.0,0.0,0.0,0.0,0.0,0.0,0.0,0.0,0.0,0.0,0.0,0.0,0.0,0.0,0.0,0.0,0.0,0.0,3.76,0.0,0.5006124697251936,1.0,0.0,0.0,6.58337731876421e-10,4.2262141958741224e-10,1.6635201482616973e-10,6.936429746283917e-11
3.0649168052475475e-11,0.529764135857462,0.0,9.762914845953473e-22,0.0,0.0,0.0,0.0,0.0,0.0,0.0,0.0,0.0,0.0,0.0,0.0,0.0,0.0,0.0,0.0,0.0,0.0,0.0,0.0,0.0,0.0,0.0,0.0,0.0,0.0,0.0,0.0,0.0,0.0,3.76,0.0,0.5006124694743982,1.0,0.0,0.0,9.091331390693799e-10,5.837206810316396e-10,2.2972465933953605e-10,9.56877986982042e-11
3.9104112940701977e-11,0.529764135882718,0.0,1.245613336430467e-21,0.0,0.0,0.0,0.0,0.0,0.0,0.0,0.0,0.0,0.0,0.0,0.0,0.0,0.0,0.0,0.0,0.0,0.0,0.0,0.0,0.0,0.0,0.0,0.0,0.0,0.0,0.0,0.0,0.0,0.0,3.76,0.0,0.5006124692236028,1.0,0.0,0.0,1.1599285461366954e-09,7.448753516922103e-10,2.930975396101882e-10,1.2195565483429718e-10
4.755905782892848e-11,0.529764135907974,0.0,1.5149351882655869e-21,0.0,0.0,0.0,0.0,0.0,0.0,0.0,0.0,0.0,0.0,0.0,0.0,0.0,0.0,0.0,0.0,0.0,0.0,0.0,0.0,0.0,0.0,0.0,0.0,0.0,0.0,0.0,0.0,0.0,0.0,3.76,0.0,0.5006124689728074,1.0,0.0,0.0,1.4107239530783685e-09,9.060853162580177e-10,3.56470655147433e-10,1.4816798167291792e-10
6.446894760538148e-11,0.5297641359584863,0.0,2.0535788919358276e-21,0.0,0.0,0.0,0.0,0.0,0.0,0.0,0.0,0.0,0.0,0.0,0.0,0.0,0.0,0.0,0.0,0.0,0.0,0.0,0.0,0.0,0.0,0.0,0.0,0.0,0.0,0.0,0.0,0.0,0.0,3.76,0.0,0.5006124684712167,1.0,0.0,0.0,1.9123147665847854e-09,1.2286707010315896e-09,4.832175902085917e-10,2.0042647534460457e-10
8.137883738183448e-11,0.5297641360089983,0.0,2.5922225956060663e-21,0.0,0.0,0.0,0.0,0.0,0.0,0.0,0.0,0.0,0.0,0.0,0.0,0.0,0.0,0.0,0.0,0.0,0.0,0.0,0.0,0.0,0.0,0.0,0.0,0.0,0.0,0.0,0.0,0.0,0.0,3.76,0.0,0.5006124679696259,1.0,0.0,0.0,2.4139055795886317e-09,1.5514759149951974e-09,6.099654606065363e-10,2.524642039868978e-10
9.828872715828748e-11,0.5297641360595106,0.0,3.1308662992763065e-21,0.0,0.0,0.0,0.0,0.0,0.0,0.0,0.0,0.0,0.0,0.0,0.0,0.0,0.0,0.0,0.0,0.0,0.0,0.0,0.0,0.0,0.0,0.0,0.0,0.0,0.0,0.0,0.0,0.0,0.0,3.76,0.0,0.5006124674680351,1.0,0.0,0.0,2.915496392089906e-09,1.8744999929301176e-09,7.367142622338883e-10,3.042821369259003e-10
9.999999999999999e-11,0.5297641361605349,0.0,3.1853767871408623e-21,0.0,0.0,0.0,0.0,0.0,0.0,0.0,0.0,0.0,0.0,0.0,0.0,0.0,0.0,0.0,0.0,0.0,0.0,0.0,0.0,0.0,0.0,0.0,0.0,0.0,0.0,0.0,0.0,0.0,0.0,3.76,0.0,0.5006124674172744,1.0,0.0,0.0,2.966257144877761e-09,1.907202035608365e-09,7.495412327007482e-10,3.095138765686476e-10
1.3210850671119348e-10,0.5297641361605349,0.0,4.208153706616785e-21,0.0,0.0,0.0,0.0,0.0,0.0,0.0,0.0,0.0,0.0,0.0,0.0,0.0,0.0,0.0,0.0,0.0,0.0,0.0,0.0,0.0,0.0,0.0,0.0,0.0,0.0,0.0,0.0,0.0,0.0,3.76,0.0,0.5006124664648535,1.0,0.0,0.0,3.918678015584739e-09,2.5212010188229596e-09,9.902146433387285e-10,4.0726235342305067e-10
1.6592828626409948e-10,0.529764136261559,0.0,5.285441113957264e-21,0.0,0.0,0.0,0.0,0.0,0.0,0.0,0.0,0.0,0.0,0.0,0.0,0.0,0.0,0.0,0.0,0.0,0.0,0.0,0.0,0.0,0.0,0.0,0.0,0.0,0.0,0.0,0.0,0.0,0.0,3.76,0.0,0.5006124654616718,1.0,0.0,0.0,4.921859637069284e-09,3.1687663862319184e-09,1.2437187020652588e-09,5.093745487721067e-10
1.9974806581700549e-10,0.5297641363625833,0.0,6.362728521297744e-21,0.0,0.0,0.0,0.0,0.0,0.0,0.0,0.0,0.0,0.0,0.0,0.0,0.0,0.0,0.0,0.0,0.0,0.0,0.0,0.0,0.0,0.0,0.0,0.0,0.0,0.0,0.0,0.0,0.0,0.0,3.76,0.0,0.5006124644584902,1.0,0.0,0.0,5.92504125654354e-09,3.817188812288817e-09,1.4972264074220583e-09,6.10626036832664e-10
2.3356784536991146e-10,0.5297641364636076,0.0,7.440015928638224e-21,0.0,0.0,0.0,0.0,0.0,0.0,0.0,0.0,0.0,0.0,0.0,0.0,0.0,0.0,0.0,0.0,0.0,0.0,0.0,0.0,0.0,0.0,0.0,0.0,0.0,0.0,0.0,0.0,0.0,0.0,3.76,0.0,0.5006124634553085,1.0,0.0,0.0,6.928222874007506e-09,4.4664610825901616e-09,1.750737728709051e-09,7.110240627082938e-10
2.6738762492281744e-10,0.529764136564632,0.0,8.517303335978704e-21,0.0,0.0,0.0,0.0,0.0,0.0,0.0,0.0,0.0,0.0,0.0,0.0,0.0,0.0,0.0,0.0,0.0,0.0,0.0,0.0,0.0,0.0,0.0,0.0,0.0,0.0,0.0,0.0,0.0,0.0,3.76,0.0,0.5006124624521269,1.0,0.0,0.0,7.931404489461181e-09,5.1165760394206504e-09,2.0042526354673895e-09,8.105758145731418e-10
3.3502718402862945e-10,0.5297641367666804,0.0,1.0671878150659664e-20,0.0,0.0,0.0,0.0,0.0,0.0,0.0,0.0,0.0,0.0,0.0,0.0,0.0,0.0,0.0,0.0,0.0,0.0,0.0,0.0,0.0,0.0,0.0,0.0,0.0,0.0,0.0,0.0,0.0,0.0,3.76,0.0,0.5006124604457637,1.0,0.0,0.0,9.937767714337659e-09,6.419305653114794e-09,2.5112930847172357e-09,1.0071689765056282e-09
4.0266674313444146e-10,0.5297641369687291,0.0,1.2826452965340622e-20,0.0,0.0,0.0,0.0,0.0,0.0,0.0,0.0,0.0,0.0,0.0,0.0,0.0,0.0,0.0,0.0,0.0,0.0,0.0,0.0,0.0,0.0,0.0,0.0,0.0,0.0,0.0,0.0,0.0,0.0,3.76,0.0,0.5006124584394005,1.0,0.0,0.0,1.194413093117296e-08,7.725321546426913e-09,3.0183475164148513e-09,1.200461868331197e-09
4.703063022402534e-10,0.5297641371707776,0.0,1.4981027780021583e-20,0.0,0.0,0.0,0.0,0.0,0.0,0.0,0.0,0.0,0.0,0.0,0.0,0.0,0.0,0.0,0.0,0.0,0.0,0.0,0.0,0.0,0.0,0.0,0.0,0.0,0.0,0.0,0.0,0.0,0.0,3.76,0.0,0.5006124564330373,1.0,0.0,0.0,1.3950494139967085e-08,9.034568554672363e-09,3.525415695813171e-09,1.3905098894815537e-09
5.379458613460654e-10,0.5297641373728262,0.0,1.713560259470254e-20,0.0,0.0,0.0,0.0,0.0,0.0,0.0,0.0,0.0,0.0,0.0,0.0,0.0,0.0,0.0,0.0,0.0,0.0,0.0,0.0,0.0,0.0,0.0,0.0,0.0,0.0,0.0,0.0,0.0,0.0,3.76,0.0,0.5006124544266741,1.0,0.0,0.0,1.5956857340720025e-08,1.0346992440174949e-08,4.032497392109908e-09,1.5773675084351686e-09
6.732249795576894e-10,0.5297641377769234,0.0,2.1444752224064457e-20,0.0,0.0,0.0,0.0,0.0,0.0,0.0,0.0,0.0,0.0,0.0,0.0,0.0,0.0,0.0,0.0,0.0,0.0,0.0,0.0,0.0,0.0,0.0,0.0,0.0,0.0,0.0,0.0,0.0,0.0,3.76,0.0,0.5006124504139478,1.0,0.0,0.0,1.9969583718102322e-08,1.2981158384392928e-08,5.046700431305308e-09,1.9417249024040856e-09
8.085040977693134e-10,0.5297641381810206,0.0,2.5753901853426373e-20,0.0,0.0,0.0,0.0,0.0,0.0,0.0,0.0,0.0,0.0,0.0,0.0,0.0,0.0,0.0,0.0,0.0,0.0,0.0,0.0,0.0,0.0,0.0,0.0,0.0,0.0,0.0,0.0,0.0,0.0,3.76,0.0,0.5006124464012214,1.0,0.0,0.0,2.39823100633198e-08,1.5627403386172744e-08,6.06095486379036e-09,2.2939518133566976e-09
9.437832159809373e-10,0.5297641385851176,0.0,3.006305148278829e-20,0.0,0.0,0.0,0.0,0.0,0.0,0.0,0.0,0.0,0.0,0.0,0.0,0.0,0.0,0.0,0.0,0.0,0.0,0.0,0.0,0.0,0.0,0.0,0.0,0.0,0.0,0.0,0.0,0.0,0.0,3.76,0.0,0.500612442388495,1.0,0.0,0.0,2.7995036376372415e-08,1.8285325315352562e-08,7.075258978345719e-09,2.6344520826741387e-09
9.999999999999999e-10,0.5297641389892148,0.0,3.1853767871408625e-20,0.0,0.0,0.0,0.0,0.0,0.0,0.0,0.0,0.0,0.0,0.0,0.0,0.0,0.0,0.0,0.0,0.0,0.0,0.0,0.0,0.0,0.0,0.0,0.0,0.0,0.0,0.0,0.0,0.0,0.0,3.76,0.0,0.5006124407209609,1.0,0.0,0.0,2.96625706578702e-08,1.9393197121200588e-08,7.49677886725283e-09,2.772594669416784e-09
1.0790623341925612e-09,0.5297641389892148,0.0,3.437220111215021e-20,0.0,0.0,0.0,0.0,0.0,0.0,0.0,0.0,0.0,0.0,0.0,0.0,0.0,0.0,0.0,0.0,0.0,0.0,0.0,0.0,0.0,0.0,0.0,0.0,0.0,0.0,0.0,0.0,0.0,0.0,3.76,0.0,0.5006124383757689,1.0,0.0,0.0,3.200776265726013e-08,2.0954535428070406e-08,8.089611120715916e-09,2.9636161084738075e-09
1.2143414524041852e-09,0.529764139393312,0.0,3.868135074151213e-20,0.0,0.0,0.0,0.0,0.0,0.0,0.0,0.0,0.0,0.0,0.0,0.0,0.0,0.0,0.0,0.0,0.0,0.0,0.0,0.0,0.0,0.0,0.0,0.0,0.0,0.0,0.0,0.0,0.0,0.0,3.76,0.0,0.5006124343630426,1.0,0.0,0.0,3.60204889059829e-08,2.3634657912944137e-08,9.104009691678197e-09,3.2818213013605613e-09
1.349620570615809e-09,0.5297641397974091,0.0,4.2990500370874047e-20,0.0,0.0,0.0,0.0,0.0,0.0,0.0,0.0,0.0,0.0,0.0,0.0,0.0,0.0,0.0,0.0,0.0,0.0,0.0,0.0,0.0,0.0,0.0,0.0,0.0,0.0,0.0,0.0,0.0,0.0,3.76,0.0,0.5006124303503163,1.0,0.0,0.0,4.003321512254067e-08,2.6325329463821224e-08,1.0118453145224392e-08,3.589432513495055e-09
1.6201788070390571e-09,0.5297641406056034,0.0,5.160879962959788e-20,0.0,0.0,0.0,0.0,0.0,0.0,0.0,0.0,0.0,0.0,0.0,0.0,0.0,0.0,0.0,0.0,0.0,0.0,0.0,0.0,0.0,0.0,0.0,0.0,0.0,0.0,0.0,0.0,0.0,0.0,3.76,0.0,0.500612422324864,1.0,0.0,0.0,4.805866745916112e-08,3.173692671487087e-08,1.2147468772107514e-08,4.174271972182745e-09
1.890737043462305e-09,0.5297641414137977,0.0,6.022709888832173e-20,0.0,0.0,0.0,0.0,0.0,0.0,0.0,0.0,0.0,0.0,0.0,0.0,0.0,0.0,0.0,0.0,0.0,0.0,0.0,0.0,0.0,0.0,0.0,0.0,0.0,0.0,0.0,0.0,0.0,0.0,3.76,0.0,0.5006124142994118,1.0,0.0,0.0,5.6084119667121226e-08,3.718665549646067e-08,1.4176646632313481e-08,4.720817538347068e-09
2.161295279885553e-09,0.529764142221992,0.0,6.884539814704555e-20,0.0,0.0,0.0,0.0,0.0,0.0,0.0,0.0,0.0,0.0,0.0,0.0,0.0,0.0,0.0,0.0,0.0,0.0,0.0,0.0,0.0,0.0,0.0,0.0,0.0,0.0,0.0,0.0,0.0,0.0,3.76,0.0,0.5006124062739598,1.0,0.0,0.0,6.410957174642071e-08,4.2672018988663294e-08,1.6205976100907957e-08,5.231576656849446e-09
2.431853516308801e-09,0.5297641430301862,0.0,7.746369740576939e-20,0.0,0.0,0.0,0.0,0.0,0.0,0.0,0.0,0.0,0.0,0.0,0.0,0.0,0.0,0.0,0.0,0.0,0.0,0.0,0.0,0.0,0.0,0.0,0.0,0.0,0.0,0.0,0.0,0.0,0.0,3.76,0.0,0.5006123982485078,1.0,0.0,0.0,7.213502369705934e-08,4.819068384917014e-08,1.8235447248617082e-08,5.708892599272113e-09
2.7024117527320486e-09,0.5297641438383803,0.0,8.608199666449321e-20,0.0,0.0,0.0,0.0,0.0,0.0,0.0,0.0,0.0,0.0,0.0,0.0,0.0,0.0,0.0,0.0,0.0,0.0,0.0,0.0,0.0,0.0,0.0,0.0,0.0,0.0,0.0,0.0,0.0,0.0,3.76,0.0,0.5006123902230559,1.0,0.0,0.0,8.016047551903696e-08,5.3740469563940465e-08,2.02650507965104e-08,6.154955158586114e-09
2.9729699891552965e-09,0.5297641446465745,0.0,9.470029592321706e-20,0.0,0.0,0.0,0.0,0.0,0.0,0.0,0.0,0.0,0.0,0.0,0.0,0.0,0.0,0.0,0.0,0.0,0.0,0.0,0.0,0.0,0.0,0.0,0.0,0.0,0.0,0.0,0.0,0.0,0.0,3.76,0.0,0.5006123821976042,1.0,0.0,0.0,8.818592721235339e-08,5.9319338429122685e-08,2.2294778073370008e-08,6.571810709860722e-09
3.2435282255785443e-09,0.5297641454547687,0.0,1.033185951819409e-19,0.0,0.0,0.0,0.0,0.0,0.0,0.0,0.0,0.0,0.0,0.0,0.0,0.0,0.0,0.0,0.0,0.0,0.0,0.0,0.0,0.0,0.0,0.0,0.0,0.0,0.0,0.0,0.0,0.0,0.0,3.76,0.0,0.5006123741721525,1.0,0.0,0.0,9.621137877700848e-08,6.492538616216815e-08,2.432462097573728e-08,6.9613716391030655e-09
3.514086462001792e-09,0.5297641462629629,0.0,1.1193689444066474e-19,0.0,0.0,0.0,0.0,0.0,0.0,0.0,0.0,0.0,0.0,0.0,0.0,0.0,0.0,0.0,0.0,0.0,0.0,0.0,0.0,0.0,0.0,0.0,0.0,0.0,0.0,0.0,0.0,0.0,0.0,3.76,0.0,0.5006123661467012,1.0,0.0,0.0,1.0423683021300207e-07,7.055683315194039e-08,2.6354571930678608e-08,7.325425130383089e-09
3.78464469842504e-09,0.5297641470711572,0.0,1.2055519369938856e-19,0.0,0.0,0.0,0.0,0.0,0.0,0.0,0.0,0.0,0.0,0.0,0.0,0.0,0.0,0.0,0.0,0.0,0.0,0.0,0.0,0.0,0.0,0.0,0.0,0.0,0.0,0.0,0.0,0.0,0.0,3.76,0.0,0.5006123581212499,1.0,0.0,0.0,1.1226228152033408e-07,7.621201630731497e-08,2.8384623861098146e-08,7.665641351920966e-09
4.055202934848289e-09,0.5297641478793511,0.0,1.291734929581124e-19,0.0,0.0,0.0,0.0,0.0,0.0,0.0,0.0,0.0,0.0,0.0,0.0,0.0,0.0,0.0,0.0,0.0,0.0,0.0,0.0,0.0,0.0,0.0,0.0,0.0,0.0,0.0,0.0,0.0,0.0,3.76,0.0,0.5006123500957987,1.0,0.0,0.0,1.2028773269900436e-07,8.188938143884535e-08,3.041477015331876e-08,7.983581106840264e-09
4.325761171271537e-09,0.5297641486875453,0.0,1.3779179221683624e-19,0.0,0.0,0.0,0.0,0.0,0.0,0.0,0.0,0.0,0.0,0.0,0.0,0.0,0.0,0.0,0.0,0.0,0.0,0.0,0.0,0.0,0.0,0.0,0.0,0.0,0.0,0.0,0.0,0.0,0.0,3.76,0.0,0.5006123420703477,1.0,0.0,0.0,1.2831318374901286e-07,8.758747612643409e-08,3.2445004626731296e-08,8.280702995847473e-09
4.596319407694785e-09,0.5297641494957394,0.0,1.4641009147556006e-19,0.0,0.0,0.0,0.0,0.0,0.0,0.0,0.0,0.0,0.0,0.0,0.0,0.0,0.0,0.0,0.0,0.0,0.0,0.0,0.0,0.0,0.0,0.0,0.0,0.0,0.0,0.0,0.0,0.0,0.0,3.76,0.0,0.5006123340448967,1.0,0.0,0.0,1.3633863467035946e-07,9.330494304924891e-08,3.447532150541067e-08,8.558370115699867e-09
4.866877644118033e-09,0.5297641503039336,0.0,1.5502839073428389e-19,0.0,0.0,0.0,0.0,0.0,0.0,0.0,0.0,0.0,0.0,0.0,0.0,0.0,0.0,0.0,0.0,0.0,0.0,0.0,0.0,0.0,0.0,0.0,0.0,0.0,0.0,0.0,0.0,0.0,0.0,3.76,0.0,0.5006123260194458,1.0,0.0,0.0,1.443640854630441e-07,9.904051375704392e-08,3.6505715391610616e-08,8.817856314389576e-09
5.137435880541282e-09,0.5297641511121276,0.0,1.636466899930077e-19,0.0,0.0,0.0,0.0,0.0,0.0,0.0,0.0,0.0,0.0,0.0,0.0,0.0,0.0,0.0,0.0,0.0,0.0,0.0,0.0,0.0,0.0,0.0,0.0,0.0,0.0,0.0,0.0,0.0,0.0,3.76,0.0,0.5006123179939953,1.0,0.0,0.0,1.5238953612706674e-07,1.0479300285371678e-07,3.853618124101229e-08,9.060352032337686e-09
5.40799411696453e-09,0.5297641519203218,0.0,1.7226498925173154e-19,0.0,0.0,0.0,0.0,0.0,0.0,0.0,0.0,0.0,0.0,0.0,0.0,0.0,0.0,0.0,0.0,0.0,0.0,0.0,0.0,0.0,0.0,0.0,0.0,0.0,0.0,0.0,0.0,0.0,0.0,3.76,0.0,0.5006123099685448,1.0,0.0,0.0,1.6041498666242736e-07,1.105613025611524e-07,4.056671433959142e-08,9.286969761683495e-09
5.678552353387778e-09,0.5297641527285158,0.0,1.8088328851045536e-19,0.0,0.0,0.0,0.0,0.0,0.0,0.0,0.0,0.0,0.0,0.0,0.0,0.0,0.0,0.0,0.0,0.0,0.0,0.0,0.0,0.0,0.0,0.0,0.0,0.0,0.0,0.0,0.0,0.0,0.0,3.76,0.0,0.5006123019430944,1.0,0.0,0.0,1.6844043706912584e-07,1.163443776365254e-07,4.2597310281989445e-08,9.498749150610969e-09
5.949110589811026e-09,0.5297641535367099,0.0,1.8950158776917919e-19,0.0,0.0,0.0,0.0,0.0,0.0,0.0,0.0,0.0,0.0,0.0,0.0,0.0,0.0,0.0,0.0,0.0,0.0,0.0,0.0,0.0,0.0,0.0,0.0,0.0,0.0,0.0,0.0,0.0,0.0,3.76,0.0,0.5006122939176441,1.0,0.0,0.0,1.7646588734716217e-07,1.221412606216548e-07,4.4627964951297677e-08,9.696661774209689e-09
6.2196688262342746e-09,0.5297641543449038,0.0,1.98119887027903e-19,0.0,0.0,0.0,0.0,0.0,0.0,0.0,0.0,0.0,0.0,0.0,0.0,0.0,0.0,0.0,0.0,0.0,0.0,0.0,0.0,0.0,0.0,0.0,0.0,0.0,0.0,0.0,0.0,0.0,0.0,3.76,0.0,0.5006122858921939,1.0,0.0,0.0,1.844913374965364e-07,1.2795104740437937e-07,4.6658674500169246e-08,9.881615591987694e-09
6.490227062657523e-09,0.5297641551530979,0.0,2.0673818628662684e-19,0.0,0.0,0.0,0.0,0.0,0.0,0.0,0.0,0.0,0.0,0.0,0.0,0.0,0.0,0.0,0.0,0.0,0.0,0.0,0.0,0.0,0.0,0.0,0.0,0.0,0.0,0.0,0.0,0.0,0.0,3.76,0.0,0.5006122778667438,1.0,0.0,0.0,1.9251678751724837e-07,1.3377289307134482e-07,4.868943533317109e-08,1.0054459112732428e-08
6.760785299080771e-09,0.529764155961292,0.0,2.1535648554535066e-19,0.0,0.0,0.0,0.0,0.0,0.0,0.0,0.0,0.0,0.0,0.0,0.0,0.0,0.0,0.0,0.0,0.0,0.0,0.0,0.0,0.0,0.0,0.0,0.0,0.0,0.0,0.0,0.0,0.0,0.0,3.76,0.0,0.500612269841294,1.0,0.0,0.0,2.0054223740929814e-07,1.3960600803217215e-07,5.072024409029079e-08,1.0215985286835173e-08
7.031343535504019e-09,0.529764156769486,0.0,2.239747848040745e-19,0.0,0.0,0.0,0.0,0.0,0.0,0.0,0.0,0.0,0.0,0.0,0.0,0.0,0.0,0.0,0.0,0.0,0.0,0.0,0.0,0.0,0.0,0.0,0.0,0.0,0.0,0.0,0.0,0.0,0.0,3.76,0.0,0.5006122618158443,1.0,0.0,0.0,2.0856768717268571e-07,1.454496543969359e-07,5.275109763152137e-08,1.0366935144228441e-08
7.3019017719272676e-09,0.5297641575776799,0.0,2.325930840627983e-19,0.0,0.0,0.0,0.0,0.0,0.0,0.0,0.0,0.0,0.0,0.0,0.0,0.0,0.0,0.0,0.0,0.0,0.0,0.0,0.0,0.0,0.0,0.0,0.0,0.0,0.0,0.0,0.0,0.0,0.0,3.76,0.0,0.5006122537903946,1.0,0.0,0.0,2.1659313680741105e-07,1.5130314259072499e-07,5.478199302245491e-08,1.0508001194231129e-08
7.572460008350515e-09,0.5297641583858739,0.0,2.4121138332152214e-19,0.0,0.0,0.0,0.0,0.0,0.0,0.0,0.0,0.0,0.0,0.0,0.0,0.0,0.0,0.0,0.0,0.0,0.0,0.0,0.0,0.0,0.0,0.0,0.0,0.0,0.0,0.0,0.0,0.0,0.0,3.76,0.0,0.5006122457649451,1.0,0.0,0.0,2.2461858631347415e-07,1.5716582819006877e-07,5.681292752082035e-08,1.0639830602584941e-08
7.843018244773763e-09,0.5297641591940679,0.0,2.4982968258024596e-19,0.0,0.0,0.0,0.0,0.0,0.0,0.0,0.0,0.0,0.0,0.0,0.0,0.0,0.0,0.0,0.0,0.0,0.0,0.0,0.0,0.0,0.0,0.0,0.0,0.0,0.0,0.0,0.0,0.0,0.0,3.76,0.0,0.5006122377394957,1.0,0.0,0.0,2.32644035690875e-07,1.6303710896664276e-07,5.884389856390328e-08,1.0763028160328918e-08
8.113576481197011e-09,0.5297641600022617,0.0,2.584479818389698e-19,0.0,0.0,0.0,0.0,0.0,0.0,0.0,0.0,0.0,0.0,0.0,0.0,0.0,0.0,0.0,0.0,0.0,0.0,0.0,0.0,0.0,0.0,0.0,0.0,0.0,0.0,0.0,0.0,0.0,0.0,3.76,0.0,0.5006122297140464,1.0,0.0,0.0,2.4066948493961363e-07,1.689164221245015e-07,6.087490375678929e-08,1.0878159058322794e-08
8.38413471762026e-09,0.5297641608104557,0.0,2.670662810976936e-19,0.0,0.0,0.0,0.0,0.0,0.0,0.0,0.0,0.0,0.0,0.0,0.0,0.0,0.0,0.0,0.0,0.0,0.0,0.0,0.0,0.0,0.0,0.0,0.0,0.0,0.0,0.0,0.0,0.0,0.0,3.76,0.0,0.5006122216885974,1.0,0.0,0.0,2.4869493405969e-07,1.7480324171812277e-07,6.290594086137678e-08,1.0985751480190371e-08
8.654692954043508e-09,0.5297641616186496,0.0,2.7568458035641744e-19,0.0,0.0,0.0,0.0,0.0,0.0,0.0,0.0,0.0,0.0,0.0,0.0,0.0,0.0,0.0,0.0,0.0,0.0,0.0,0.0,0.0,0.0,0.0,0.0,0.0,0.0,0.0,0.0,0.0,0.0,3.76,0.0,0.5006122136631485,1.0,0.0,0.0,2.567203830511041e-07,1.8069707623949635e-07,6.493700778610916e-08,1.108629902549856e-08
8.925251190466756e-09,0.5297641624268434,0.0,2.8430287961514126e-19,0.0,0.0,0.0,0.0,0.0,0.0,0.0,0.0,0.0,0.0,0.0,0.0,0.0,0.0,0.0,0.0,0.0,0.0,0.0,0.0,0.0,0.0,0.0,0.0,0.0,0.0,0.0,0.0,0.0,0.0,3.76,0.0,0.5006122056376996,1.0,0.0,0.0,2.6474583191385596e-07,1.865974663632428e-07,6.696810257637925e-08,1.1180262974233856e-08
9.195809426890004e-09,0.5297641632350375,0.0,2.929211788738651e-19,0.0,0.0,0.0,0.0,0.0,0.0,0.0,0.0,0.0,0.0,0.0,0.0,0.0,0.0,0.0,0.0,0.0,0.0,0.0,0.0,0.0,0.0,0.0,0.0,0.0,0.0,0.0,0.0,0.0,0.0,3.76,0.0,0.5006121976122508,1.0,0.0,0.0,2.727712806479456e-07,1.9250398283940012e-07,6.899922340556248e-08,1.1268074402983038e-08
9.466367663313253e-09,0.5297641640432312,0.0,3.015394781325889e-19,0.0,0.0,0.0,0.0,0.0,0.0,0.0,0.0,0.0,0.0,0.0,0.0,0.0,0.0,0.0,0.0,0.0,0.0,0.0,0.0,0.0,0.0,0.0,0.0,0.0,0.0,0.0,0.0,0.0,0.0,3.76,0.0,0.5006121895868022,1.0,0.0,0.0,2.807967292533731e-07,1.9841622452417415e-07,7.103036856663688e-08,1.1350136162562027e-08
9.736925899736501e-09,0.5297641648514253,0.0,3.1015777739131274e-19,0.0,0.0,0.0,0.0,0.0,0.0,0.0,0.0,0.0,0.0,0.0,0.0,0.0,0.0,0.0,0.0,0.0,0.0,0.0,0.0,0.0,0.0,0.0,0.0,0.0,0.0,0.0,0.0,0.0,0.0,3.76,0.0,0.5006121815613537,1.0,0.0,0.0,2.888221777301383e-07,2.043338165396152e-07,7.306153646435182e-08,1.142682472617128e-08
9.999999999999999e-09,0.5297641656596191,0.0,3.1853767871408586e-19,0.0,0.0,0.0,0.0,0.0,0.0,0.0,0.0,0.0,0.0,0.0,0.0,0.0,0.0,0.0,0.0,0.0,0.0,0.0,0.0,0.0,0.0,0.0,0.0,0.0,0.0,0.0,0.0,0.0,0.0,3.76,0.0,0.500612173757904,1.0,0.0,0.0,2.9662562748560515e-07,2.1009251451911678e-07,7.503653892429241e-08,1.1496574042195914e-08
1.000748413615975e-08,0.5297641656596191,0.0,3.1877607665003656e-19,0.0,0.0,0.0,0.0,0.0,0.0,0.0,0.0,0.0,0.0,0.0,0.0,0.0,0.0,0.0,0.0,0.0,0.0,0.0,0.0,0.0,0.0,0.0,0.0,0.0,0.0,0.0,0.0,0.0,0.0,3.76,0.0,0.5006121735359054,1.0,0.0,0.0,2.968476260782414e-07,2.102564085537915e-07,7.509272560790944e-08,1.1498491916540437e-08
1.0278042372582997e-08,0.529764166467813,0.0,3.273943759087604e-19,0.0,0.0,0.0,0.0,0.0,0.0,0.0,0.0,0.0,0.0,0.0,0.0,0.0,0.0,0.0,0.0,0.0,0.0,0.0,0.0,0.0,0.0,0.0,0.0,0.0,0.0,0.0,0.0,0.0,0.0,3.76,0.0,0.5006121655104572,1.0,0.0,0.0,3.048730742976823e-07,2.161836731735805e-07,7.712393460412539e-08,1.1565466519976365e-08
1.0548600609006246e-08,0.529764167276007,0.0,3.360126751674842e-19,0.0,0.0,0.0,0.0,0.0,0.0,0.0,0.0,0.0,0.0,0.0,0.0,0.0,0.0,0.0,0.0,0.0,0.0,0.0,0.0,0.0,0.0,0.0,0.0,0.0,0.0,0.0,0.0,0.0,0.0,3.76,0.0,0.5006121574850091,1.0,0.0,0.0,3.12898522388461e-07,2.2211530444270001e-07,7.915516215103737e-08,1.1628055794723522e-08
1.0819158845429494e-08,0.5297641680842007,0.0,3.4463097442620804e-19,0.0,0.0,0.0,0.0,0.0,0.0,0.0,0.0,0.0,0.0,0.0,0.0,0.0,0.0,0.0,0.0,0.0,0.0,0.0,0.0,0.0,0.0,0.0,0.0,0.0,0.0,0.0,0.0,0.0,0.0,3.76,0.0,0.5006121494595611,1.0,0.0,0.0,3.209239703505775e-07,2.280510164380822e-07,8.118640703193217e-08,1.1686546880563142e-08
1.1089717081852742e-08,0.5297641688923944,0.0,3.5324927368493186e-19,0.0,0.0,0.0,0.0,0.0,0.0,0.0,0.0,0.0,0.0,0.0,0.0,0.0,0.0,0.0,0.0,0.0,0.0,0.0,0.0,0.0,0.0,0.0,0.0,0.0,0.0,0.0,0.0,0.0,0.0,3.76,0.0,0.5006121414341133,1.0,0.0,0.0,3.28949418184032e-07,2.3399054195814956e-07,8.321766810976374e-08,1.1741208116118571e-08
1.136027531827599e-08,0.5297641697005883,0.0,3.618675729436557e-19,0.0,0.0,0.0,0.0,0.0,0.0,0.0,0.0,0.0,0.0,0.0,0.0,0.0,0.0,0.0,0.0,0.0,0.0,0.0,0.0,0.0,0.0,0.0,0.0,0.0,0.0,0.0,0.0,0.0,0.0,3.76,0.0,0.5006121334086655,1.0,0.0,0.0,3.369748658888243e-07,2.3993363129698033e-07,8.524894432193682e-08,1.1792290269907064e-08
1.1630833554699239e-08,0.529764170508782,0.0,3.704858722023795e-19,0.0,0.0,0.0,0.0,0.0,0.0,0.0,0.0,0.0,0.0,0.0,0.0,0.0,0.0,0.0,0.0,0.0,0.0,0.0,0.0,0.0,0.0,0.0,0.0,0.0,0.0,0.0,0.0,0.0,0.0,3.76,0.0,0.5006121253832179,1.0,0.0,0.0,3.4500031346495444e-07,2.458800510987382e-07,8.72802346754321e-08,1.1840027690783958e-08
1.1901391791122487e-08,0.5297641713169757,0.0,3.7910417146110333e-19,0.0,0.0,0.0,0.0,0.0,0.0,0.0,0.0,0.0,0.0,0.0,0.0,0.0,0.0,0.0,0.0,0.0,0.0,0.0,0.0,0.0,0.0,0.0,0.0,0.0,0.0,0.0,0.0,0.0,0.0,3.76,0.0,0.5006121173577706,1.0,0.0,0.0,3.5302576091242247e-07,2.5182958328711375e-07,8.931153824225049e-08,1.188463938305818e-08
1.2171950027545735e-08,0.5297641721251696,0.0,3.8772247071982716e-19,0.0,0.0,0.0,0.0,0.0,0.0,0.0,0.0,0.0,0.0,0.0,0.0,0.0,0.0,0.0,0.0,0.0,0.0,0.0,0.0,0.0,0.0,0.0,0.0,0.0,0.0,0.0,0.0,0.0,0.0,3.76,0.0,0.5006121093323233,1.0,0.0,0.0,3.610512082312285e-07,2.577820240648599e-07,9.134285415515596e-08,1.192633001121249e-08
1.2442508263968983e-08,0.5297641729333633,0.0,3.96340769978551e-19,0.0,0.0,0.0,0.0,0.0,0.0,0.0,0.0,0.0,0.0,0.0,0.0,0.0,0.0,0.0,0.0,0.0,0.0,0.0,0.0,0.0,0.0,0.0,0.0,0.0,0.0,0.0,0.0,0.0,0.0,3.76,0.0,0.5006121013068761,1.0,0.0,0.0,3.6907665542137243e-07,2.637371829788378e-07,9.337418160369673e-08,1.1965290838837837e-08
1.298362473681548e-08,0.5297641745497508,0.0,4.1357736849599863e-19,0.0,0.0,0.0,0.0,0.0,0.0,0.0,0.0,0.0,0.0,0.0,0.0,0.0,0.0,0.0,0.0,0.0,0.0,0.0,0.0,0.0,0.0,0.0,0.0,0.0,0.0,0.0,0.0,0.0,0.0,3.76,0.0,0.500612085255982,1.0,0.0,0.0,3.851275494156741e-07,2.756549550859082e-07,9.743686812836203e-08,1.2035726201403765e-08
1.3470629562377326e-08,0.5297641760044994,0.0,4.290903071617015e-19,0.0,0.0,0.0,0.0,0.0,0.0,0.0,0.0,0.0,0.0,0.0,0.0,0.0,0.0,0.0,0.0,0.0,0.0,0.0,0.0,0.0,0.0,0.0,0.0,0.0,0.0,0.0,0.0,0.0,0.0,3.76,0.0,0.500612070810178,1.0,0.0,0.0,3.995733535705215e-07,2.8638857894773065e-07,1.0109331835844663e-07,1.2091456264344074e-08
1.3957634387939172e-08,0.5297641774592481,0.0,4.446032458274045e-19,0.0,0.0,0.0,0.0,0.0,0.0,0.0,0.0,0.0,0.0,0.0,0.0,0.0,0.0,0.0,0.0,0.0,0.0,0.0,0.0,0.0,0.0,0.0,0.0,0.0,0.0,0.0,0.0,0.0,0.0,3.76,0.0,0.5006120563643743,1.0,0.0,0.0,4.140191573085039e-07,2.9712857103308486e-07,1.0474979558706795e-07,1.2140790688351016e-08
1.4444639213501017e-08,0.5297641789139966,0.0,4.601161844931074e-19,0.0,0.0,0.0,0.0,0.0,0.0,0.0,0.0,0.0,0.0,0.0,0.0,0.0,0.0,0.0,0.0,0.0,0.0,0.0,0.0,0.0,0.0,0.0,0.0,0.0,0.0,0.0,0.0,0.0,0.0,3.76,0.0,0.5006120419185709,1.0,0.0,0.0,4.284649606296215e-07,3.078742003826384e-07,1.0840629670371141e-07,1.2184463543271575e-08
1.4931644039062863e-08,0.5297641803687452,0.0,4.756291231588102e-19,0.0,0.0,0.0,0.0,0.0,0.0,0.0,0.0,0.0,0.0,0.0,0.0,0.0,0.0,0.0,0.0,0.0,0.0,0.0,0.0,0.0,0.0,0.0,0.0,0.0,0.0,0.0,0.0,0.0,0.0,3.76,0.0,0.500612027472768,1.0,0.0,0.0,4.429107635338744e-07,3.1862481999940564e-07,1.120628189551546e-07,1.2223124579314024e-08
1.541864886462471e-08,0.5297641818234936,0.0,4.911420618245131e-19,0.0,0.0,0.0,0.0,0.0,0.0,0.0,0.0,0.0,0.0,0.0,0.0,0.0,0.0,0.0,0.0,0.0,0.0,0.0,0.0,0.0,0.0,0.0,0.0,0.0,0.0,0.0,0.0,0.0,0.0,3.76,0.0,0.5006120130269656,1.0,0.0,0.0,4.573565660212626e-07,3.293798571755559e-07,1.1571935990430426e-07,1.2257348941402359e-08
1.5905653690186558e-08,0.529764183278242,0.0,5.06655000490216e-19,0.0,0.0,0.0,0.0,0.0,0.0,0.0,0.0,0.0,0.0,0.0,0.0,0.0,0.0,0.0,0.0,0.0,0.0,0.0,0.0,0.0,0.0,0.0,0.0,0.0,0.0,0.0,0.0,0.0,0.0,3.76,0.0,0.5006119985811636,1.0,0.0,0.0,4.718023680917862e-07,3.40138804939676e-07,1.1937591739380093e-07,1.228764575830917e-08
1.6392658515748406e-08,0.5297641847329906,0.0,5.221679391559189e-19,0.0,0.0,0.0,0.0,0.0,0.0,0.0,0.0,0.0,0.0,0.0,0.0,0.0,0.0,0.0,0.0,0.0,0.0,0.0,0.0,0.0,0.0,0.0,0.0,0.0,0.0,0.0,0.0,0.0,0.0,3.76,0.0,0.5006119841353618,1.0,0.0,0.0,4.862481697454454e-07,3.50901214483855e-07,1.2303248951379347e-07,1.2314465747796785e-08
1.6879663341310253e-08,0.5297641861877389,0.0,5.376808778216217e-19,0.0,0.0,0.0,0.0,0.0,0.0,0.0,0.0,0.0,0.0,0.0,0.0,0.0,0.0,0.0,0.0,0.0,0.0,0.0,0.0,0.0,0.0,0.0,0.0,0.0,0.0,0.0,0.0,0.0,0.0,3.76,0.0,0.5006119696895606,1.0,0.0,0.0,5.0069397098224e-07,3.6166668849630655e-07,1.2668907457356644e-07,1.2338207912366846e-08
1.73666681668721e-08,0.5297641876424873,0.0,5.531938164873246e-19,0.0,0.0,0.0,0.0,0.0,0.0,0.0,0.0,0.0,0.0,0.0,0.0,0.0,0.0,0.0,0.0,0.0,0.0,0.0,0.0,0.0,0.0,0.0,0.0,0.0,0.0,0.0,0.0,0.0,0.0,3.76,0.0,0.5006119552437598,1.0,0.0,0.0,5.151397718021701e-07,3.724348752630224e-07,1.3034567107644085e-07,1.2359225462706771e-08
1.7853672992433948e-08,0.5297641890972355,0.0,5.687067551530275e-19,0.0,0.0,0.0,0.0,0.0,0.0,0.0,0.0,0.0,0.0,0.0,0.0,0.0,0.0,0.0,0.0,0.0,0.0,0.0,0.0,0.0,0.0,0.0,0.0,0.0,0.0,0.0,0.0,0.0,0.0,3.76,0.0,0.5006119407979595,1.0,0.0,0.0,5.295855722052359e-07,3.8320546343974346e-07,1.3400227769752648e-07,1.2377831067965966e-08
1.8340677817995796e-08,0.5297641905519838,0.0,5.842196938187304e-19,0.0,0.0,0.0,0.0,0.0,0.0,0.0,0.0,0.0,0.0,0.0,0.0,0.0,0.0,0.0,0.0,0.0,0.0,0.0,0.0,0.0,0.0,0.0,0.0,0.0,0.0,0.0,0.0,0.0,0.0,3.76,0.0,0.5006119263521593,1.0,0.0,0.0,5.440313721914376e-07,3.9397817741425257e-07,1.3765889326398664e-07,1.2394301513198234e-08
1.8827682643557643e-08,0.5297641920067319,0.0,5.997326324844332e-19,0.0,0.0,0.0,0.0,0.0,0.0,0.0,0.0,0.0,0.0,0.0,0.0,0.0,0.0,0.0,0.0,0.0,0.0,0.0,0.0,0.0,0.0,0.0,0.0,0.0,0.0,0.0,0.0,0.0,0.0,3.76,0.0,0.5006119119063598,1.0,0.0,0.0,5.584771717607747e-07,4.047527732008464e-07,1.4131551673756793e-07,1.2408881822360461e-08
1.931468746911949e-08,0.5297641934614802,0.0,6.152455711501361e-19,0.0,0.0,0.0,0.0,0.0,0.0,0.0,0.0,0.0,0.0,0.0,0.0,0.0,0.0,0.0,0.0,0.0,0.0,0.0,0.0,0.0,0.0,0.0,0.0,0.0,0.0,0.0,0.0,0.0,0.0,3.76,0.0,0.5006118974605607,1.0,0.0,0.0,5.729229709132477e-07,4.155290348101874e-07,1.4497214719915215e-07,1.2421788903908254e-08
1.9801692294681338e-08,0.5297641949162282,0.0,6.30758509815839e-19,0.0,0.0,0.0,0.0,0.0,0.0,0.0,0.0,0.0,0.0,0.0,0.0,0.0,0.0,0.0,0.0,0.0,0.0,0.0,0.0,0.0,0.0,0.0,0.0,0.0,0.0,0.0,0.0,0.0,0.0,3.76,0.0,0.500611883014762,1.0,0.0,0.0,5.873687696488567e-07,4.263067710387789e-07,1.486287838350945e-07,1.2433214774983416e-08
2.0288697120243186e-08,0.5297641963709763,0.0,6.462714484815419e-19,0.0,0.0,0.0,0.0,0.0,0.0,0.0,0.0,0.0,0.0,0.0,0.0,0.0,0.0,0.0,0.0,0.0,0.0,0.0,0.0,0.0,0.0,0.0,0.0,0.0,0.0,0.0,0.0,0.0,0.0,3.76,0.0,0.5006118685689636,1.0,0.0,0.0,6.018145679676015e-07,4.370858126262928e-07,1.5228542592512676e-07,1.2443329416182146e-08
2.0775701945805033e-08,0.5297641978257244,0.0,6.617843871472447e-19,0.0,0.0,0.0,0.0,0.0,0.0,0.0,0.0,0.0,0.0,0.0,0.0,0.0,0.0,0.0,0.0,0.0,0.0,0.0,0.0,0.0,0.0,0.0,0.0,0.0,0.0,0.0,0.0,0.0,0.0,3.76,0.0,0.5006118541231657,1.0,0.0,0.0,6.162603658694822e-07,4.4786600973728186e-07,1.5594207283164125e-07,1.2452283300559272e-08
2.126270677136688e-08,0.5297641992804722,0.0,6.772973258129476e-19,0.0,0.0,0.0,0.0,0.0,0.0,0.0,0.0,0.0,0.0,0.0,0.0,0.0,0.0,0.0,0.0,0.0,0.0,0.0,0.0,0.0,0.0,0.0,0.0,0.0,0.0,0.0,0.0,0.0,0.0,3.76,0.0,0.5006118396773682,1.0,0.0,0.0,6.30706163354499e-07,4.5864722973104825e-07,1.595987239902005e-07,1.246020963325035e-08
2.1749711596928728e-08,0.5297642007352202,0.0,6.928102644786505e-19,0.0,0.0,0.0,0.0,0.0,0.0,0.0,0.0,0.0,0.0,0.0,0.0,0.0,0.0,0.0,0.0,0.0,0.0,0.0,0.0,0.0,0.0,0.0,0.0,0.0,0.0,0.0,0.0,0.0,0.0,3.76,0.0,0.5006118252315712,1.0,0.0,0.0,6.451519604226518e-07,4.6942935518791233e-07,1.6325537890113827e-07,1.2467226333601239e-08
2.2236716422490576e-08,0.5297642021899682,0.0,7.083232031443534e-19,0.0,0.0,0.0,0.0,0.0,0.0,0.0,0.0,0.0,0.0,0.0,0.0,0.0,0.0,0.0,0.0,0.0,0.0,0.0,0.0,0.0,0.0,0.0,0.0,0.0,0.0,0.0,0.0,0.0,0.0,3.76,0.0,0.5006118107857744,1.0,0.0,0.0,6.595977570739405e-07,4.802122821626945e-07,1.6691203712212773e-07,1.2473437789118399e-08
2.2723721248052423e-08,0.529764203644716,0.0,7.238361418100562e-19,0.0,0.0,0.0,0.0,0.0,0.0,0.0,0.0,0.0,0.0,0.0,0.0,0.0,0.0,0.0,0.0,0.0,0.0,0.0,0.0,0.0,0.0,0.0,0.0,0.0,0.0,0.0,0.0,0.0,0.0,3.76,0.0,0.5006117963399782,1.0,0.0,0.0,6.740435533083652e-07,4.909959186388033e-07,1.7056869826160267e-07,1.2478936407959471e-08
2.321072607361427e-08,0.5297642050994639,0.0,7.393490804757591e-19,0.0,0.0,0.0,0.0,0.0,0.0,0.0,0.0,0.0,0.0,0.0,0.0,0.0,0.0,0.0,0.0,0.0,0.0,0.0,0.0,0.0,0.0,0.0,0.0,0.0,0.0,0.0,0.0,0.0,0.0,3.76,0.0,0.5006117818941824,1.0,0.0,0.0,6.884893491259262e-07,5.017801831594619e-07,1.7422536197293299e-07,1.248380399353148e-08
2.3697730899176118e-08,0.5297642065542115,0.0,7.54862019141462e-19,0.0,0.0,0.0,0.0,0.0,0.0,0.0,0.0,0.0,0.0,0.0,0.0,0.0,0.0,0.0,0.0,0.0,0.0,0.0,0.0,0.0,0.0,0.0,0.0,0.0,0.0,0.0,0.0,0.0,0.0,3.76,0.0,0.5006117674483871,1.0,0.0,0.0,7.029351445266232e-07,5.12565003615759e-07,1.7788202794926744e-07,1.2488112961596996e-08
2.4184735724737966e-08,0.5297642080089594,0.0,7.703749578071649e-19,0.0,0.0,0.0,0.0,0.0,0.0,0.0,0.0,0.0,0.0,0.0,0.0,0.0,0.0,0.0,0.0,0.0,0.0,0.0,0.0,0.0,0.0,0.0,0.0,0.0,0.0,0.0,0.0,0.0,0.0,3.76,0.0,0.500611753002592,1.0,0.0,0.0,7.173809395104566e-07,5.233503161737686e-07,1.8153869591896788e-07,1.249192741772016e-08
2.4671740550299813e-08,0.5297642094637071,0.0,7.858878964728677e-19,0.0,0.0,0.0,0.0,0.0,0.0,0.0,0.0,0.0,0.0,0.0,0.0,0.0,0.0,0.0,0.0,0.0,0.0,0.0,0.0,0.0,0.0,0.0,0.0,0.0,0.0,0.0,0.0,0.0,0.0,3.76,0.0,0.5006117385567974,1.0,0.0,0.0,7.318267340774259e-07,5.341360643249152e-07,1.8519536564156855e-07,1.2495304110942251e-08
2.515874537586166e-08,0.5297642109184547,0.0,8.014008351385706e-19,0.0,0.0,0.0,0.0,0.0,0.0,0.0,0.0,0.0,0.0,0.0,0.0,0.0,0.0,0.0,0.0,0.0,0.0,0.0,0.0,0.0,0.0,0.0,0.0,0.0,0.0,0.0,0.0,0.0,0.0,3.76,0.0,0.5006117241110033,1.0,0.0,0.0,7.462725282275315e-07,5.449221980453982e-07,1.8885203690419886e-07,1.2498293277934522e-08
2.5645750201423508e-08,0.5297642123732024,0.0,8.169137738042735e-19,0.0,0.0,0.0,0.0,0.0,0.0,0.0,0.0,0.0,0.0,0.0,0.0,0.0,0.0,0.0,0.0,0.0,0.0,0.0,0.0,0.0,0.0,0.0,0.0,0.0,0.0,0.0,0.0,0.0,0.0,3.76,0.0,0.5006117096652096,1.0,0.0,0.0,7.607183219607733e-07,5.557086730520617e-07,1.925087095184168e-07,1.2500939390295068e-08
2.6132755026985356e-08,0.52976421382795,0.0,8.324267124699764e-19,0.0,0.0,0.0,0.0,0.0,0.0,0.0,0.0,0.0,0.0,0.0,0.0,0.0,0.0,0.0,0.0,0.0,0.0,0.0,0.0,0.0,0.0,0.0,0.0,0.0,0.0,0.0,0.0,0.0,0.0,3.76,0.0,0.5006116952194162,1.0,0.0,0.0,7.751641152771514e-07,5.664954501436057e-07,1.9616538331740571e-07,1.2503281816140218e-08
2.6619759852547203e-08,0.5297642152826976,0.0,8.479396511356792e-19,0.0,0.0,0.0,0.0,0.0,0.0,0.0,0.0,0.0,0.0,0.0,0.0,0.0,0.0,0.0,0.0,0.0,0.0,0.0,0.0,0.0,0.0,0.0,0.0,0.0,0.0,0.0,0.0,0.0,0.0,3.76,0.0,0.5006116807736233,1.0,0.0,0.0,7.896099081766657e-07,5.77282494617378e-07,1.9982205815349232e-07,1.2505355405795783e-08
2.710676467810905e-08,0.529764216737445,0.0,8.634525898013821e-19,0.0,0.0,0.0,0.0,0.0,0.0,0.0,0.0,0.0,0.0,0.0,0.0,0.0,0.0,0.0,0.0,0.0,0.0,0.0,0.0,0.0,0.0,0.0,0.0,0.0,0.0,0.0,0.0,0.0,0.0,3.76,0.0,0.5006116663278308,1.0,0.0,0.0,8.040557006593165e-07,5.880697757531048e-07,2.0347873389595006e-07,1.250719101026179e-08
2.8080774329232742e-08,0.5297642196469398,0.0,8.94478467132788e-19,0.0,0.0,0.0,0.0,0.0,0.0,0.0,0.0,0.0,0.0,0.0,0.0,0.0,0.0,0.0,0.0,0.0,0.0,0.0,0.0,0.0,0.0,0.0,0.0,0.0,0.0,0.0,0.0,0.0,0.0,3.76,0.0,0.500611637436247,1.0,0.0,0.0,8.329472843740269e-07,6.096449424813654e-07,2.1079208765091202e-07,1.2510254241749626e-08
2.8957383015244067e-08,0.529764222265485,0.0,9.224017567310532e-19,0.0,0.0,0.0,0.0,0.0,0.0,0.0,0.0,0.0,0.0,0.0,0.0,0.0,0.0,0.0,0.0,0.0,0.0,0.0,0.0,0.0,0.0,0.0,0.0,0.0,0.0,0.0,0.0,0.0,0.0,3.76,0.0,0.5006116114338233,1.0,0.0,0.0,8.589497082915925e-07,6.290631602191171e-07,2.173741081016333e-07,1.2512439970842143e-08
2.983399170125539e-08,0.5297642248840301,0.0,9.503250463293185e-19,0.0,0.0,0.0,0.0,0.0,0.0,0.0,0.0,0.0,0.0,0.0,0.0,0.0,0.0,0.0,0.0,0.0,0.0,0.0,0.0,0.0,0.0,0.0,0.0,0.0,0.0,0.0,0.0,0.0,0.0,3.76,0.0,0.5006115854314007,1.0,0.0,0.0,8.849521308585201e-07,6.484818058598876e-07,2.2395613004692432e-07,1.2514194951708188e-08
3.0710600387266714e-08,0.529764227502575,0.0,9.782483359275838e-19,0.0,0.0,0.0,0.0,0.0,0.0,0.0,0.0,0.0,0.0,0.0,0.0,0.0,0.0,0.0,0.0,0.0,0.0,0.0,0.0,0.0,0.0,0.0,0.0,0.0,0.0,0.0,0.0,0.0,0.0,3.76,0.0,0.5006115594289795,1.0,0.0,0.0,9.109545520748097e-07,6.679007947997644e-07,2.3053815312676274e-07,1.2515604148282468e-08
3.158720907327804e-08,0.5297642301211197,0.0,1.006171625525849e-18,0.0,0.0,0.0,0.0,0.0,0.0,0.0,0.0,0.0,0.0,0.0,0.0,0.0,0.0,0.0,0.0,0.0,0.0,0.0,0.0,0.0,0.0,0.0,0.0,0.0,0.0,0.0,0.0,0.0,0.0,3.76,0.0,0.5006115334265596,1.0,0.0,0.0,9.369569719404612e-07,6.873200591801242e-07,2.371201770523838e-07,1.2516735707953316e-08
3.2463817759289363e-08,0.5297642327396646,0.0,1.0340949151241143e-18,0.0,0.0,0.0,0.0,0.0,0.0,0.0,0.0,0.0,0.0,0.0,0.0,0.0,0.0,0.0,0.0,0.0,0.0,0.0,0.0,0.0,0.0,0.0,0.0,0.0,0.0,0.0,0.0,0.0,0.0,3.76,0.0,0.5006115074241411,1.0,0.0,0.0,9.629593904554748e-07,7.067395445529878e-07,2.4370220159209036e-07,1.2517644310396845e-08
3.334042644530069e-08,0.529764235358209,0.0,1.0620182047223796e-18,0.0,0.0,0.0,0.0,0.0,0.0,0.0,0.0,0.0,0.0,0.0,0.0,0.0,0.0,0.0,0.0,0.0,0.0,0.0,0.0,0.0,0.0,0.0,0.0,0.0,0.0,0.0,0.0,0.0,0.0,3.76,0.0,0.5006114814217238,1.0,0.0,0.0,9.88961807619851e-07,7.261592072038789e-07,2.502842265598604e-07,1.2518373856111805e-08
3.421703513131201e-08,0.5297642379767534,0.0,1.0899414943206449e-18,0.0,0.0,0.0,0.0,0.0,0.0,0.0,0.0,0.0,0.0,0.0,0.0,0.0,0.0,0.0,0.0,0.0,0.0,0.0,0.0,0.0,0.0,0.0,0.0,0.0,0.0,0.0,0.0,0.0,0.0,3.76,0.0,0.500611455419308,1.0,0.0,0.0,1.0149642234335895e-06,7.455790120107032e-07,2.568662518062359e-07,1.25189596166503e-08
3.509364381732334e-08,0.5297642405952978,0.0,1.1178647839189101e-18,0.0,0.0,0.0,0.0,0.0,0.0,0.0,0.0,0.0,0.0,0.0,0.0,0.0,0.0,0.0,0.0,0.0,0.0,0.0,0.0,0.0,0.0,0.0,0.0,0.0,0.0,0.0,0.0,0.0,0.0,3.76,0.0,0.5006114294168936,1.0,0.0,0.0,1.0409666378966903e-06,7.649989307608837e-07,2.634482772111615e-07,1.2519429924645192e-08
3.597025250333466e-08,0.5297642432138419,0.0,1.1457880735171754e-18,0.0,0.0,0.0,0.0,0.0,0.0,0.0,0.0,0.0,0.0,0.0,0.0,0.0,0.0,0.0,0.0,0.0,0.0,0.0,0.0,0.0,0.0,0.0,0.0,0.0,0.0,0.0,0.0,0.0,0.0,3.76,0.0,0.5006114034144805,1.0,0.0,0.0,1.0669690510091534e-06,7.84418940804032e-07,2.700303026782508e-07,1.2519807526870799e-08
3.684686118934599e-08,0.5297642458323859,0.0,1.1737113631154407e-18,0.0,0.0,0.0,0.0,0.0,0.0,0.0,0.0,0.0,0.0,0.0,0.0,0.0,0.0,0.0,0.0,0.0,0.0,0.0,0.0,0.0,0.0,0.0,0.0,0.0,0.0,0.0,0.0,0.0,0.0,3.76,0.0,0.5006113774120687,1.0,0.0,0.0,1.0929714627709795e-06,8.038390239599942e-07,2.766123281301406e-07,1.2520110680844745e-08
3.772346987535731e-08,0.5297642484509296,0.0,1.201634652713706e-18,0.0,0.0,0.0,0.0,0.0,0.0,0.0,0.0,0.0,0.0,0.0,0.0,0.0,0.0,0.0,0.0,0.0,0.0,0.0,0.0,0.0,0.0,0.0,0.0,0.0,0.0,0.0,0.0,0.0,0.0,3.76,0.0,0.5006113514096583,1.0,0.0,0.0,1.118973873182168e-06,8.232591656318598e-07,2.8319435350471506e-07,1.2520354045593303e-08
3.860007856136864e-08,0.5297642510694734,0.0,1.2295579423119712e-18,0.0,0.0,0.0,0.0,0.0,0.0,0.0,0.0,0.0,0.0,0.0,0.0,0.0,0.0,0.0,0.0,0.0,0.0,0.0,0.0,0.0,0.0,0.0,0.0,0.0,0.0,0.0,0.0,0.0,0.0,3.76,0.0,0.5006113254072492,1.0,0.0,0.0,1.1449762822427196e-06,8.426793540946368e-07,2.897763787520802e-07,1.252054939600243e-08
3.947668724737996e-08,0.529764253688017,0.0,1.2574812319102365e-18,0.0,0.0,0.0,0.0,0.0,0.0,0.0,0.0,0.0,0.0,0.0,0.0,0.0,0.0,0.0,0.0,0.0,0.0,0.0,0.0,0.0,0.0,0.0,0.0,0.0,0.0,0.0,0.0,0.0,0.0,3.76,0.0,0.5006112994048414,1.0,0.0,0.0,1.1709786899526338e-06,8.620995799295964e-07,2.963584038321553e-07,1.2520706190881946e-08
4.035329593339129e-08,0.5297642563065604,0.0,1.2854045215085018e-18,0.0,0.0,0.0,0.0,0.0,0.0,0.0,0.0,0.0,0.0,0.0,0.0,0.0,0.0,0.0,0.0,0.0,0.0,0.0,0.0,0.0,0.0,0.0,0.0,0.0,0.0,0.0,0.0,0.0,0.0,3.76,0.0,0.5006112734024352,1.0,0.0,0.0,1.1969810963119107e-06,8.815198355730419e-07,3.0294042871275425e-07,1.2520832026114778e-08
4.122990461940261e-08,0.5297642589251038,0.0,1.313327811106767e-18,0.0,0.0,0.0,0.0,0.0,0.0,0.0,0.0,0.0,0.0,0.0,0.0,0.0,0.0,0.0,0.0,0.0,0.0,0.0,0.0,0.0,0.0,0.0,0.0,0.0,0.0,0.0,0.0,0.0,0.0,3.76,0.0,0.5006112474000302,1.0,0.0,0.0,1.2229835013205507e-06,9.009401149526554e-07,3.095224533680367e-07,1.2520932999858653e-08
4.2106513305413937e-08,0.529764261543647,0.0,1.3412511007050323e-18,0.0,0.0,0.0,0.0,0.0,0.0,0.0,0.0,0.0,0.0,0.0,0.0,0.0,0.0,0.0,0.0,0.0,0.0,0.0,0.0,0.0,0.0,0.0,0.0,0.0,0.0,0.0,0.0,0.0,0.0,3.76,0.0,0.5006112213976265,1.0,0.0,0.0,1.2489859049785536e-06,9.203604131931551e-07,3.1610447777725683e-07,1.2521014008141998e-08
4.298312199142526e-08,0.5297642641621901,0.0,1.3691743903032976e-18,0.0,0.0,0.0,0.0,0.0,0.0,0.0,0.0,0.0,0.0,0.0,0.0,0.0,0.0,0.0,0.0,0.0,0.0,0.0,0.0,0.0,0.0,0.0,0.0,0.0,0.0,0.0,0.0,0.0,0.0,3.76,0.0,0.5006111953952241,1.0,0.0,0.0,1.27498830728592e-06,9.397807263792513e-07,3.226865019237532e-07,1.2521078982915447e-08
4.473633936344791e-08,0.5297642693992757,0.0,1.4250209694998281e-18,0.0,0.0,0.0,0.0,0.0,0.0,0.0,0.0,0.0,0.0,0.0,0.0,0.0,0.0,0.0,0.0,0.0,0.0,0.0,0.0,0.0,0.0,0.0,0.0,0.0,0.0,0.0,0.0,0.0,0.0,3.76,0.0,0.5006111433904236,1.0,0.0,0.0,1.3269931078487419e-06,9.78621385721978e-07,3.3585054937808e-07,1.2521172748683936e-08
4.648955673547056e-08,0.5297642746363609,0.0,1.4808675486963587e-18,0.0,0.0,0.0,0.0,0.0,0.0,0.0,0.0,0.0,0.0,0.0,0.0,0.0,0.0,0.0,0.0,0.0,0.0,0.0,0.0,0.0,0.0,0.0,0.0,0.0,0.0,0.0,0.0,0.0,0.0,3.76,0.0,0.5006110913856284,1.0,0.0,0.0,1.378997903009017e-06,1.0174620745281344e-06,3.4901459565249374e-07,1.2521232828389154e-08
4.824277410749321e-08,0.5297642798734454,0.0,1.5367141278928894e-18,0.0,0.0,0.0,0.0,0.0,0.0,0.0,0.0,0.0,0.0,0.0,0.0,0.0,0.0,0.0,0.0,0.0,0.0,0.0,0.0,0.0,0.0,0.0,0.0,0.0,0.0,0.0,0.0,0.0,0.0,3.76,0.0,0.5006110393808387,1.0,0.0,0.0,1.431002692766746e-06,1.0563027807952353e-06,3.621786406959195e-07,1.2521271275591783e-08
4.999599147951586e-08,0.5297642851105295,0.0,1.5925607070894198e-18,0.0,0.0,0.0,0.0,0.0,0.0,0.0,0.0,0.0,0.0,0.0,0.0,0.0,0.0,0.0,0.0,0.0,0.0,0.0,0.0,0.0,0.0,0.0,0.0,0.0,0.0,0.0,0.0,0.0,0.0,3.76,0.0,0.5006109873760543,1.0,0.0,0.0,1.48300747712193e-06,1.0951434967842694e-06,3.7534268447542474e-07,1.2521295862235997e-08
5.174920885153851e-08,0.529764290347613,0.0,1.6484072862859503e-18,0.0,0.0,0.0,0.0,0.0,0.0,0.0,0.0,0.0,0.0,0.0,0.0,0.0,0.0,0.0,0.0,0.0,0.0,0.0,0.0,0.0,0.0,0.0,0.0,0.0,0.0,0.0,0.0,0.0,0.0,3.76,0.0,0.5006109353712753,1.0,0.0,0.0,1.5350122560745684e-06,1.1339842175896968e-06,3.8850672697013464e-07,1.252131151473734e-08
5.350242622356116e-08,0.5297642955846958,0.0,1.7042538654824808e-18,0.0,0.0,0.0,0.0,0.0,0.0,0.0,0.0,0.0,0.0,0.0,0.0,0.0,0.0,0.0,0.0,0.0,0.0,0.0,0.0,0.0,0.0,0.0,0.0,0.0,0.0,0.0,0.0,0.0,0.0,3.76,0.0,0.5006108833665018,1.0,0.0,0.0,1.5870170296246627e-06,1.172824940099303e-06,4.01670768166806e-07,1.2521321358553824e-08
5.525564359558381e-08,0.5297643008217783,0.0,1.7601004446790114e-18,0.0,0.0,0.0,0.0,0.0,0.0,0.0,0.0,0.0,0.0,0.0,0.0,0.0,0.0,0.0,0.0,0.0,0.0,0.0,0.0,0.0,0.0,0.0,0.0,0.0,0.0,0.0,0.0,0.0,0.0,3.76,0.0,0.5006108313617336,1.0,0.0,0.0,1.6390217977722127e-06,1.2116656622861997e-06,4.1483480805681324e-07,1.252132742920007e-08
5.700886096760646e-08,0.5297643060588603,0.0,1.815947023875542e-18,0.0,0.0,0.0,0.0,0.0,0.0,0.0,0.0,0.0,0.0,0.0,0.0,0.0,0.0,0.0,0.0,0.0,0.0,0.0,0.0,0.0,0.0,0.0,0.0,0.0,0.0,0.0,0.0,0.0,0.0,3.76,0.0,0.5006107793569708,1.0,0.0,0.0,1.6910265605172197e-06,1.250506382808836e-06,4.2799884663444813e-07,1.252133107393572e-08
5.876207833962911e-08,0.5297643112959416,0.0,1.8717936030720725e-18,0.0,0.0,0.0,0.0,0.0,0.0,0.0,0.0,0.0,0.0,0.0,0.0,0.0,0.0,0.0,0.0,0.0,0.0,0.0,0.0,0.0,0.0,0.0,0.0,0.0,0.0,0.0,0.0,0.0,0.0,3.76,0.0,0.5006107273522136,1.0,0.0,0.0,1.743031317859684e-06,1.2893471007990657e-06,4.4116288389601627e-07,1.2521333164602226e-08
6.051529571165176e-08,0.5297643165330223,0.0,1.927640182268603e-18,0.0,0.0,0.0,0.0,0.0,0.0,0.0,0.0,0.0,0.0,0.0,0.0,0.0,0.0,0.0,0.0,0.0,0.0,0.0,0.0,0.0,0.0,0.0,0.0,0.0,0.0,0.0,0.0,0.0,0.0,3.76,0.0,0.5006106753474615,1.0,0.0,0.0,1.795036069799606e-06,1.3281878157131581e-06,4.5432691983920405e-07,1.2521334247244213e-08
6.402173045569706e-08,0.5297643270071822,0.0,2.039333340661664e-18,0.0,0.0,0.0,0.0,0.0,0.0,0.0,0.0,0.0,0.0,0.0,0.0,0.0,0.0,0.0,0.0,0.0,0.0,0.0,0.0,0.0,0.0,0.0,0.0,0.0,0.0,0.0,0.0,0.0,0.0,3.76,0.0,0.5006105713379738,1.0,0.0,0.0,1.8990455574718254e-06,1.405869235104982e-06,4.806549877652989e-07,1.2521334601544688e-08
6.752816519974236e-08,0.52976433748134,0.0,2.1510264990547252e-18,0.0,0.0,0.0,0.0,0.0,0.0,0.0,0.0,0.0,0.0,0.0,0.0,0.0,0.0,0.0,0.0,0.0,0.0,0.0,0.0,0.0,0.0,0.0,0.0,0.0,0.0,0.0,0.0,0.0,0.0,3.76,0.0,0.5006104673285078,1.0,0.0,0.0,2.0030550235338835e-06,1.4835506394005774e-06,5.069830504059942e-07,1.2521333727311693e-08
7.103459994378766e-08,0.5297643479554957,0.0,2.2627196574477863e-18,0.0,0.0,0.0,0.0,0.0,0.0,0.0,0.0,0.0,0.0,0.0,0.0,0.0,0.0,0.0,0.0,0.0,0.0,0.0,0.0,0.0,0.0,0.0,0.0,0.0,0.0,0.0,0.0,0.0,0.0,3.76,0.0,0.5006103633190634,1.0,0.0,0.0,2.107064467985783e-06,1.5612320277781948e-06,5.333111077577942e-07,1.2521332449794184e-08
7.454103468783296e-08,0.529764358429649,0.0,2.3744128158408474e-18,0.0,0.0,0.0,0.0,0.0,0.0,0.0,0.0,0.0,0.0,0.0,0.0,0.0,0.0,0.0,0.0,0.0,0.0,0.0,0.0,0.0,0.0,0.0,0.0,0.0,0.0,0.0,0.0,0.0,0.0,3.76,0.0,0.5006102593096404,1.0,0.0,0.0,2.21107389082753e-06,1.6389133998815757e-06,5.596391598191841e-07,1.2521331126770466e-08
7.804746943187826e-08,0.5297643689038002,0.0,2.4861059742339085e-18,0.0,0.0,0.0,0.0,0.0,0.0,0.0,0.0,0.0,0.0,0.0,0.0,0.0,0.0,0.0,0.0,0.0,0.0,0.0,0.0,0.0,0.0,0.0,0.0,0.0,0.0,0.0,0.0,0.0,0.0,3.76,0.0,0.5006101553002392,1.0,0.0,0.0,2.3150832920591284e-06,1.7165947557249113e-06,5.859672065902255e-07,1.2521329743991575e-08
8.435905197115978e-08,0.529764387757267,0.0,2.687153659341418e-18,0.0,0.0,0.0,0.0,0.0,0.0,0.0,0.0,0.0,0.0,0.0,0.0,0.0,0.0,0.0,0.0,0.0,0.0,0.0,0.0,0.0,0.0,0.0,0.0,0.0,0.0,0.0,0.0,0.0,0.0,3.76,0.0,0.5006099680833715,1.0,0.0,0.0,2.5023001598184456e-06,1.856421155338802e-06,6.333576774467277e-07,1.2521327032915904e-08
9.698221704972284e-08,0.5297644254641793,0.0,3.0892490295564373e-18,0.0,0.0,0.0,0.0,0.0,0.0,0.0,0.0,0.0,0.0,0.0,0.0,0.0,0.0,0.0,0.0,0.0,0.0,0.0,0.0,0.0,0.0,0.0,0.0,0.0,0.0,0.0,0.0,0.0,0.0,3.76,0.0,0.5006095936498459,1.0,0.0,0.0,2.876733685286584e-06,2.13607379613737e-06,7.281385677359548e-07,1.252132141325939e-08
9.999999999999998e-08,0.5297644631710633,0.0,3.1853767871408604e-18,0.0,0.0,0.0,0.0,0.0,0.0,0.0,0.0,0.0,0.0,0.0,0.0,0.0,0.0,0.0,0.0,0.0,0.0,0.0,0.0,0.0,0.0,0.0,0.0,0.0,0.0,0.0,0.0,0.0,0.0,3.76,0.0,0.5006095041351657,1.0,0.0,0.0,2.9662483655208152e-06,2.202929499190585e-06,7.507975462690587e-07,1.252132006117159e-08
1.096053821282859e-07,0.5297644631710633,0.0,3.491344399771457e-18,0.0,0.0,0.0,0.0,0.0,0.0,0.0,0.0,0.0,0.0,0.0,0.0,0.0,0.0,0.0,0.0,0.0,0.0,0.0,0.0,0.0,0.0,0.0,0.0,0.0,0.0,0.0,0.0,0.0,0.0,3.76,0.0,0.5006092192166005,1.0,0.0,0.0,3.251166930687614e-06,2.4157262254928344e-06,8.229193894593301e-07,1.2521315735449885e-08
1.3485171228541202e-07,0.5297645385847468,0.0,4.295535140201496e-18,0.0,0.0,0.0,0.0,0.0,0.0,0.0,0.0,0.0,0.0,0.0,0.0,0.0,0.0,0.0,0.0,0.0,0.0,0.0,0.0,0.0,0.0,0.0,0.0,0.0,0.0,0.0,0.0,0.0,0.0,3.76,0.0,0.5006084703509499,1.0,0.0,0.0,4.000032581289352e-06,2.975030449644338e-06,1.012480827207788e-06,1.2521304437225582e-08
1.6009804244253814e-07,0.5297646139983175,0.0,5.099725880631535e-18,0.0,0.0,0.0,0.0,0.0,0.0,0.0,0.0,0.0,0.0,0.0,0.0,0.0,0.0,0.0,0.0,0.0,0.0,0.0,0.0,0.0,0.0,0.0,0.0,0.0,0.0,0.0,0.0,0.0,0.0,3.76,0.0,0.5006077214864195,1.0,0.0,0.0,4.748897111625105e-06,3.5343338277791913e-06,1.2020419906923907e-06,1.2521293153522928e-08
2.1059070275679036e-07,0.5297647648251206,0.0,6.708107361491613e-18,0.0,0.0,0.0,0.0,0.0,0.0,0.0,0.0,0.0,0.0,0.0,0.0,0.0,0.0,0.0,0.0,0.0,0.0,0.0,0.0,0.0,0.0,0.0,0.0,0.0,0.0,0.0,0.0,0.0,0.0,3.76,0.0,0.5006062237607196,1.0,0.0,0.0,6.246622811507292e-06,4.652938046042046e-06,1.5811634948722994e-06,1.2521270592946196e-08
3.115760233852948e-07,0.5297650664773731,0.0,9.924870323211766e-18,0.0,0.0,0.0,0.0,0.0,0.0,0.0,0.0,0.0,0.0,0.0,0.0,0.0,0.0,0.0,0.0,0.0,0.0,0.0,0.0,0.0,0.0,0.0,0.0,0.0,0.0,0.0,0.0,0.0,0.0,3.76,0.0,0.5006032283227628,1.0,0.0,0.0,9.242060768169927e-06,6.890136330608236e-06,2.3394032120886337e-06,1.2521225473055464e-08
5.135466646423037e-07,0.5297656697764626,1.1127618452062264e-67,1.6358396246652076e-17,4.056944227314367e-69,-5.147557589468029e-85,0.0,0.0,1.1869459682199748e-66,4.980399337353474e-103,-9.495567745759799e-66,0.0,1.1869459682199748e-66,-6.812735744013041e-108,-1.3177747429038154e-82,0.0,-4.032123338607903e-106,0.0,8.236092143148846e-84,2.3738919364399497e-66,0.0,0.0,6.032294050157846e-87,-9.526276831498632e-140,-4.132089201679408e-111,-2.07857287354088e-103,-1.4758349534708503e-104,1.0497340167176721e-119,0.0,0.0,-1.9352152293407525e-123,0.0,-4.288284428242641e-105,0.0,3.76,0.0,0.5005972375006216,1.0,0.0,0.0,1.523288290953723e-05,1.1364492292246852e-05,3.855869482057282e-06,1.252113523309325e-08
9.174879471563215e-07,0.5297668763529819,-1.2557126918060738e-50,2.922544809353269e-17,-4.00597275181635e-51,-2.4643289212366936e-68,0.0,0.0,-4.6018171740613055e-50,6.8815905663117104e-99,-5.46536304488863e-50,-4.4143239269959745e-51,-2.3797438703902855e-50,-1.1868365991883761e-91,-2.0047256311176812e-51,-4.000576130871761e-68,-2.852311015568237e-102,-2.1475584807395973e-68,-3.459576693122114e-67,5.0875841498920554e-52,-5.0459389810120595e-51,-6.581629181428339e-51,-7.233999629466456e-70,-3.965329579672982e-137,-4.2826997032233685e-107,-8.90262871202386e-100,-3.615536611306356e-102,6.242207500046118e-118,3.98550744698727e-206,-2.2504254974509776e-169,2.2203072962452677e-120,6.488786879183698e-154,-2.0421757058104315e-102,1.7625617453513392e-153,3.76,0.0,0.5005852560714231,1.0,2.4146473095975904e-69,1.470384699255785e-153,2.7214312108020852e-05,2.0313041788249968e-05,6.888749365014906e-06,1.2520954755974454e-08
9.999999999999997e-07,0.5297692894193844,-1.2535678639561929e-50,3.185376787140863e-17,-4.0096552374682735e-51,-2.544584912656893e-68,0.0,0.0,-4.426266479470559e-50,-5.475300271597607e-100,-4.642502986702719e-50,-4.476608019071629e-51,-2.371416514077331e-50,-7.571784713561237e-92,-2.050103131157611e-51,-4.128050778517227e-68,-9.916331208137616e-102,-2.2174981777975796e-68,-3.595531838192008e-67,9.795709743348046e-52,-5.336400362601409e-51,-6.873606425750836e-51,-7.261868574270584e-70,-9.849240981204363e-137,-2.5773375614669706e-106,-1.6656252848969413e-99,-8.890641951568992e-102,8.835581151933966e-118,1.211435740432435e-201,7.796980723594325e-168,-1.5636317811203736e-120,1.5712523894779136e-151,-1.1149919930118733e-101,1.92494340203386e-149,3.76,0.0,0.5005828086907905,1.0,4.003184027237106e-69,1.696413176190337e-149,2.966169274058611e-05,2.2140912474693404e-05,7.508259348001803e-06,1.2520917890901088e-08
1.7253705121843574e-06,0.5297692894193844,2.5414911037113964e-50,5.4959551787293943e-17,7.851148252234789e-51,2.9274730120587365e-68,0.0,0.0,1.3403951858384456e-49,-1.9484325900088875e-97,3.0904249494814115e-49,7.231265145262066e-51,4.92043576727175e-50,1.2832425278196068e-90,2.867130079387381e-51,4.82103915697549e-68,-1.666454543431284e-100,2.5511691437876147e-68,3.5417781144753876e-67,1.0475074498571262e-50,2.9178378379995484e-51,5.925035505777397e-51,1.3660076508052932e-69,-1.3568234176251602e-135,-5.156902426643114e-105,-1.7147712714145696e-98,-1.2154196044591392e-100,5.119415543854506e-117,2.954704718659184e-200,1.9611106316759592e-166,-9.670100821341983e-119,3.815324657760039e-150,-2.1811137817633276e-100,4.694659704945816e-148,3.76,0.0,0.5005612940733345,1.0,3.3959446735895e-68,4.137329269663515e-148,5.117631019663188e-05,3.820949109279427e-05,1.2954298510023039e-05,1.252059381457105e-08
3.341135642240429e-06,0.5297741152056669,2.1155194156338396e-50,1.0642775917481643e-16,1.4655854235151326e-50,6.953594148692133e-68,0.0,0.0,1.843305291329375e-49,-1.3056129042477114e-97,4.107133358879839e-49,6.525562853649792e-51,6.520658233395431e-51,3.3555631718281035e-90,7.155423170941615e-53,2.0367609647269335e-68,-2.3814301308121163e-100,6.059718699118797e-68,3.163366808159808e-67,4.591539610351509e-52,5.2739635779296644e-52,1.0601349988149947e-52,2.260731260014387e-70,-1.5593474923054972e-135,-6.6211174464286945e-105,-2.150102836115591e-98,-1.3540553048605041e-101,6.690453615201412e-117,5.3180224464371246e-198,1.388979178820966e-163,5.58294781075297e-120,5.4359655604840154e-148,-2.3865633684365484e-100,4.969392300720996e-146,3.76,0.0,0.5005133735181615,1.0,5.732925165101128e-68,4.241157178742603e-146,9.909686536958677e-05,7.399979112510594e-05,2.5084554372497546e-05,1.2519871983272363e-08
4.9569007722965e-06,0.5297789405299193,1.2997932276086644e-50,1.5789596656233892e-16,2.1252509178229493e-50,-1.0031424989549576e-66,0.0,0.0,1.905197186518215e-49,3.4954525471829826e-96,4.290918076532292e-49,6.040271687774478e-51,-1.4443944017871546e-51,2.2631876439779596e-90,-2.8568149000282015e-53,-4.4080008769578736e-67,9.200910000679181e-100,-8.741911195508338e-67,-6.254436950604069e-66,-1.0103790347041623e-52,-4.794097229642852e-52,-6.847546093491821e-53,-4.710426429673857e-69,-4.873353025889773e-134,1.9944280997235698e-104,3.140809129076106e-97,1.4132277334534873e-99,-3.961159793908973e-115,-1.27301613180341e-197,-1.4921402486913463e-163,-1.178333591942539e-117,2.587975663976269e-148,2.4989683391636233e-99,7.593484647016585e-146,3.76,0.0,0.5004654575506949,1.0,-2.424905087846832e-67,6.85031195760191e-146,0.00014701283283601055,0.00010978662661432069,3.721368707146921e-05,1.2519150220631667e-08
8.188431032408644e-06,0.5297885897927421,3.3397059334770244e-51,2.608323813373839e-16,2.783437254798746e-50,-2.2550940095830803e-66,0.0,0.0,1.877287459209629e-49,4.899567445907085e-96,4.4081788156005545e-49,5.349509792551125e-51,-1.4188971180416002e-51,8.843822218796535e-90,-1.6677359711903394e-53,-1.8422468075000042e-67,1.989704078513827e-99,-1.9651785051613139e-66,-4.12972179496066e-66,-6.447741457869059e-53,-1.8516695419625912e-51,-3.9104992268007033e-53,-1.9993427156536744e-69,-4.164229506009375e-134,5.3145552292037526e-104,4.2469872442669044e-97,9.523528568033285e-101,-5.292251169337048e-115,6.198088382266325e-197,-5.2229072467705154e-164,-2.8447055147586942e-118,5.907613464006676e-150,2.544474894011279e-99,1.008987628277433e-145,3.76,0.0,0.5003696393766246,1.0,-5.917551310770105e-67,9.633319263921032e-146,0.0002428310069064561,0.00018134990566819964,6.14685835313552e-05,1.2517706901286387e-08
9.999999999999997e-06,0.5297982372078381,-2.91712584528827e-49,3.1853767871408624e-16,-3.5913651169957406e-49,-4.74643996590095e-66,0.0,0.0,5.825441609202563e-49,5.669665253758009e-96,9.740131212645887e-49,-2.7682232776223025e-49,2.646705219502677e-50,2.177501980934773e-89,-1.6016251623872055e-50,-5.092650373173263e-67,2.3185296369301253e-99,-4.136223581701919e-66,9.39729235048366e-66,9.6289042752694e-51,7.607960825637237e-51,1.584121967815697e-51,-1.0377142358060753e-67,7.298020625226711e-132,3.1527915476198723e-104,-6.811491946536608e-98,-6.46910115690618e-103,-5.0374766644930105e-114,2.7484274207708574e-196,9.090904201767983e-163,3.0907585955090882e-117,-8.467865258579081e-148,2.341832207144622e-99,2.1208010193513805e-146,3.76,0.0,0.5003159325305538,1.0,-7.610288830253695e-66,1.07551259556243e-145,0.00029653785297721147,0.00022146162410438934,7.50637119749136e-05,1.251689790856827e-08
1.1419961292520786e-05,0.5297982372078381,-6.684581132867289e-49,3.6376879611242883e-16,-8.586706269727286e-49,-7.598038799243083e-66,0.0,0.0,1.0910996963790628e-48,6.26473343634496e-96,1.6564506090981497e-48,-6.39527310688239e-49,6.2323822197389085e-50,3.6552876322285974e-89,-3.659655443020307e-50,-9.995401636324126e-67,2.440264348995359e-99,-6.621207306843897e-66,2.61960567833301e-65,2.2085209120709365e-50,2.016031430841318e-50,3.6634745481909883e-51,-2.3542322225390458e-67,1.6735519648657284e-131,-5.622718164066182e-105,-7.33065665257477e-97,2.4714040347619736e-100,-1.0798032551869611e-113,5.275670472178044e-196,2.1181299617327573e-162,7.179939458968127e-117,-1.87222623953425e-147,2.068401622158658e-99,-8.83107505563655e-146,3.76,0.0,0.5002738395480291,1.0,-1.6538441401554719e-65,1.1414276656177745e-145,0.00033863083550202117,0.00025289933059120947,8.57189886469552e-05,1.2516263856487291e-08
1.4651491552632929e-05,0.5298078827759456,-1.4034891748058e-48,4.667052108874738e-16,-2.6177732599633797e-48,-2.978220447677417e-65,0.0,0.0,2.7051687834274004e-49,5.5456333242700786e-95,1.0786571386135565e-48,-1.6000096370510387e-48,-6.496654631465393e-50,8.628041378824045e-89,-4.232732894759289e-50,-4.140575007633061e-66,-6.440792207912372e-98,-2.5953300679651297e-65,-8.24786874492625e-65,2.4763490247979717e-50,-1.1561980190331991e-49,-2.333426782751782e-50,7.2942076604161564e-68,6.364481599267827e-130,-1.6398561198727578e-102,-1.6942894767867716e-96,-9.32585417288516e-99,-9.423191863174304e-114,-1.7379177315286778e-194,1.4450752000473976e-160,1.8323485368363614e-116,1.0087176683959037e-146,-2.838252271757115e-98,-6.779693197620983e-145,3.76,0.0,0.5001780580615359,1.0,-7.030145598424258e-66,-7.569423896608358e-146,0.0004344123219952814,0.0003244349039304828,0.00010996490324371244,1.2514821086183802e-08
1.7883021812745073e-05,0.529817526497375,-9.50311131283569e-49,5.696416256625187e-16,-3.869765713562032e-48,-3.118857172724406e-64,0.0,0.0,-2.0901565374560486e-49,1.0672846141132352e-94,7.508940223764925e-49,-1.9332469018956047e-48,-8.132477101149437e-51,-1.510797323404451e-89,-7.432922941018736e-52,-5.574787617158588e-65,6.816603884878395e-97,-2.7179006145090766e-64,-9.272270524402759e-64,4.5659477348786176e-52,-1.6465631044656381e-49,-6.1574200201733584e-52,-5.970298495756386e-67,1.450038759910125e-129,1.7042667341038074e-101,3.668944308868591e-95,6.30070398122156e-98,-1.4743942845349668e-114,9.989256229957438e-193,4.151983729968888e-161,2.4483013004465936e-115,9.61674848066824e-146,1.7385827136546262e-97,1.0421501197557127e-143,3.76,0.0,0.5000822949136798,1.0,-8.166494697908205e-65,2.1895496165854634e-143,0.0005301754698512116,0.00039595662830293636,0.0001342063281696848,1.2513378590323963e-08
2.4346082332969358e-05,0.5298368084015962,-6.760965846628631e-49,7.755144552126086e-16,-5.914418016294084e-48,-5.547938891042879e-64,0.0,0.0,-1.9695724964204726e-48,2.92074733437666e-94,-1.40747755126935e-48,-2.6083805374659442e-48,9.594008617343438e-50,-1.7244788758089985e-88,1.2667811960120507e-50,-1.2001599270450338e-64,2.0516416172999826e-96,-4.834587289385734e-64,-1.6361666049371746e-63,-1.26130554183062e-50,-2.9074472688373306e-49,3.3335620330259205e-50,-1.6145633037556815e-66,6.047356966954249e-128,5.5967324183337195e-101,1.2281158565429547e-94,-1.1315610347406397e-97,-2.9272808673478955e-111,7.561617218727719e-190,1.7646408440931e-158,1.1254784456964798e-113,-3.1925245045900985e-144,3.867624210826579e-97,2.0418071361771354e-142,3.76,0.0,0.4998908236210668,0.9999999999999999,-1.2903726621341853e-64,8.737186776624941e-142,0.0007216467624642505,0.0005389585398245109,0.0001826757121453179,1.2510494421743066e-08
3.0809142853193646e-05,0.52985608292221,-1.3352052734373534e-48,9.813872847626985e-16,-1.001254414859128e-47,-1.839537162307641e-63,0.0,0.0,-6.232494737901437e-48,9.330891288216173e-94,-7.351525749987973e-48,-4.371424402647472e-48,5.803512886594623e-50,-9.681343441720044e-88,6.212449747444895e-50,-3.865984818151519e-64,5.9307842076180756e-96,-1.6030277689010183e-63,-6.53278383598117e-63,-4.97519042942409e-50,-5.93315595133205e-49,3.385296231545447e-50,-4.3764131355487276e-66,1.877223906032071e-127,1.5016732767457027e-100,3.499109703982477e-94,1.028825320792302e-96,-1.0418608548668953e-110,1.873933677796086e-189,3.680187483629791e-157,-3.8066148289216856e-113,9.926393761438488e-144,2.14328432760055e-96,5.660943220205624e-142,3.76,0.0,0.4996994256424765,0.9999999999999998,-4.556814639847742e-64,2.4905445197390684e-141,0.000913044741054512,0.0006819050860864169,0.00023112714735674508,1.2507611350329059e-08
4.3735263893642216e-05,0.5298946098268376,-5.920709815238659e-49,1.3931329438628782e-15,-1.3310155385776803e-47,-8.109911393041466e-63,0.0,0.0,-9.574701124551441e-48,2.187360659055098e-93,-1.2117713071437615e-47,-5.3302401752774846e-48,2.5095081450308758e-51,-1.302844536549657e-87,2.224079149756078e-53,-3.784063444526107e-64,2.1548306799269647e-95,-7.066961883807982e-63,-7.214186210337007e-63,-1.5246817329996465e-52,-7.902634849065115e-49,2.4038721776046324e-52,-4.073297300809185e-66,8.97678965663514e-127,5.918080741203602e-100,5.291614873735131e-94,6.469324953932021e-98,-1.5969453651293904e-110,2.680545610509604e-187,-1.772329562567405e-157,5.326933401230623e-113,-8.376324904697169e-144,1.338782911455915e-96,-1.1058155057630922e-140,3.76,0.0,0.49931684951068395,0.9999999999999996,-2.1945621689706087e-63,-7.0635254804714015e-140,0.0012956208728471038,0.0009676321709539228,0.0003279762000446838,1.250184849725232e-08
5.6661384934090786e-05,0.5299331072344767,5.3051967108763095e-49,1.804878602963057e-15,-1.233598881339716e-47,-1.7713882578230744e-62,0.0,0.0,-1.3832340209455615e-47,4.019760813574211e-92,-1.696832755956886e-47,-4.352401430113695e-48,-6.686778845878922e-50,-1.0807584746143124e-87,1.980750416788026e-50,-3.6522300497022494e-64,2.1039077860348223e-94,-1.5435249610298123e-62,-6.501925964403135e-63,-8.013304515043013e-51,-1.0432495361508815e-48,-1.0242490256356122e-50,-6.04871362276693e-66,-2.708662039937232e-126,4.8548887030733354e-99,2.746811136112856e-93,4.124211318756441e-96,-2.682295387322278e-110,1.2476894072844946e-186,3.9465387553769986e-156,4.408517254323689e-112,-3.378281864386276e-142,2.284070477521607e-95,-5.212954559624532e-140,3.76,0.0,0.4989345662921779,0.9999999999999993,-3.7801077374511426e-63,-3.8709740730443865e-139,0.0016779040913531412,0.0012531380536853925,0.0004247535415777212,1.2496090027703318e-08
6.958750597453936e-05,0.5299715751657769,8.33371657799326e-49,2.2166242620632366e-15,-8.414496401725884e-48,-4.17353019396154e-62,0.0,0.0,-2.1493855817683847e-47,7.031153473038783e-92,-2.921769246990521e-47,-2.3219576504170102e-48,-1.1490976352236914e-49,-5.257242561262939e-87,2.1476506215595133e-50,-1.1816401220731395e-63,3.2329720326879595e-94,-3.6366125171520487e-62,-2.171597079026295e-62,-3.1368145599779316e-50,-1.2749490480807162e-48,-5.3066581162521816e-51,-1.2659003035167996e-65,7.34777766769357e-126,8.52703827476489e-99,4.951824524006986e-93,-3.888079415338754e-97,-1.2043725196286571e-110,3.812803613912218e-185,-6.947136552666797e-158,8.61996173310368e-112,2.250108780332078e-142,1.2122563930203111e-95,-2.5626181701147103e-141,3.76,0.0,0.49855257576246736,0.9999999999999991,-9.505841685888373e-63,-7.923698743859026e-139,0.002059894621063714,0.001538422903827403,0.0005214592269003729,1.2490335938316023e-08
9.54397480554365e-05,0.5300484226952019,2.917372039621091e-49,3.040115580263594e-15,-1.7447977745316292e-48,-1.109825380939394e-61,0.0,0.0,-2.7606602649414184e-47,1.8045634532694238e-91,-3.7323195930889195e-47,4.8113851456047435e-49,-2.0542229799522875e-51,-8.755769632802986e-87,2.3622397557441575e-52,-1.5986629602224427e-63,5.459149552313313e-94,-9.669851100322518e-62,-3.0436604861847477e-62,-2.4101280788049854e-52,-1.5349489897364147e-48,2.6420633590644187e-53,-1.7202659431701838e-65,-7.076709338728545e-125,1.5308069964100495e-98,8.035560405838163e-93,9.136925881901991e-97,2.7261438017758523e-109,1.7671073678531633e-184,1.1195941158614482e-155,3.914703018344236e-111,-1.6270056136668393e-142,1.411402430799553e-95,6.172873705053984e-140,3.76,0.0,0.4977894718744979,0.9999999999999987,-2.731460578047177e-62,-4.9658552494737665e-139,0.0028229985090331092,0.002108330182241235,0.0007146558479509879,1.2478840886607877e-08
9.999999999999998e-05,0.5301251525954156,4.847063536830557e-49,3.1853767871408587e-15,1.1521817466847439e-48,-1.2266648728813677e-61,0.0,0.0,-2.4549463401961423e-47,1.954224533929273e-91,-3.1785152164879554e-47,1.628026191873772e-48,5.168954665203552e-50,-7.40197873202294e-87,3.935107194566131e-51,-1.497602996054151e-63,5.810153874424309e-94,-1.0687706120345011e-61,-2.811667085182183e-62,9.025960724377049e-51,-1.4108946665058616e-48,4.072467044248018e-51,-1.8957845925186307e-65,-3.5176722687169365e-125,1.6015352807996852e-98,8.451280129208719e-93,1.2969528087392497e-96,2.5390176677987085e-109,2.1855448208953899e-184,1.5719167863875877e-155,5.313496177544045e-111,-3.2679067202372094e-142,1.5036699033964932e-95,1.186379801749746e-139,3.76,0.0,0.497654984060739,0.9999999999999986,-3.286816845665625e-62,4.787080373198067e-139,0.0029574863227920267,0.002208768421937608,0.0007487054240394071,1.2476815011104956e-08
0.00012129199013633364,0.5301251525954156,4.648467818082275e-48,3.863606898463951e-15,3.0421808065143503e-47,-1.5870700426951642e-61,0.0,0.0,1.9685777178229654e-47,1.9375458690918876e-91,4.398168260542848e-47,1.3485574491042528e-47,4.60266065043638e-49,1.2893877094684768e-86,1.0211209127523365e-49,-3.0227151780202935e-64,7.107099295020028e-94,-1.3826407644904143e-61,2.077557699139208e-63,3.4174643114019357e-50,5.1404405421068484e-49,5.296527292343924e-50,-4.113778046622124e-65,6.250540885300415e-124,1.5431535932128657e-98,1.0144876093271086e-92,-2.343292115149309e-96,-6.005001986087777e-109,5.2289639961006e-184,4.627108592048314e-155,1.788466624031138e-110,-9.345404281988907e-142,8.971525641973597e-96,8.038013653692419e-139,3.76,0.0,0.4970275360564773,0.9999999999999982,-7.562896840751759e-62,1.2342506197265345e-137,0.003584934327053724,0.002677355358315968,0.0009075665013744412,1.2467363315284322e-08
0.00017299647429812792,0.5302782602277925,4.0831968588397215e-49,5.510589534864659e-15,4.671144417307115e-47,-8.950769121901562e-62,0.0,0.0,4.2842251614551664e-47,1.9288587369958956e-90,8.472390263316827e-47,1.7751091084952294e-47,5.366996857462532e-51,3.602874857447226e-86,1.202376509483281e-52,2.3301029183405696e-63,4.135772780484922e-93,-7.791597053335862e-62,4.4372756620890985e-62,2.1293596554254353e-52,1.235994139022245e-48,9.904028471853448e-53,2.505441509125337e-65,1.3537088646104405e-122,1.15172184160259e-97,3.2811924436446836e-92,9.104774696745944e-96,1.2818796298851519e-107,1.3567581412769288e-181,8.595652508172401e-153,8.084733829243166e-110,3.020548860262139e-140,7.810491143055303e-95,7.266134380578931e-137,3.76,0.0,0.4955071614867636,0.9999999999999974,-6.611266496680765e-62,2.6944029710678835e-135,0.005105308896767475,0.0038127647985824256,0.0012925316537245426,1.244446050668253e-08
0.0002247009584599222,0.5304308995015193,-4.928706166763476e-48,7.157572171265361e-15,-1.3937857219957156e-47,1.2087203344268223e-61,0.0,0.0,1.1237496995501385e-46,5.086677635030308e-89,1.347879371900477e-46,-1.1971142945375413e-47,3.3465897989912252e-49,-2.992361087313507e-86,-1.2878982076251092e-49,2.2500168615490168e-63,8.259671288728915e-92,1.0541746119161834e-61,4.0237660195482125e-62,1.5812048608878267e-50,6.989385851157683e-48,6.998636647574745e-50,3.7429230806105697e-65,1.8106823369803386e-121,2.1857257034234737e-96,8.764118007179015e-91,2.9491120416911145e-94,-1.073683779415328e-107,3.1703016771030996e-181,-4.0291602310101635e-152,-2.63272018948927e-109,3.4890715594887335e-140,2.418135296785133e-93,1.89298416261161e-136,3.76,0.0,0.49399143778288485,0.9999999999999967,-3.24946320781722e-61,8.72704888296606e-135,0.0066210326006461186,0.004944662002361799,0.0016763581766570212,1.242162729854502e-08
0.0002764054426217165,0.53058307184838,-5.787212414176239e-49,8.80455480766605e-15,-6.039791479782815e-47,3.598402744065187e-60,0.0,0.0,1.4892399698007555e-46,6.867044216999042e-89,1.5988867060361275e-46,-3.109889104005081e-47,-1.0600716133493507e-50,1.6938452380133743e-85,2.5380249723974684e-51,5.2073518394636345e-62,8.959932917823628e-92,3.135194158561971e-60,9.773320756350123e-61,3.812720437137564e-51,1.0109940968911564e-47,-5.0983248140777633e-51,5.790478212826192e-64,1.575595397348943e-121,2.538009291537109e-96,1.0371548469293998e-90,-7.807324771140229e-95,1.6640265306647032e-106,2.7041058649166177e-179,5.876890232918965e-152,1.2558909963689111e-108,-2.2726982283329166e-139,-1.0109373297837795e-94,1.0398742021308795e-135,3.76,0.0,0.4924803507169519,0.9999999999999959,4.8324430924195765e-61,1.1470516440665614e-134,0.008132119666579153,0.006073057715254409,0.0020590495524612667,1.2398863477547364e-08
0.00032810992678351076,0.5307347786943399,2.4813929408161716e-49,1.0451537444066731e-14,-7.725140966129374e-47,7.469278044052007e-60,0.0,0.0,1.630692965160212e-46,7.084962722921316e-89,1.7118386269056053e-46,-3.8426983014563116e-47,1.5002282985803774e-50,1.2158741248852999e-85,-1.8445936255637215e-51,2.649353903042214e-62,7.721985036241327e-92,6.506493894725304e-60,5.2040533194208384e-61,2.065170164998724e-51,1.1210821671139912e-47,2.0080911571100492e-51,2.8490407920624054e-64,2.5454748706144567e-120,2.1496971912523617e-96,1.1082430063221142e-90,-1.5528173623054957e-96,-6.538453640971804e-106,4.7886294926917286e-179,-2.3223414017609452e-151,-1.151695744735355e-108,2.4944303705826704e-139,-2.653082331488762e-94,2.37355748946054e-135,3.76,0.0,0.49097388610555426,0.9999999999999951,1.488711259105538e-60,3.0274297476582178e-134,0.009638584277976711,0.007197962649270056,0.0024406092525378234,1.2376168831035064e-08
0.00037981441094530504,0.5308860214644671,5.027059810509706e-52,1.2098520080467399e-14,-7.936795492895651e-47,1.225775277276646e-59,0.0,0.0,1.652982909987961e-46,6.44760473885001e-89,1.7387028488668348e-46,-3.962088271427401e-47,1.8692508084452454e-51,1.643661814995111e-85,-6.5213104666209476e-52,4.565972489581063e-62,6.0195562607108875e-92,1.067579268536828e-59,8.615209984058738e-61,5.9687158230303065e-53,1.137208467300221e-47,3.507924907095142e-52,4.911085205976852e-64,2.7249237016690938e-120,1.6861054650963393e-96,9.752834277910479e-91,1.657974408141178e-95,-7.64567704166225e-106,5.873982442851777e-179,8.09420764460422e-151,1.9042471009800284e-108,-3.0720878684401997e-139,1.3174018720456952e-94,3.1003983837053905e-135,3.76,0.0,0.48947202980947124,0.9999999999999943,2.819237737057283e-60,4.0165861130211686e-134,0.011140440574059688,0.008319387483047098,0.0028210407374694452,1.235354314701924e-08
0.0004832233792688936,0.5311871204492511,-1.024353264932821e-48,1.5392485353268686e-14,-5.161768932707382e-47,1.9859864026228496e-59,0.0,0.0,1.5865615768026472e-46,5.504006571299599e-89,1.7962127620836044e-46,-2.849838204066409e-47,5.86945644151472e-51,2.1317914565783797e-85,-4.763880045024149e-52,5.384466096285205e-62,7.854759237569739e-92,1.728866826980352e-59,9.906650309295299e-61,4.376269399504089e-53,1.0306158191416639e-47,3.1617758887594802e-52,5.789280929892026e-64,-6.257373240337444e-120,2.195145750107258e-96,1.6358739277971933e-90,-2.1985428232123448e-95,-3.4730103282559015e-105,3.595119102259433e-179,-2.2159385721453374e-150,9.056157734296461e-109,2.1625029318796733e-140,7.114352555241637e-94,4.7936423334346375e-135,3.76,0.0,0.4864820858124263,0.9999999999999927,4.947307620035848e-60,1.0737243258159005e-133,0.014130384571104677,0.010551839408822771,0.003578532853784085,1.2308497821626554e-08
0.0005866323475924822,0.5314863801201228,-7.72320313666125e-49,1.86864506260699e-14,-3.7019142574120103e-47,1.046824120308441e-59,0.0,0.0,-2.2354280906943336e-46,3.4439453051832966e-89,-1.7015680089216428e-46,-7.367680535504287e-48,-1.068940937513099e-48,-1.43146458608708e-85,3.2870691185693863e-50,-1.1476114792657168e-61,1.4157642800679922e-91,9.09221342664746e-60,-2.0897941035304514e-60,3.308513180207188e-50,-2.1843167648349312e-47,-2.2434590863839567e-49,-1.52980488507002e-63,1.3611747755763892e-118,4.140773792603087e-96,4.075461205004904e-90,-2.524250520131881e-94,-2.1241826461708576e-104,6.482672065613151e-179,8.991927526455081e-150,4.903154662047848e-108,-5.27853540142113e-139,-2.704027636299594e-93,1.0606073497971583e-134,3.76,0.0,0.4835104064793891,0.999999999999991,7.342876212853617e-60,1.5742816311674802e-133,0.017102063904141856,0.01277049826667812,0.004331553373737923,1.2263725818522491e-08
0.0006900413159160707,0.5317838116899172,1.2868462792179388e-48,2.198041589887102e-14,-1.3179693568621294e-47,-7.02441719903725e-59,0.0,0.0,-5.172758093644792e-46,5.346779496446291e-88,-4.358933131705076e-46,1.5336639006726756e-47,1.3076181343989223e-49,-1.4622244453238831e-84,2.514557520065335e-50,-6.1122608542645575e-61,1.502637552876875e-91,-6.122548665058041e-59,-1.1711695337640703e-59,-1.0351603299840559e-50,-4.669672028245925e-47,2.8429457027297395e-50,-6.19648192737403e-63,-4.74225985414789e-119,3.236434983131455e-96,5.733080341095357e-90,8.583622345897156e-94,-8.77196018937232e-105,9.297585190006855e-179,2.113619471672108e-149,8.790579410259992e-107,9.103237019395936e-139,6.8888391594880145e-93,1.188102645821039e-134,3.76,0.0,0.4805568802542187,0.9999999999999893,-1.2954401196026254e-59,1.099832770593103e-133,0.020055590129312323,0.01497544830940841,0.005080129600678448,1.2219225465256762e-08
0.0007934502842396593,0.532079426348323,-5.663216070046156e-49,2.5274381171672042e-14,-1.194468770446802e-47,-1.4643453799052767e-58,0.0,0.0,-5.069399899765222e-46,8.668932803387629e-88,-3.5154808252805605e-46,1.5472706010917628e-47,2.5408983316508482e-49,1.9145248320403547e-85,-2.780817714754996e-50,-7.09081157245854e-62,3.186413712289153e-91,-1.2754643664074004e-58,-1.5835618249351865e-60,5.640030835445531e-50,-5.0637695927187115e-47,1.651553451865075e-50,-3.6769143013729434e-64,9.97866146829223e-118,9.320409397984677e-96,9.193649815085738e-90,-6.779304649383338e-94,-2.001541526432052e-103,6.33650801738759e-179,-1.0521743117813877e-148,-1.4127370998268592e-106,-2.215489046940955e-138,-4.639438877395452e-93,5.0497832312163086e-135,3.76,0.0,0.47762139625913375,0.9999999999999877,-3.4932883811442453e-59,1.1287182972822379e-133,0.022991074124397246,0.01716677327751393,0.005824288671888217,1.2174995099596142e-08
0.0009999999999999998,0.5326652492163108,7.5524677406446e-50,3.185376787140615e-14,4.692452084306618e-47,-4.235468160539864e-58,0.0,0.0,-4.975762841896973e-47,1.9422810171304535e-87,1.1593844634794728e-46,2.394228536826366e-47,4.2710942633789344e-51,3.083937176649879e-85,-5.445399185668885e-52,-1.6037144420216223e-61,2.8358223091744928e-92,-3.686159060169104e-58,-3.1222821700356453e-60,1.1579519323688015e-51,-1.5479685260014394e-47,-1.766817297774605e-51,-1.7302528117823515e-63,1.720360005194552e-117,8.18252406644338e-97,1.6436698002913365e-90,-8.54039474536536e-95,-2.299178226068172e-103,-1.9655133199397016e-179,9.740940892463535e-148,1.1581732597907435e-106,-9.873651758916982e-139,6.908815945245827e-94,-9.099395428537062e-135,3.76,0.0,0.4718116131283541,0.9999999999999843,-1.2375546547175199e-58,2.076933821670552e-133,0.028800857255176823,0.02150328395803027,0.007297561209695831,1.208745072558244e-08
