species_name,agent,phi,path,suppressant_frac,Tin(K),P(atm),Su0 (cm/s),T0,O2,N2,2-BTP(1),sensitivity,Su (cm/s),T,dH (kJ/mol)
H(6),2-BTP(1),1.2,/scratch/westgroup/David/halogen_models/rmg_combustion_paper_FFCM/suppressants/2-BTP/cantera/chem_annotated.cti,0.01,300,1,13.937416310542963,2025.006606275213,0.18470149253731344,0.6944776119402986,0.01,-0.026627128629585984,10.226282541893791,2026.4338869856647,10.0
O2(2),2-BTP(1),1.2,/scratch/westgroup/David/halogen_models/rmg_combustion_paper_FFCM/suppressants/2-BTP/cantera/chem_annotated.cti,0.01,300,1,13.937416310542963,2025.006606275213,0.18470149253731344,0.6944776119402986,0.01,0.01896894581779911,16.581197258890953,2064.286157902635,10.0
CH3(19),2-BTP(1),1.2,/scratch/westgroup/David/halogen_models/rmg_combustion_paper_FFCM/suppressants/2-BTP/cantera/chem_annotated.cti,0.01,300,1,13.937416310542963,2025.006606275213,0.18470149253731344,0.6944776119402986,0.01,0.018738346488632592,16.549057670375696,2024.4507222073019,10.0
CH4(5),2-BTP(1),1.2,/scratch/westgroup/David/halogen_models/rmg_combustion_paper_FFCM/suppressants/2-BTP/cantera/chem_annotated.cti,0.01,300,1,13.937416310542963,2025.006606275213,0.18470149253731344,0.6944776119402986,0.01,0.01133408100932645,15.51709436578698,2051.716048047801,10.0
BR(90),2-BTP(1),1.2,/scratch/westgroup/David/halogen_models/rmg_combustion_paper_FFCM/suppressants/2-BTP/cantera/chem_annotated.cti,0.01,300,1,13.937416310542963,2025.006606275213,0.18470149253731344,0.6944776119402986,0.01,0.011320013968303046,15.515133783716973,2026.9770053442394,10.0
CO2(14),2-BTP(1),1.2,/scratch/westgroup/David/halogen_models/rmg_combustion_paper_FFCM/suppressants/2-BTP/cantera/chem_annotated.cti,0.01,300,1,13.937416310542963,2025.006606275213,0.18470149253731344,0.6944776119402986,0.01,-0.01075536594138882,12.438396183569255,2008.4574072707123,10.0
HBR(92),2-BTP(1),1.2,/scratch/westgroup/David/halogen_models/rmg_combustion_paper_FFCM/suppressants/2-BTP/cantera/chem_annotated.cti,0.01,300,1,13.937416310542963,2025.006606275213,0.18470149253731344,0.6944776119402986,0.01,-0.010464060090523204,12.478996692741365,2020.0882531311754,10.0
H2O(3),2-BTP(1),1.2,/scratch/westgroup/David/halogen_models/rmg_combustion_paper_FFCM/suppressants/2-BTP/cantera/chem_annotated.cti,0.01,300,1,13.937416310542963,2025.006606275213,0.18470149253731344,0.6944776119402986,0.01,-0.008012599468357319,12.820666965341651,1996.1926267468666,10.0
CH2(T)(18),2-BTP(1),1.2,/scratch/westgroup/David/halogen_models/rmg_combustion_paper_FFCM/suppressants/2-BTP/cantera/chem_annotated.cti,0.01,300,1,13.937416310542963,2025.006606275213,0.18470149253731344,0.6944776119402986,0.01,-0.00559772095939409,13.157238636529689,2025.1419769917504,10.0
C2H2(23),2-BTP(1),1.2,/scratch/westgroup/David/halogen_models/rmg_combustion_paper_FFCM/suppressants/2-BTP/cantera/chem_annotated.cti,0.01,300,1,13.937416310542963,2025.006606275213,0.18470149253731344,0.6944776119402986,0.01,-0.005420596731555077,13.181925177550447,2025.1747311251395,10.0
CH2OH(33),2-BTP(1),1.2,/scratch/westgroup/David/halogen_models/rmg_combustion_paper_FFCM/suppressants/2-BTP/cantera/chem_annotated.cti,0.01,300,1,13.937416310542963,2025.006606275213,0.18470149253731344,0.6944776119402986,0.01,-0.003967051716917025,13.384511797501695,2025.0456742114181,10.0
CH2(S)(25),2-BTP(1),1.2,/scratch/westgroup/David/halogen_models/rmg_combustion_paper_FFCM/suppressants/2-BTP/cantera/chem_annotated.cti,0.01,300,1,13.937416310542963,2025.006606275213,0.18470149253731344,0.6944776119402986,0.01,-0.0031897433684754117,13.492848498040608,2025.0835434614505,10.0
CH2O(20),2-BTP(1),1.2,/scratch/westgroup/David/halogen_models/rmg_combustion_paper_FFCM/suppressants/2-BTP/cantera/chem_annotated.cti,0.01,300,1,13.937416310542963,2025.006606275213,0.18470149253731344,0.6944776119402986,0.01,-0.0027838660731289108,13.549417306403022,2025.066295167733,10.0
C2H4(30),2-BTP(1),1.2,/scratch/westgroup/David/halogen_models/rmg_combustion_paper_FFCM/suppressants/2-BTP/cantera/chem_annotated.cti,0.01,300,1,13.937416310542963,2025.006606275213,0.18470149253731344,0.6944776119402986,0.01,-0.002600949579862972,13.574911139570142,2025.105381206867,10.0
CO(13),2-BTP(1),1.2,/scratch/westgroup/David/halogen_models/rmg_combustion_paper_FFCM/suppressants/2-BTP/cantera/chem_annotated.cti,0.01,300,1,13.937416310542963,2025.006606275213,0.18470149253731344,0.6944776119402986,0.01,-0.002504100401590485,13.588409412739319,2017.8294299738907,10.0
C3H3(3807),2-BTP(1),1.2,/scratch/westgroup/David/halogen_models/rmg_combustion_paper_FFCM/suppressants/2-BTP/cantera/chem_annotated.cti,0.01,300,1,13.937416310542963,2025.006606275213,0.18470149253731344,0.6944776119402986,0.01,0.0021910247562943745,14.242788552294769,2024.937195463231,10.0
CH(17),2-BTP(1),1.2,/scratch/westgroup/David/halogen_models/rmg_combustion_paper_FFCM/suppressants/2-BTP/cantera/chem_annotated.cti,0.01,300,1,13.937416310542963,2025.006606275213,0.18470149253731344,0.6944776119402986,0.01,0.002081399242429693,14.227509588044876,2024.9573443835693,10.0
H2(8),2-BTP(1),1.2,/scratch/westgroup/David/halogen_models/rmg_combustion_paper_FFCM/suppressants/2-BTP/cantera/chem_annotated.cti,0.01,300,1,13.937416310542963,2025.006606275213,0.18470149253731344,0.6944776119402986,0.01,0.0017185226780051714,14.176933970567635,2010.441041635178,10.0
OH(4),2-BTP(1),1.2,/scratch/westgroup/David/halogen_models/rmg_combustion_paper_FFCM/suppressants/2-BTP/cantera/chem_annotated.cti,0.01,300,1,13.937416310542963,2025.006606275213,0.18470149253731344,0.6944776119402986,0.01,0.0016735329717104802,14.170663567904453,2025.430735867171,10.0
2-BTP(1),2-BTP(1),1.2,/scratch/westgroup/David/halogen_models/rmg_combustion_paper_FFCM/suppressants/2-BTP/cantera/chem_annotated.cti,0.01,300,1,13.937416310542963,2025.006606275213,0.18470149253731344,0.6944776119402986,0.01,0.0013488134429252196,14.125406055336018,2027.3468864003164,10.0
C2H3(29),2-BTP(1),1.2,/scratch/westgroup/David/halogen_models/rmg_combustion_paper_FFCM/suppressants/2-BTP/cantera/chem_annotated.cti,0.01,300,1,13.937416310542963,2025.006606275213,0.18470149253731344,0.6944776119402986,0.01,0.001228587035353526,14.108649600397541,2024.9786531624688,10.0
S(127),2-BTP(1),1.2,/scratch/westgroup/David/halogen_models/rmg_combustion_paper_FFCM/suppressants/2-BTP/cantera/chem_annotated.cti,0.01,300,1,13.937416310542963,2025.006606275213,0.18470149253731344,0.6944776119402986,0.01,-0.0011212157092259881,13.78114780940893,2025.0510831787883,10.0
CF2CH(73),2-BTP(1),1.2,/scratch/westgroup/David/halogen_models/rmg_combustion_paper_FFCM/suppressants/2-BTP/cantera/chem_annotated.cti,0.01,300,1,13.937416310542963,2025.006606275213,0.18470149253731344,0.6944776119402986,0.01,-0.0009166896237833169,13.809653461400732,2025.0484507814635,10.0
HO2(11),2-BTP(1),1.2,/scratch/westgroup/David/halogen_models/rmg_combustion_paper_FFCM/suppressants/2-BTP/cantera/chem_annotated.cti,0.01,300,1,13.937416310542963,2025.006606275213,0.18470149253731344,0.6944776119402986,0.01,0.0009000624986263997,14.062861768031599,2024.9935186171194,10.0
S(140),2-BTP(1),1.2,/scratch/westgroup/David/halogen_models/rmg_combustion_paper_FFCM/suppressants/2-BTP/cantera/chem_annotated.cti,0.01,300,1,13.937416310542963,2025.006606275213,0.18470149253731344,0.6944776119402986,0.01,0.000809287962840804,14.050210143075198,2025.0041027185462,10.0
CF3(45),2-BTP(1),1.2,/scratch/westgroup/David/halogen_models/rmg_combustion_paper_FFCM/suppressants/2-BTP/cantera/chem_annotated.cti,0.01,300,1,13.937416310542963,2025.006606275213,0.18470149253731344,0.6944776119402986,0.01,-0.000685452013787975,13.841882009772332,2025.046095342666,10.0
C2H(22),2-BTP(1),1.2,/scratch/westgroup/David/halogen_models/rmg_combustion_paper_FFCM/suppressants/2-BTP/cantera/chem_annotated.cti,0.01,300,1,13.937416310542963,2025.006606275213,0.18470149253731344,0.6944776119402986,0.01,-0.0005337451013254279,13.863026033734108,2025.0458343809137,10.0
HF(38),2-BTP(1),1.2,/scratch/westgroup/David/halogen_models/rmg_combustion_paper_FFCM/suppressants/2-BTP/cantera/chem_annotated.cti,0.01,300,1,13.937416310542963,2025.006606275213,0.18470149253731344,0.6944776119402986,0.01,-0.0005153274995218906,13.865592971571886,2022.7991045787626,10.0
CF3CCH(84),2-BTP(1),1.2,/scratch/westgroup/David/halogen_models/rmg_combustion_paper_FFCM/suppressants/2-BTP/cantera/chem_annotated.cti,0.01,300,1,13.937416310542963,2025.006606275213,0.18470149253731344,0.6944776119402986,0.01,0.0004818992268110326,14.004580611980904,2025.0142778569095,10.0
HCO(15),2-BTP(1),1.2,/scratch/westgroup/David/halogen_models/rmg_combustion_paper_FFCM/suppressants/2-BTP/cantera/chem_annotated.cti,0.01,300,1,13.937416310542963,2025.006606275213,0.18470149253731344,0.6944776119402986,0.01,0.00039829039511083287,13.992927701034466,2025.02803725829,10.0
S(13252),2-BTP(1),1.2,/scratch/westgroup/David/halogen_models/rmg_combustion_paper_FFCM/suppressants/2-BTP/cantera/chem_annotated.cti,0.01,300,1,13.937416310542963,2025.006606275213,0.18470149253731344,0.6944776119402986,0.01,0.00038959977675253406,13.99171645337391,2024.9742262460397,10.0
CH2CO(28),2-BTP(1),1.2,/scratch/westgroup/David/halogen_models/rmg_combustion_paper_FFCM/suppressants/2-BTP/cantera/chem_annotated.cti,0.01,300,1,13.937416310542963,2025.006606275213,0.18470149253731344,0.6944776119402986,0.01,0.0003209578740815448,13.982149545635176,2025.0311644441813,10.0
CHF3(42),2-BTP(1),1.2,/scratch/westgroup/David/halogen_models/rmg_combustion_paper_FFCM/suppressants/2-BTP/cantera/chem_annotated.cti,0.01,300,1,13.937416310542963,2025.006606275213,0.18470149253731344,0.6944776119402986,0.01,-0.0003115102600934561,13.893999828743683,2025.0275580864652,10.0
CBr(372),2-BTP(1),1.2,/scratch/westgroup/David/halogen_models/rmg_combustion_paper_FFCM/suppressants/2-BTP/cantera/chem_annotated.cti,0.01,300,1,13.937416310542963,2025.006606275213,0.18470149253731344,0.6944776119402986,0.01,-0.00030989679596953913,13.894224703955654,2025.0163323475635,10.0
C2H5(32),2-BTP(1),1.2,/scratch/westgroup/David/halogen_models/rmg_combustion_paper_FFCM/suppressants/2-BTP/cantera/chem_annotated.cti,0.01,300,1,13.937416310542963,2025.006606275213,0.18470149253731344,0.6944776119402986,0.01,0.0002996679724111719,13.97918228340727,2025.021677044256,10.0
S(2474),2-BTP(1),1.2,/scratch/westgroup/David/halogen_models/rmg_combustion_paper_FFCM/suppressants/2-BTP/cantera/chem_annotated.cti,0.01,300,1,13.937416310542963,2025.006606275213,0.18470149253731344,0.6944776119402986,0.01,-0.0002909682051841206,13.896862860455137,2025.0473172228765,10.0
C2H3F2(65),2-BTP(1),1.2,/scratch/westgroup/David/halogen_models/rmg_combustion_paper_FFCM/suppressants/2-BTP/cantera/chem_annotated.cti,0.01,300,1,13.937416310542963,2025.006606275213,0.18470149253731344,0.6944776119402986,0.01,0.00027461590571292233,13.97569067257714,2025.0147102531237,10.0
S(10552),2-BTP(1),1.2,/scratch/westgroup/David/halogen_models/rmg_combustion_paper_FFCM/suppressants/2-BTP/cantera/chem_annotated.cti,0.01,300,1,13.937416310542963,2025.006606275213,0.18470149253731344,0.6944776119402986,0.01,-0.0002602388684618882,13.901145736043583,2025.0476172695232,10.0
CH2F(46),2-BTP(1),1.2,/scratch/westgroup/David/halogen_models/rmg_combustion_paper_FFCM/suppressants/2-BTP/cantera/chem_annotated.cti,0.01,300,1,13.937416310542963,2025.006606275213,0.18470149253731344,0.6944776119402986,0.01,-0.00023365340819489434,13.904851062319068,2025.0370454269416,10.0
CF2O(49),2-BTP(1),1.2,/scratch/westgroup/David/halogen_models/rmg_combustion_paper_FFCM/suppressants/2-BTP/cantera/chem_annotated.cti,0.01,300,1,13.937416310542963,2025.006606275213,0.18470149253731344,0.6944776119402986,0.01,0.00023361444000770236,13.96997612760838,2022.7877792748088,10.0
CF2(43),2-BTP(1),1.2,/scratch/westgroup/David/halogen_models/rmg_combustion_paper_FFCM/suppressants/2-BTP/cantera/chem_annotated.cti,0.01,300,1,13.937416310542963,2025.006606275213,0.18470149253731344,0.6944776119402986,0.01,-0.00023144626347562273,13.905158681267169,2025.016112487687,10.0
CH2Br(362),2-BTP(1),1.2,/scratch/westgroup/David/halogen_models/rmg_combustion_paper_FFCM/suppressants/2-BTP/cantera/chem_annotated.cti,0.01,300,1,13.937416310542963,2025.006606275213,0.18470149253731344,0.6944776119402986,0.01,-0.00022633153686289534,13.905871542008331,2025.0276813592886,10.0
S(811),2-BTP(1),1.2,/scratch/westgroup/David/halogen_models/rmg_combustion_paper_FFCM/suppressants/2-BTP/cantera/chem_annotated.cti,0.01,300,1,13.937416310542963,2025.006606275213,0.18470149253731344,0.6944776119402986,0.01,0.0002135003741292937,13.96717274650993,2024.994643335199,10.0
C3HO(6390),2-BTP(1),1.2,/scratch/westgroup/David/halogen_models/rmg_combustion_paper_FFCM/suppressants/2-BTP/cantera/chem_annotated.cti,0.01,300,1,13.937416310542963,2025.006606275213,0.18470149253731344,0.6944776119402986,0.01,0.0002005772375885423,13.965371595169865,2024.9933083552016,10.0
FCBr(2160),2-BTP(1),1.2,/scratch/westgroup/David/halogen_models/rmg_combustion_paper_FFCM/suppressants/2-BTP/cantera/chem_annotated.cti,0.01,300,1,13.937416310542963,2025.006606275213,0.18470149253731344,0.6944776119402986,0.01,0.0001723841351697197,13.961442205114896,2025.0091186905358,10.0
HCCO(21),2-BTP(1),1.2,/scratch/westgroup/David/halogen_models/rmg_combustion_paper_FFCM/suppressants/2-BTP/cantera/chem_annotated.cti,0.01,300,1,13.937416310542963,2025.006606275213,0.18470149253731344,0.6944776119402986,0.01,-0.0001680788248438413,13.913990464994608,2025.0172676584011,10.0
C(T)(16),2-BTP(1),1.2,/scratch/westgroup/David/halogen_models/rmg_combustion_paper_FFCM/suppressants/2-BTP/cantera/chem_annotated.cti,0.01,300,1,13.937416310542963,2025.006606275213,0.18470149253731344,0.6944776119402986,0.01,0.0001444600863743688,13.957550314183528,2025.0114129499611,10.0
S(14727),2-BTP(1),1.2,/scratch/westgroup/David/halogen_models/rmg_combustion_paper_FFCM/suppressants/2-BTP/cantera/chem_annotated.cti,0.01,300,1,13.937416310542963,2025.006606275213,0.18470149253731344,0.6944776119402986,0.01,-0.00013634589745287407,13.91841321519261,2025.0234551371566,10.0
H2CC(24),2-BTP(1),1.2,/scratch/westgroup/David/halogen_models/rmg_combustion_paper_FFCM/suppressants/2-BTP/cantera/chem_annotated.cti,0.01,300,1,13.937416310542963,2025.006606275213,0.18470149253731344,0.6944776119402986,0.01,-0.0001260600652349312,13.919846794449828,2025.0182863712637,10.0
O(7),2-BTP(1),1.2,/scratch/westgroup/David/halogen_models/rmg_combustion_paper_FFCM/suppressants/2-BTP/cantera/chem_annotated.cti,0.01,300,1,13.937416310542963,2025.006606275213,0.18470149253731344,0.6944776119402986,0.01,0.00011998063950227211,13.954138511762446,2024.9383278033933,10.0
C#CC(2921),2-BTP(1),1.2,/scratch/westgroup/David/halogen_models/rmg_combustion_paper_FFCM/suppressants/2-BTP/cantera/chem_annotated.cti,0.01,300,1,13.937416310542963,2025.006606275213,0.18470149253731344,0.6944776119402986,0.01,0.00010563522884732897,13.95213913215801,2025.0199208729323,10.0
CH3F(39),2-BTP(1),1.2,/scratch/westgroup/David/halogen_models/rmg_combustion_paper_FFCM/suppressants/2-BTP/cantera/chem_annotated.cti,0.01,300,1,13.937416310542963,2025.006606275213,0.18470149253731344,0.6944776119402986,0.01,0.00010246596215172846,13.951697418264652,2025.02461597482,10.0
S(14846),2-BTP(1),1.2,/scratch/westgroup/David/halogen_models/rmg_combustion_paper_FFCM/suppressants/2-BTP/cantera/chem_annotated.cti,0.01,300,1,13.937416310542963,2025.006606275213,0.18470149253731344,0.6944776119402986,0.01,9.315290394308959e-05,13.950399418570871,2025.004716871089,10.0
S(14320),2-BTP(1),1.2,/scratch/westgroup/David/halogen_models/rmg_combustion_paper_FFCM/suppressants/2-BTP/cantera/chem_annotated.cti,0.01,300,1,13.937416310542963,2025.006606275213,0.18470149253731344,0.6944776119402986,0.01,-8.338867094165184e-05,13.925794084317996,2025.0242889180179,10.0
BrO2(145),2-BTP(1),1.2,/scratch/westgroup/David/halogen_models/rmg_combustion_paper_FFCM/suppressants/2-BTP/cantera/chem_annotated.cti,0.01,300,1,13.937416310542963,2025.006606275213,0.18470149253731344,0.6944776119402986,0.01,7.881100989855339e-05,13.948400529091067,2025.14740851328,10.0
CH3O(27),2-BTP(1),1.2,/scratch/westgroup/David/halogen_models/rmg_combustion_paper_FFCM/suppressants/2-BTP/cantera/chem_annotated.cti,0.01,300,1,13.937416310542963,2025.006606275213,0.18470149253731344,0.6944776119402986,0.01,-7.512297310928841e-05,13.926946109035864,2025.0155718529,10.0
CH2CHO(35),2-BTP(1),1.2,/scratch/westgroup/David/halogen_models/rmg_combustion_paper_FFCM/suppressants/2-BTP/cantera/chem_annotated.cti,0.01,300,1,13.937416310542963,2025.006606275213,0.18470149253731344,0.6944776119402986,0.01,7.232218666889893e-05,13.947496154783895,2025.0207424273522,10.0
S(1709),2-BTP(1),1.2,/scratch/westgroup/David/halogen_models/rmg_combustion_paper_FFCM/suppressants/2-BTP/cantera/chem_annotated.cti,0.01,300,1,13.937416310542963,2025.006606275213,0.18470149253731344,0.6944776119402986,0.01,6.8242789055361e-05,13.946927592155534,2025.001820864663,10.0
S(150),2-BTP(1),1.2,/scratch/westgroup/David/halogen_models/rmg_combustion_paper_FFCM/suppressants/2-BTP/cantera/chem_annotated.cti,0.01,300,1,13.937416310542963,2025.006606275213,0.18470149253731344,0.6944776119402986,0.01,5.860175272684252e-05,13.945583880785778,2025.1084387469502,10.0
S(4712),2-BTP(1),1.2,/scratch/westgroup/David/halogen_models/rmg_combustion_paper_FFCM/suppressants/2-BTP/cantera/chem_annotated.cti,0.01,300,1,13.937416310542963,2025.006606275213,0.18470149253731344,0.6944776119402986,0.01,-5.436929106473972e-05,13.929838636102179,2025.0245076145109,10.0
H2O2(12),2-BTP(1),1.2,/scratch/westgroup/David/halogen_models/rmg_combustion_paper_FFCM/suppressants/2-BTP/cantera/chem_annotated.cti,0.01,300,1,13.937416310542963,2025.006606275213,0.18470149253731344,0.6944776119402986,0.01,-4.867124197700802e-05,13.930632796925115,2025.016004174248,10.0
S(14280),2-BTP(1),1.2,/scratch/westgroup/David/halogen_models/rmg_combustion_paper_FFCM/suppressants/2-BTP/cantera/chem_annotated.cti,0.01,300,1,13.937416310542963,2025.006606275213,0.18470149253731344,0.6944776119402986,0.01,4.866477004083722e-05,13.944198922140123,2025.010518571528,10.0
S(13509),2-BTP(1),1.2,/scratch/westgroup/David/halogen_models/rmg_combustion_paper_FFCM/suppressants/2-BTP/cantera/chem_annotated.cti,0.01,300,1,13.937416310542963,2025.006606275213,0.18470149253731344,0.6944776119402986,0.01,-4.5669491318622274e-05,13.931051163410979,2025.0199453945877,10.0
CH3OH(26),2-BTP(1),1.2,/scratch/westgroup/David/halogen_models/rmg_combustion_paper_FFCM/suppressants/2-BTP/cantera/chem_annotated.cti,0.01,300,1,13.937416310542963,2025.006606275213,0.18470149253731344,0.6944776119402986,0.01,-4.0053184196268926e-05,13.9318339315159,2025.01558757522,10.0
S(3961),2-BTP(1),1.2,/scratch/westgroup/David/halogen_models/rmg_combustion_paper_FFCM/suppressants/2-BTP/cantera/chem_annotated.cti,0.01,300,1,13.937416310542963,2025.006606275213,0.18470149253731344,0.6944776119402986,0.01,3.9925845731057236e-05,13.942980941878005,2025.0135454242206,10.0
C2H3F2(64),2-BTP(1),1.2,/scratch/westgroup/David/halogen_models/rmg_combustion_paper_FFCM/suppressants/2-BTP/cantera/chem_annotated.cti,0.01,300,1,13.937416310542963,2025.006606275213,0.18470149253731344,0.6944776119402986,0.01,3.8218789831981325e-05,13.942743022390697,2025.0053940442303,10.0
S(24320),2-BTP(1),1.2,/scratch/westgroup/David/halogen_models/rmg_combustion_paper_FFCM/suppressants/2-BTP/cantera/chem_annotated.cti,0.01,300,1,13.937416310542963,2025.006606275213,0.18470149253731344,0.6944776119402986,0.01,3.807618323679749e-05,13.94272314671584,2024.6753379433103,10.0
S(130),2-BTP(1),1.2,/scratch/westgroup/David/halogen_models/rmg_combustion_paper_FFCM/suppressants/2-BTP/cantera/chem_annotated.cti,0.01,300,1,13.937416310542963,2025.006606275213,0.18470149253731344,0.6944776119402986,0.01,3.761010887083103e-05,13.942658187991139,2025.030533590366,10.0
S(164),2-BTP(1),1.2,/scratch/westgroup/David/halogen_models/rmg_combustion_paper_FFCM/suppressants/2-BTP/cantera/chem_annotated.cti,0.01,300,1,13.937416310542963,2025.006606275213,0.18470149253731344,0.6944776119402986,0.01,-3.6137770563942105e-05,13.932379639014117,2024.9401776575116,10.0
S(1795),2-BTP(1),1.2,/scratch/westgroup/David/halogen_models/rmg_combustion_paper_FFCM/suppressants/2-BTP/cantera/chem_annotated.cti,0.01,300,1,13.937416310542963,2025.006606275213,0.18470149253731344,0.6944776119402986,0.01,3.481116326787152e-05,13.942268087290149,2025.0167446181374,10.0
S(22780),2-BTP(1),1.2,/scratch/westgroup/David/halogen_models/rmg_combustion_paper_FFCM/suppressants/2-BTP/cantera/chem_annotated.cti,0.01,300,1,13.937416310542963,2025.006606275213,0.18470149253731344,0.6944776119402986,0.01,3.428160574903055e-05,13.942194280654144,2025.0615357337215,10.0
C3H2O(249),2-BTP(1),1.2,/scratch/westgroup/David/halogen_models/rmg_combustion_paper_FFCM/suppressants/2-BTP/cantera/chem_annotated.cti,0.01,300,1,13.937416310542963,2025.006606275213,0.18470149253731344,0.6944776119402986,0.01,-3.386447799482094e-05,13.932696477263432,2025.01457692577,10.0
S(132),2-BTP(1),1.2,/scratch/westgroup/David/halogen_models/rmg_combustion_paper_FFCM/suppressants/2-BTP/cantera/chem_annotated.cti,0.01,300,1,13.937416310542963,2025.006606275213,0.18470149253731344,0.6944776119402986,0.01,3.3801030791928635e-05,13.942127300921689,2025.0632399830934,10.0
S(17405),2-BTP(1),1.2,/scratch/westgroup/David/halogen_models/rmg_combustion_paper_FFCM/suppressants/2-BTP/cantera/chem_annotated.cti,0.01,300,1,13.937416310542963,2025.006606275213,0.18470149253731344,0.6944776119402986,0.01,3.231224356818655e-05,13.941919802448338,2024.9932014534202,10.0
S(27317),2-BTP(1),1.2,/scratch/westgroup/David/halogen_models/rmg_combustion_paper_FFCM/suppressants/2-BTP/cantera/chem_annotated.cti,0.01,300,1,13.937416310542963,2025.006606275213,0.18470149253731344,0.6944776119402986,0.01,2.9513906286195386e-05,13.941529786531573,2025.0543068399572,10.0
CH2CF2(57),2-BTP(1),1.2,/scratch/westgroup/David/halogen_models/rmg_combustion_paper_FFCM/suppressants/2-BTP/cantera/chem_annotated.cti,0.01,300,1,13.937416310542963,2025.006606275213,0.18470149253731344,0.6944776119402986,0.01,2.8469443956291395e-05,13.941384215468448,2025.053594470171,10.0
S(813),2-BTP(1),1.2,/scratch/westgroup/David/halogen_models/rmg_combustion_paper_FFCM/suppressants/2-BTP/cantera/chem_annotated.cti,0.01,300,1,13.937416310542963,2025.006606275213,0.18470149253731344,0.6944776119402986,0.01,2.7867668439096876e-05,13.941300343509361,2025.0471052851258,10.0
S(17406),2-BTP(1),1.2,/scratch/westgroup/David/halogen_models/rmg_combustion_paper_FFCM/suppressants/2-BTP/cantera/chem_annotated.cti,0.01,300,1,13.937416310542963,2025.006606275213,0.18470149253731344,0.6944776119402986,0.01,2.5884697791990966e-05,13.941023968634958,2025.0518519489488,10.0
S(1000),2-BTP(1),1.2,/scratch/westgroup/David/halogen_models/rmg_combustion_paper_FFCM/suppressants/2-BTP/cantera/chem_annotated.cti,0.01,300,1,13.937416310542963,2025.006606275213,0.18470149253731344,0.6944776119402986,0.01,2.413251593852749e-05,13.940779759755523,2025.047422548246,10.0
S(4912),2-BTP(1),1.2,/scratch/westgroup/David/halogen_models/rmg_combustion_paper_FFCM/suppressants/2-BTP/cantera/chem_annotated.cti,0.01,300,1,13.937416310542963,2025.006606275213,0.18470149253731344,0.6944776119402986,0.01,2.3894159205104512e-05,13.940746538985282,2025.045835960216,10.0
S(15744),2-BTP(1),1.2,/scratch/westgroup/David/halogen_models/rmg_combustion_paper_FFCM/suppressants/2-BTP/cantera/chem_annotated.cti,0.01,300,1,13.937416310542963,2025.006606275213,0.18470149253731344,0.6944776119402986,0.01,2.3415227418240908e-05,13.940679788268303,2025.0427824122119,10.0
O2(157),2-BTP(1),1.2,/scratch/westgroup/David/halogen_models/rmg_combustion_paper_FFCM/suppressants/2-BTP/cantera/chem_annotated.cti,0.01,300,1,13.937416310542963,2025.006606275213,0.18470149253731344,0.6944776119402986,0.01,2.3412579327061575e-05,13.940679419192811,2025.0002231850274,10.0
S(162),2-BTP(1),1.2,/scratch/westgroup/David/halogen_models/rmg_combustion_paper_FFCM/suppressants/2-BTP/cantera/chem_annotated.cti,0.01,300,1,13.937416310542963,2025.006606275213,0.18470149253731344,0.6944776119402986,0.01,-2.2749991830664052e-05,13.934245549470909,2024.970026102002,10.0
S(136),2-BTP(1),1.2,/scratch/westgroup/David/halogen_models/rmg_combustion_paper_FFCM/suppressants/2-BTP/cantera/chem_annotated.cti,0.01,300,1,13.937416310542963,2025.006606275213,0.18470149253731344,0.6944776119402986,0.01,2.2648232038426966e-05,13.940572888929136,2025.0432556247854,10.0
CH3CHO(36),2-BTP(1),1.2,/scratch/westgroup/David/halogen_models/rmg_combustion_paper_FFCM/suppressants/2-BTP/cantera/chem_annotated.cti,0.01,300,1,13.937416310542963,2025.006606275213,0.18470149253731344,0.6944776119402986,0.01,2.2542777622933143e-05,13.94055819130823,2025.0156405853827,10.0
S(16747),2-BTP(1),1.2,/scratch/westgroup/David/halogen_models/rmg_combustion_paper_FFCM/suppressants/2-BTP/cantera/chem_annotated.cti,0.01,300,1,13.937416310542963,2025.006606275213,0.18470149253731344,0.6944776119402986,0.01,2.234499062307159e-05,13.940530624910652,2025.043173145951,10.0
S(1812),2-BTP(1),1.2,/scratch/westgroup/David/halogen_models/rmg_combustion_paper_FFCM/suppressants/2-BTP/cantera/chem_annotated.cti,0.01,300,1,13.937416310542963,2025.006606275213,0.18470149253731344,0.6944776119402986,0.01,2.168657799714073e-05,13.940438859201935,2025.041531485386,10.0
S(14319),2-BTP(1),1.2,/scratch/westgroup/David/halogen_models/rmg_combustion_paper_FFCM/suppressants/2-BTP/cantera/chem_annotated.cti,0.01,300,1,13.937416310542963,2025.006606275213,0.18470149253731344,0.6944776119402986,0.01,2.0572743686951135e-05,13.940283619477114,2025.0304412331184,10.0
S(15932),2-BTP(1),1.2,/scratch/westgroup/David/halogen_models/rmg_combustion_paper_FFCM/suppressants/2-BTP/cantera/chem_annotated.cti,0.01,300,1,13.937416310542963,2025.006606275213,0.18470149253731344,0.6944776119402986,0.01,2.0424425149762275e-05,13.94026294770512,2025.039055952862,10.0
S(5155),2-BTP(1),1.2,/scratch/westgroup/David/halogen_models/rmg_combustion_paper_FFCM/suppressants/2-BTP/cantera/chem_annotated.cti,0.01,300,1,13.937416310542963,2025.006606275213,0.18470149253731344,0.6944776119402986,0.01,1.9685518117417766e-05,13.940159963155875,2025.0374873907638,10.0
S(4913),2-BTP(1),1.2,/scratch/westgroup/David/halogen_models/rmg_combustion_paper_FFCM/suppressants/2-BTP/cantera/chem_annotated.cti,0.01,300,1,13.937416310542963,2025.006606275213,0.18470149253731344,0.6944776119402986,0.01,1.9508255607672188e-05,13.940135257341929,2025.0372417970532,10.0
S(1697),2-BTP(1),1.2,/scratch/westgroup/David/halogen_models/rmg_combustion_paper_FFCM/suppressants/2-BTP/cantera/chem_annotated.cti,0.01,300,1,13.937416310542963,2025.006606275213,0.18470149253731344,0.6944776119402986,0.01,1.7649620701660378e-05,13.939876211657385,2025.0125770083532,10.0
S(879),2-BTP(1),1.2,/scratch/westgroup/David/halogen_models/rmg_combustion_paper_FFCM/suppressants/2-BTP/cantera/chem_annotated.cti,0.01,300,1,13.937416310542963,2025.006606275213,0.18470149253731344,0.6944776119402986,0.01,1.722197623046048e-05,13.939816609067105,2025.0326432752518,10.0
S(4206),2-BTP(1),1.2,/scratch/westgroup/David/halogen_models/rmg_combustion_paper_FFCM/suppressants/2-BTP/cantera/chem_annotated.cti,0.01,300,1,13.937416310542963,2025.006606275213,0.18470149253731344,0.6944776119402986,0.01,1.6607850361052077e-05,13.939731015788015,2025.0213994362894,10.0
C2H6(31),2-BTP(1),1.2,/scratch/westgroup/David/halogen_models/rmg_combustion_paper_FFCM/suppressants/2-BTP/cantera/chem_annotated.cti,0.01,300,1,13.937416310542963,2025.006606275213,0.18470149253731344,0.6944776119402986,0.01,1.603842532327443e-05,13.939651652649923,2025.0182081941866,10.0
C2HF2(72),2-BTP(1),1.2,/scratch/westgroup/David/halogen_models/rmg_combustion_paper_FFCM/suppressants/2-BTP/cantera/chem_annotated.cti,0.01,300,1,13.937416310542963,2025.006606275213,0.18470149253731344,0.6944776119402986,0.01,1.598078278589053e-05,13.939643618769516,2025.020280803189,10.0
S(18584),2-BTP(1),1.2,/scratch/westgroup/David/halogen_models/rmg_combustion_paper_FFCM/suppressants/2-BTP/cantera/chem_annotated.cti,0.01,300,1,13.937416310542963,2025.006606275213,0.18470149253731344,0.6944776119402986,0.01,1.563432965985062e-05,13.939595332155019,2025.0309891917288,10.0
S(17160),2-BTP(1),1.2,/scratch/westgroup/David/halogen_models/rmg_combustion_paper_FFCM/suppressants/2-BTP/cantera/chem_annotated.cti,0.01,300,1,13.937416310542963,2025.006606275213,0.18470149253731344,0.6944776119402986,0.01,1.5278746086948355e-05,13.939545772992131,2025.0255040156217,10.0
S(13736),2-BTP(1),1.2,/scratch/westgroup/David/halogen_models/rmg_combustion_paper_FFCM/suppressants/2-BTP/cantera/chem_annotated.cti,0.01,300,1,13.937416310542963,2025.006606275213,0.18470149253731344,0.6944776119402986,0.01,1.5093101766141528e-05,13.939519898970284,2024.9975674260393,10.0
S(4899),2-BTP(1),1.2,/scratch/westgroup/David/halogen_models/rmg_combustion_paper_FFCM/suppressants/2-BTP/cantera/chem_annotated.cti,0.01,300,1,13.937416310542963,2025.006606275213,0.18470149253731344,0.6944776119402986,0.01,1.4838457121635682e-05,13.939484408086066,2025.0252247288897,10.0
CHO2(204),2-BTP(1),1.2,/scratch/westgroup/David/halogen_models/rmg_combustion_paper_FFCM/suppressants/2-BTP/cantera/chem_annotated.cti,0.01,300,1,13.937416310542963,2025.006606275213,0.18470149253731344,0.6944776119402986,0.01,1.4282455153953936e-05,13.939406915777136,2025.0296737149642,10.0
S(13490),2-BTP(1),1.2,/scratch/westgroup/David/halogen_models/rmg_combustion_paper_FFCM/suppressants/2-BTP/cantera/chem_annotated.cti,0.01,300,1,13.937416310542963,2025.006606275213,0.18470149253731344,0.6944776119402986,0.01,1.3620339397944678e-05,13.939314633947763,2025.0135959197287,10.0
S(16381),2-BTP(1),1.2,/scratch/westgroup/David/halogen_models/rmg_combustion_paper_FFCM/suppressants/2-BTP/cantera/chem_annotated.cti,0.01,300,1,13.937416310542963,2025.006606275213,0.18470149253731344,0.6944776119402986,0.01,1.3450632345739917e-05,13.939290981169389,2025.0265342096895,10.0
S(18668),2-BTP(1),1.2,/scratch/westgroup/David/halogen_models/rmg_combustion_paper_FFCM/suppressants/2-BTP/cantera/chem_annotated.cti,0.01,300,1,13.937416310542963,2025.006606275213,0.18470149253731344,0.6944776119402986,0.01,1.3309182154420876e-05,13.939271266667353,2025.0260638776467,10.0
S(14333),2-BTP(1),1.2,/scratch/westgroup/David/halogen_models/rmg_combustion_paper_FFCM/suppressants/2-BTP/cantera/chem_annotated.cti,0.01,300,1,13.937416310542963,2025.006606275213,0.18470149253731344,0.6944776119402986,0.01,1.3254632240606413e-05,13.939263663818767,2025.0136269040663,10.0
S(23842),2-BTP(1),1.2,/scratch/westgroup/David/halogen_models/rmg_combustion_paper_FFCM/suppressants/2-BTP/cantera/chem_annotated.cti,0.01,300,1,13.937416310542963,2025.006606275213,0.18470149253731344,0.6944776119402986,0.01,1.2623207111788983e-05,13.939175659469875,2025.0263323568324,10.0
S(13492),2-BTP(1),1.2,/scratch/westgroup/David/halogen_models/rmg_combustion_paper_FFCM/suppressants/2-BTP/cantera/chem_annotated.cti,0.01,300,1,13.937416310542963,2025.006606275213,0.18470149253731344,0.6944776119402986,0.01,1.245665844317626e-05,13.93915244688857,2025.017391335751,10.0
S(16382),2-BTP(1),1.2,/scratch/westgroup/David/halogen_models/rmg_combustion_paper_FFCM/suppressants/2-BTP/cantera/chem_annotated.cti,0.01,300,1,13.937416310542963,2025.006606275213,0.18470149253731344,0.6944776119402986,0.01,1.2448965362367474e-05,13.939151374671871,2025.0232953429254,10.0
S(15782),2-BTP(1),1.2,/scratch/westgroup/David/halogen_models/rmg_combustion_paper_FFCM/suppressants/2-BTP/cantera/chem_annotated.cti,0.01,300,1,13.937416310542963,2025.006606275213,0.18470149253731344,0.6944776119402986,0.01,1.2437538301721631e-05,13.939149782034857,2025.0236970253059,10.0
S(6392),2-BTP(1),1.2,/scratch/westgroup/David/halogen_models/rmg_combustion_paper_FFCM/suppressants/2-BTP/cantera/chem_annotated.cti,0.01,300,1,13.937416310542963,2025.006606275213,0.18470149253731344,0.6944776119402986,0.01,1.2210841790170222e-05,13.93911818639828,2025.0225487413056,10.0
S(16955),2-BTP(1),1.2,/scratch/westgroup/David/halogen_models/rmg_combustion_paper_FFCM/suppressants/2-BTP/cantera/chem_annotated.cti,0.01,300,1,13.937416310542963,2025.006606275213,0.18470149253731344,0.6944776119402986,0.01,1.1537142885622254e-05,13.939024290177274,2025.0198854941166,10.0
S(13493),2-BTP(1),1.2,/scratch/westgroup/David/halogen_models/rmg_combustion_paper_FFCM/suppressants/2-BTP/cantera/chem_annotated.cti,0.01,300,1,13.937416310542963,2025.006606275213,0.18470149253731344,0.6944776119402986,0.01,1.148788192374212e-05,13.939017424471938,2025.020805832049,10.0
S(12869),2-BTP(1),1.2,/scratch/westgroup/David/halogen_models/rmg_combustion_paper_FFCM/suppressants/2-BTP/cantera/chem_annotated.cti,0.01,300,1,13.937416310542963,2025.006606275213,0.18470149253731344,0.6944776119402986,0.01,1.1278690690516253e-05,13.938988268618878,2025.0234201327207,10.0
S(22825),2-BTP(1),1.2,/scratch/westgroup/David/halogen_models/rmg_combustion_paper_FFCM/suppressants/2-BTP/cantera/chem_annotated.cti,0.01,300,1,13.937416310542963,2025.006606275213,0.18470149253731344,0.6944776119402986,0.01,-1.1047818870457102e-05,13.935876530033752,2024.9843287464562,10.0
S(23841),2-BTP(1),1.2,/scratch/westgroup/David/halogen_models/rmg_combustion_paper_FFCM/suppressants/2-BTP/cantera/chem_annotated.cti,0.01,300,1,13.937416310542963,2025.006606275213,0.18470149253731344,0.6944776119402986,0.01,1.097732146280401e-05,13.93894626553498,2025.0229665406637,10.0
S(8845),2-BTP(1),1.2,/scratch/westgroup/David/halogen_models/rmg_combustion_paper_FFCM/suppressants/2-BTP/cantera/chem_annotated.cti,0.01,300,1,13.937416310542963,2025.006606275213,0.18470149253731344,0.6944776119402986,0.01,1.0841409892633768e-05,13.938927322973631,2025.0200319754445,10.0
S(12868),2-BTP(1),1.2,/scratch/westgroup/David/halogen_models/rmg_combustion_paper_FFCM/suppressants/2-BTP/cantera/chem_annotated.cti,0.01,300,1,13.937416310542963,2025.006606275213,0.18470149253731344,0.6944776119402986,0.01,1.0746228240428392e-05,13.938914057110512,2025.022841448529,10.0
S(10462),2-BTP(1),1.2,/scratch/westgroup/David/halogen_models/rmg_combustion_paper_FFCM/suppressants/2-BTP/cantera/chem_annotated.cti,0.01,300,1,13.937416310542963,2025.006606275213,0.18470149253731344,0.6944776119402986,0.01,1.0510722947177886e-05,13.938881233757359,2025.0199108886702,10.0
S(1149),2-BTP(1),1.2,/scratch/westgroup/David/halogen_models/rmg_combustion_paper_FFCM/suppressants/2-BTP/cantera/chem_annotated.cti,0.01,300,1,13.937416310542963,2025.006606275213,0.18470149253731344,0.6944776119402986,0.01,1.04099078724005e-05,13.938867182740683,2025.0218325133774,10.0
S(15526),2-BTP(1),1.2,/scratch/westgroup/David/halogen_models/rmg_combustion_paper_FFCM/suppressants/2-BTP/cantera/chem_annotated.cti,0.01,300,1,13.937416310542963,2025.006606275213,0.18470149253731344,0.6944776119402986,0.01,1.040437113576255e-05,13.938866411062648,2025.0172532209774,10.0
S(10556),2-BTP(1),1.2,/scratch/westgroup/David/halogen_models/rmg_combustion_paper_FFCM/suppressants/2-BTP/cantera/chem_annotated.cti,0.01,300,1,13.937416310542963,2025.006606275213,0.18470149253731344,0.6944776119402986,0.01,1.034718119785422e-05,13.938858440262914,2025.0193095891216,10.0
S(18680),2-BTP(1),1.2,/scratch/westgroup/David/halogen_models/rmg_combustion_paper_FFCM/suppressants/2-BTP/cantera/chem_annotated.cti,0.01,300,1,13.937416310542963,2025.006606275213,0.18470149253731344,0.6944776119402986,0.01,1.032083164667594e-05,13.93885476781627,2025.0209548873377,10.0
S(24520),2-BTP(1),1.2,/scratch/westgroup/David/halogen_models/rmg_combustion_paper_FFCM/suppressants/2-BTP/cantera/chem_annotated.cti,0.01,300,1,13.937416310542963,2025.006606275213,0.18470149253731344,0.6944776119402986,0.01,1.0298729647173558e-05,13.938851687368587,2025.0137303958727,10.0
S(22930),2-BTP(1),1.2,/scratch/westgroup/David/halogen_models/rmg_combustion_paper_FFCM/suppressants/2-BTP/cantera/chem_annotated.cti,0.01,300,1,13.937416310542963,2025.006606275213,0.18470149253731344,0.6944776119402986,0.01,1.0281276349981383e-05,13.938849254829897,2025.0192051972838,10.0
S(18769),2-BTP(1),1.2,/scratch/westgroup/David/halogen_models/rmg_combustion_paper_FFCM/suppressants/2-BTP/cantera/chem_annotated.cti,0.01,300,1,13.937416310542963,2025.006606275213,0.18470149253731344,0.6944776119402986,0.01,1.0214727256266123e-05,13.938839979605655,2025.0216936366392,10.0
S(28804),2-BTP(1),1.2,/scratch/westgroup/David/halogen_models/rmg_combustion_paper_FFCM/suppressants/2-BTP/cantera/chem_annotated.cti,0.01,300,1,13.937416310542963,2025.006606275213,0.18470149253731344,0.6944776119402986,0.01,1.0046752365882748e-05,13.938816568245885,2025.0216352617995,10.0
S(18790),2-BTP(1),1.2,/scratch/westgroup/David/halogen_models/rmg_combustion_paper_FFCM/suppressants/2-BTP/cantera/chem_annotated.cti,0.01,300,1,13.937416310542963,2025.006606275213,0.18470149253731344,0.6944776119402986,0.01,9.990234503489463e-06,13.938808691116114,2025.0202101834875,10.0
S(13723),2-BTP(1),1.2,/scratch/westgroup/David/halogen_models/rmg_combustion_paper_FFCM/suppressants/2-BTP/cantera/chem_annotated.cti,0.01,300,1,13.937416310542963,2025.006606275213,0.18470149253731344,0.6944776119402986,0.01,9.886399532578853e-06,13.938794219203942,2025.021361133094,10.0
S(27322),2-BTP(1),1.2,/scratch/westgroup/David/halogen_models/rmg_combustion_paper_FFCM/suppressants/2-BTP/cantera/chem_annotated.cti,0.01,300,1,13.937416310542963,2025.006606275213,0.18470149253731344,0.6944776119402986,0.01,9.839240059111544e-06,13.938787646391795,2025.0189263290558,10.0
S(28810),2-BTP(1),1.2,/scratch/westgroup/David/halogen_models/rmg_combustion_paper_FFCM/suppressants/2-BTP/cantera/chem_annotated.cti,0.01,300,1,13.937416310542963,2025.006606275213,0.18470149253731344,0.6944776119402986,0.01,9.737120090560746e-06,13.938773413506642,2025.020291998649,10.0
S(137),2-BTP(1),1.2,/scratch/westgroup/David/halogen_models/rmg_combustion_paper_FFCM/suppressants/2-BTP/cantera/chem_annotated.cti,0.01,300,1,13.937416310542963,2025.006606275213,0.18470149253731344,0.6944776119402986,0.01,9.690300990239157e-06,13.938766888133717,2025.018627098408,10.0
S(25256),2-BTP(1),1.2,/scratch/westgroup/David/halogen_models/rmg_combustion_paper_FFCM/suppressants/2-BTP/cantera/chem_annotated.cti,0.01,300,1,13.937416310542963,2025.006606275213,0.18470149253731344,0.6944776119402986,0.01,9.661203594755051e-06,13.938762832708573,2025.0193214119229,10.0
S(2693),2-BTP(1),1.2,/scratch/westgroup/David/halogen_models/rmg_combustion_paper_FFCM/suppressants/2-BTP/cantera/chem_annotated.cti,0.01,300,1,13.937416310542963,2025.006606275213,0.18470149253731344,0.6944776119402986,0.01,9.66069211183518e-06,13.938762761421069,2025.0183214703347,10.0
CHF2(82),2-BTP(1),1.2,/scratch/westgroup/David/halogen_models/rmg_combustion_paper_FFCM/suppressants/2-BTP/cantera/chem_annotated.cti,0.01,300,1,13.937416310542963,2025.006606275213,0.18470149253731344,0.6944776119402986,0.01,-9.649414130259318e-06,13.9360714315241,2024.9924536521557,10.0
S(2163),2-BTP(1),1.2,/scratch/westgroup/David/halogen_models/rmg_combustion_paper_FFCM/suppressants/2-BTP/cantera/chem_annotated.cti,0.01,300,1,13.937416310542963,2025.006606275213,0.18470149253731344,0.6944776119402986,0.01,9.647628408513732e-06,13.938760940678351,2025.0172146375455,10.0
S(24945),2-BTP(1),1.2,/scratch/westgroup/David/halogen_models/rmg_combustion_paper_FFCM/suppressants/2-BTP/cantera/chem_annotated.cti,0.01,300,1,13.937416310542963,2025.006606275213,0.18470149253731344,0.6944776119402986,0.01,9.579898948574026e-06,13.938751500941555,2025.0204124720226,10.0
S(15931),2-BTP(1),1.2,/scratch/westgroup/David/halogen_models/rmg_combustion_paper_FFCM/suppressants/2-BTP/cantera/chem_annotated.cti,0.01,300,1,13.937416310542963,2025.006606275213,0.18470149253731344,0.6944776119402986,0.01,9.4937738871785e-06,13.9387394973332,2025.018798491622,10.0
S(23830),2-BTP(1),1.2,/scratch/westgroup/David/halogen_models/rmg_combustion_paper_FFCM/suppressants/2-BTP/cantera/chem_annotated.cti,0.01,300,1,13.937416310542963,2025.006606275213,0.18470149253731344,0.6944776119402986,0.01,9.48231171272727e-06,13.938737899802229,2025.019592332504,10.0
S(28762),2-BTP(1),1.2,/scratch/westgroup/David/halogen_models/rmg_combustion_paper_FFCM/suppressants/2-BTP/cantera/chem_annotated.cti,0.01,300,1,13.937416310542963,2025.006606275213,0.18470149253731344,0.6944776119402986,0.01,9.434097512708437e-06,13.938731179988451,2025.0179728389148,10.0
S(28806),2-BTP(1),1.2,/scratch/westgroup/David/halogen_models/rmg_combustion_paper_FFCM/suppressants/2-BTP/cantera/chem_annotated.cti,0.01,300,1,13.937416310542963,2025.006606275213,0.18470149253731344,0.6944776119402986,0.01,9.384451352171746e-06,13.938724260596375,2025.0194228707699,10.0
S(23078),2-BTP(1),1.2,/scratch/westgroup/David/halogen_models/rmg_combustion_paper_FFCM/suppressants/2-BTP/cantera/chem_annotated.cti,0.01,300,1,13.937416310542963,2025.006606275213,0.18470149253731344,0.6944776119402986,0.01,9.325562982700885e-06,13.938716053079164,2025.0201289643587,10.0
S(23694),2-BTP(1),1.2,/scratch/westgroup/David/halogen_models/rmg_combustion_paper_FFCM/suppressants/2-BTP/cantera/chem_annotated.cti,0.01,300,1,13.937416310542963,2025.006606275213,0.18470149253731344,0.6944776119402986,0.01,9.321867851584656e-06,13.938715538073357,2025.0203361046263,10.0
S(14369),2-BTP(1),1.2,/scratch/westgroup/David/halogen_models/rmg_combustion_paper_FFCM/suppressants/2-BTP/cantera/chem_annotated.cti,0.01,300,1,13.937416310542963,2025.006606275213,0.18470149253731344,0.6944776119402986,0.01,9.188539292274667e-06,13.938696955516985,2025.0168901886375,10.0
S(15522),2-BTP(1),1.2,/scratch/westgroup/David/halogen_models/rmg_combustion_paper_FFCM/suppressants/2-BTP/cantera/chem_annotated.cti,0.01,300,1,13.937416310542963,2025.006606275213,0.18470149253731344,0.6944776119402986,0.01,9.180236802971895e-06,13.938695798364487,2025.0182267408377,10.0
S(12867),2-BTP(1),1.2,/scratch/westgroup/David/halogen_models/rmg_combustion_paper_FFCM/suppressants/2-BTP/cantera/chem_annotated.cti,0.01,300,1,13.937416310542963,2025.006606275213,0.18470149253731344,0.6944776119402986,0.01,9.157489708603081e-06,13.938692628007246,2025.0198211119925,10.0
S(17261),2-BTP(1),1.2,/scratch/westgroup/David/halogen_models/rmg_combustion_paper_FFCM/suppressants/2-BTP/cantera/chem_annotated.cti,0.01,300,1,13.937416310542963,2025.006606275213,0.18470149253731344,0.6944776119402986,0.01,9.129221674706686e-06,13.938688688173679,2025.0194221613629,10.0
S(15120),2-BTP(1),1.2,/scratch/westgroup/David/halogen_models/rmg_combustion_paper_FFCM/suppressants/2-BTP/cantera/chem_annotated.cti,0.01,300,1,13.937416310542963,2025.006606275213,0.18470149253731344,0.6944776119402986,0.01,9.093935317191035e-06,13.938683770167131,2025.017125408951,10.0
S(14947),2-BTP(1),1.2,/scratch/westgroup/David/halogen_models/rmg_combustion_paper_FFCM/suppressants/2-BTP/cantera/chem_annotated.cti,0.01,300,1,13.937416310542963,2025.006606275213,0.18470149253731344,0.6944776119402986,0.01,9.066589660583049e-06,13.938679958889127,2025.014761886837,10.0
S(26103),2-BTP(1),1.2,/scratch/westgroup/David/halogen_models/rmg_combustion_paper_FFCM/suppressants/2-BTP/cantera/chem_annotated.cti,0.01,300,1,13.937416310542963,2025.006606275213,0.18470149253731344,0.6944776119402986,0.01,9.016941294941802e-06,13.938673039189716,2025.0189923332787,10.0
S(25254),2-BTP(1),1.2,/scratch/westgroup/David/halogen_models/rmg_combustion_paper_FFCM/suppressants/2-BTP/cantera/chem_annotated.cti,0.01,300,1,13.937416310542963,2025.006606275213,0.18470149253731344,0.6944776119402986,0.01,8.893675709975179e-06,13.938655859151972,2025.0187608862839,10.0
S(1392),2-BTP(1),1.2,/scratch/westgroup/David/halogen_models/rmg_combustion_paper_FFCM/suppressants/2-BTP/cantera/chem_annotated.cti,0.01,300,1,13.937416310542963,2025.006606275213,0.18470149253731344,0.6944776119402986,0.01,8.862955324335671e-06,13.938651577523933,2025.018491165952,10.0
S(18682),2-BTP(1),1.2,/scratch/westgroup/David/halogen_models/rmg_combustion_paper_FFCM/suppressants/2-BTP/cantera/chem_annotated.cti,0.01,300,1,13.937416310542963,2025.006606275213,0.18470149253731344,0.6944776119402986,0.01,8.8188020386445e-06,13.938645423696691,2025.0185419582087,10.0
S(15097),2-BTP(1),1.2,/scratch/westgroup/David/halogen_models/rmg_combustion_paper_FFCM/suppressants/2-BTP/cantera/chem_annotated.cti,0.01,300,1,13.937416310542963,2025.006606275213,0.18470149253731344,0.6944776119402986,0.01,8.813552018300537e-06,13.9386446919795,2025.0137932299806,10.0
S(1371),2-BTP(1),1.2,/scratch/westgroup/David/halogen_models/rmg_combustion_paper_FFCM/suppressants/2-BTP/cantera/chem_annotated.cti,0.01,300,1,13.937416310542963,2025.006606275213,0.18470149253731344,0.6944776119402986,0.01,8.77385827795255e-06,13.938639159697658,2025.019503171819,10.0
S(26102),2-BTP(1),1.2,/scratch/westgroup/David/halogen_models/rmg_combustion_paper_FFCM/suppressants/2-BTP/cantera/chem_annotated.cti,0.01,300,1,13.937416310542963,2025.006606275213,0.18470149253731344,0.6944776119402986,0.01,8.714828940047648e-06,13.938630932533089,2025.0186742910469,10.0
S(687),2-BTP(1),1.2,/scratch/westgroup/David/halogen_models/rmg_combustion_paper_FFCM/suppressants/2-BTP/cantera/chem_annotated.cti,0.01,300,1,13.937416310542963,2025.006606275213,0.18470149253731344,0.6944776119402986,0.01,8.568966878807881e-06,13.938610603130375,2025.0186416852703,10.0
S(12882),2-BTP(1),1.2,/scratch/westgroup/David/halogen_models/rmg_combustion_paper_FFCM/suppressants/2-BTP/cantera/chem_annotated.cti,0.01,300,1,13.937416310542963,2025.006606275213,0.18470149253731344,0.6944776119402986,0.01,8.43040710635807e-06,13.93859129147805,2025.0171775022102,10.0
S(17027),2-BTP(1),1.2,/scratch/westgroup/David/halogen_models/rmg_combustion_paper_FFCM/suppressants/2-BTP/cantera/chem_annotated.cti,0.01,300,1,13.937416310542963,2025.006606275213,0.18470149253731344,0.6944776119402986,0.01,8.425836087954075e-06,13.938590654396185,2025.015861589456,10.0
S(16954),2-BTP(1),1.2,/scratch/westgroup/David/halogen_models/rmg_combustion_paper_FFCM/suppressants/2-BTP/cantera/chem_annotated.cti,0.01,300,1,13.937416310542963,2025.006606275213,0.18470149253731344,0.6944776119402986,0.01,8.384927049234128e-06,13.93858495273315,2025.0175424864187,10.0
S(29141),2-BTP(1),1.2,/scratch/westgroup/David/halogen_models/rmg_combustion_paper_FFCM/suppressants/2-BTP/cantera/chem_annotated.cti,0.01,300,1,13.937416310542963,2025.006606275213,0.18470149253731344,0.6944776119402986,0.01,8.254855623515994e-06,13.938566824137046,2025.017722653682,10.0
C3HF3(202),2-BTP(1),1.2,/scratch/westgroup/David/halogen_models/rmg_combustion_paper_FFCM/suppressants/2-BTP/cantera/chem_annotated.cti,0.01,300,1,13.937416310542963,2025.006606275213,0.18470149253731344,0.6944776119402986,0.01,8.250813863203134e-06,13.938566260820085,2025.016813047803,10.0
S(23089),2-BTP(1),1.2,/scratch/westgroup/David/halogen_models/rmg_combustion_paper_FFCM/suppressants/2-BTP/cantera/chem_annotated.cti,0.01,300,1,13.937416310542963,2025.006606275213,0.18470149253731344,0.6944776119402986,0.01,8.187572807916008e-06,13.93855744665093,2025.0168515169096,10.0
S(15996),2-BTP(1),1.2,/scratch/westgroup/David/halogen_models/rmg_combustion_paper_FFCM/suppressants/2-BTP/cantera/chem_annotated.cti,0.01,300,1,13.937416310542963,2025.006606275213,0.18470149253731344,0.6944776119402986,0.01,8.14827861807597e-06,13.938551970056107,2025.017499627097,10.0
S(18852),2-BTP(1),1.2,/scratch/westgroup/David/halogen_models/rmg_combustion_paper_FFCM/suppressants/2-BTP/cantera/chem_annotated.cti,0.01,300,1,13.937416310542963,2025.006606275213,0.18470149253731344,0.6944776119402986,0.01,8.08360324799617e-06,13.938542955980529,2025.017087533305,10.0
S(1448),2-BTP(1),1.2,/scratch/westgroup/David/halogen_models/rmg_combustion_paper_FFCM/suppressants/2-BTP/cantera/chem_annotated.cti,0.01,300,1,13.937416310542963,2025.006606275213,0.18470149253731344,0.6944776119402986,0.01,8.076081076568163e-06,13.938541907584181,2025.0171232446226,10.0
S(723),2-BTP(1),1.2,/scratch/westgroup/David/halogen_models/rmg_combustion_paper_FFCM/suppressants/2-BTP/cantera/chem_annotated.cti,0.01,300,1,13.937416310542963,2025.006606275213,0.18470149253731344,0.6944776119402986,0.01,8.065163407794769e-06,13.938540385943233,2025.0171345633553,10.0
S(15933),2-BTP(1),1.2,/scratch/westgroup/David/halogen_models/rmg_combustion_paper_FFCM/suppressants/2-BTP/cantera/chem_annotated.cti,0.01,300,1,13.937416310542963,2025.006606275213,0.18470149253731344,0.6944776119402986,0.01,8.060877104771656e-06,13.938539788543336,2025.0170722466894,10.0
S(23294),2-BTP(1),1.2,/scratch/westgroup/David/halogen_models/rmg_combustion_paper_FFCM/suppressants/2-BTP/cantera/chem_annotated.cti,0.01,300,1,13.937416310542963,2025.006606275213,0.18470149253731344,0.6944776119402986,0.01,7.993990188156273e-06,13.93853046623531,2025.0167200234744,10.0
S(3806),2-BTP(1),1.2,/scratch/westgroup/David/halogen_models/rmg_combustion_paper_FFCM/suppressants/2-BTP/cantera/chem_annotated.cti,0.01,300,1,13.937416310542963,2025.006606275213,0.18470149253731344,0.6944776119402986,0.01,7.993471810802022e-06,13.9385303939869,2025.0145064219103,10.0
S(17159),2-BTP(1),1.2,/scratch/westgroup/David/halogen_models/rmg_combustion_paper_FFCM/suppressants/2-BTP/cantera/chem_annotated.cti,0.01,300,1,13.937416310542963,2025.006606275213,0.18470149253731344,0.6944776119402986,0.01,7.951560868576086e-06,13.938524552684402,2025.0158965459955,10.0
S(16953),2-BTP(1),1.2,/scratch/westgroup/David/halogen_models/rmg_combustion_paper_FFCM/suppressants/2-BTP/cantera/chem_annotated.cti,0.01,300,1,13.937416310542963,2025.006606275213,0.18470149253731344,0.6944776119402986,0.01,7.943355198229418e-06,13.938523409025965,2025.0159871151059,10.0
S(3167),2-BTP(1),1.2,/scratch/westgroup/David/halogen_models/rmg_combustion_paper_FFCM/suppressants/2-BTP/cantera/chem_annotated.cti,0.01,300,1,13.937416310542963,2025.006606275213,0.18470149253731344,0.6944776119402986,0.01,7.940731804032496e-06,13.938523043392594,2025.0183196940907,10.0
S(24141),2-BTP(1),1.2,/scratch/westgroup/David/halogen_models/rmg_combustion_paper_FFCM/suppressants/2-BTP/cantera/chem_annotated.cti,0.01,300,1,13.937416310542963,2025.006606275213,0.18470149253731344,0.6944776119402986,0.01,7.935894955860464e-06,13.938522369260928,2025.0168288120722,10.0
S(23171),2-BTP(1),1.2,/scratch/westgroup/David/halogen_models/rmg_combustion_paper_FFCM/suppressants/2-BTP/cantera/chem_annotated.cti,0.01,300,1,13.937416310542963,2025.006606275213,0.18470149253731344,0.6944776119402986,0.01,7.92937091024999e-06,13.938521459977531,2025.0172377352214,10.0
S(15152),2-BTP(1),1.2,/scratch/westgroup/David/halogen_models/rmg_combustion_paper_FFCM/suppressants/2-BTP/cantera/chem_annotated.cti,0.01,300,1,13.937416310542963,2025.006606275213,0.18470149253731344,0.6944776119402986,0.01,7.897163138048955e-06,13.938516971046235,2025.016033106599,10.0
S(23340),2-BTP(1),1.2,/scratch/westgroup/David/halogen_models/rmg_combustion_paper_FFCM/suppressants/2-BTP/cantera/chem_annotated.cti,0.01,300,1,13.937416310542963,2025.006606275213,0.18470149253731344,0.6944776119402986,0.01,7.860451984304743e-06,13.938511854459906,2025.0177082843556,10.0
S(23628),2-BTP(1),1.2,/scratch/westgroup/David/halogen_models/rmg_combustion_paper_FFCM/suppressants/2-BTP/cantera/chem_annotated.cti,0.01,300,1,13.937416310542963,2025.006606275213,0.18470149253731344,0.6944776119402986,0.01,7.794908496306632e-06,13.938502719391119,2025.016542473248,10.0
S(29071),2-BTP(1),1.2,/scratch/westgroup/David/halogen_models/rmg_combustion_paper_FFCM/suppressants/2-BTP/cantera/chem_annotated.cti,0.01,300,1,13.937416310542963,2025.006606275213,0.18470149253731344,0.6944776119402986,0.01,7.757149599381542e-06,13.93849745677646,2025.016246339761,10.0
S(16442),2-BTP(1),1.2,/scratch/westgroup/David/halogen_models/rmg_combustion_paper_FFCM/suppressants/2-BTP/cantera/chem_annotated.cti,0.01,300,1,13.937416310542963,2025.006606275213,0.18470149253731344,0.6944776119402986,0.01,7.684246923149345e-06,13.938487296026972,2025.0170315303453,10.0
S(16742),2-BTP(1),1.2,/scratch/westgroup/David/halogen_models/rmg_combustion_paper_FFCM/suppressants/2-BTP/cantera/chem_annotated.cti,0.01,300,1,13.937416310542963,2025.006606275213,0.18470149253731344,0.6944776119402986,0.01,7.630006817947616e-06,13.938479736357703,2025.0179743639553,10.0
S(23554),2-BTP(1),1.2,/scratch/westgroup/David/halogen_models/rmg_combustion_paper_FFCM/suppressants/2-BTP/cantera/chem_annotated.cti,0.01,300,1,13.937416310542963,2025.006606275213,0.18470149253731344,0.6944776119402986,0.01,7.6171949565850385e-06,13.938477950715248,2025.0162586187348,10.0
S(24096),2-BTP(1),1.2,/scratch/westgroup/David/halogen_models/rmg_combustion_paper_FFCM/suppressants/2-BTP/cantera/chem_annotated.cti,0.01,300,1,13.937416310542963,2025.006606275213,0.18470149253731344,0.6944776119402986,0.01,7.600976887951861e-06,13.938475690335505,2025.0482189841246,10.0
S(1533),2-BTP(1),1.2,/scratch/westgroup/David/halogen_models/rmg_combustion_paper_FFCM/suppressants/2-BTP/cantera/chem_annotated.cti,0.01,300,1,13.937416310542963,2025.006606275213,0.18470149253731344,0.6944776119402986,0.01,7.5770171071053946e-06,13.938472350961101,2025.0163060535913,10.0
S(6109),2-BTP(1),1.2,/scratch/westgroup/David/halogen_models/rmg_combustion_paper_FFCM/suppressants/2-BTP/cantera/chem_annotated.cti,0.01,300,1,13.937416310542963,2025.006606275213,0.18470149253731344,0.6944776119402986,0.01,7.556113166855664e-06,13.938469437491923,2025.0169037535416,10.0
S(2289),2-BTP(1),1.2,/scratch/westgroup/David/halogen_models/rmg_combustion_paper_FFCM/suppressants/2-BTP/cantera/chem_annotated.cti,0.01,300,1,13.937416310542963,2025.006606275213,0.18470149253731344,0.6944776119402986,0.01,7.461513659525894e-06,13.938456252764759,2025.0149591891861,10.0
S(12960),2-BTP(1),1.2,/scratch/westgroup/David/halogen_models/rmg_combustion_paper_FFCM/suppressants/2-BTP/cantera/chem_annotated.cti,0.01,300,1,13.937416310542963,2025.006606275213,0.18470149253731344,0.6944776119402986,0.01,7.455873909504153e-06,13.93845546672932,2025.0160164556235,10.0
S(23071),2-BTP(1),1.2,/scratch/westgroup/David/halogen_models/rmg_combustion_paper_FFCM/suppressants/2-BTP/cantera/chem_annotated.cti,0.01,300,1,13.937416310542963,2025.006606275213,0.18470149253731344,0.6944776119402986,0.01,7.4301020928394204e-06,13.93845187480394,2025.0160873847844,10.0
S(13617),2-BTP(1),1.2,/scratch/westgroup/David/halogen_models/rmg_combustion_paper_FFCM/suppressants/2-BTP/cantera/chem_annotated.cti,0.01,300,1,13.937416310542963,2025.006606275213,0.18470149253731344,0.6944776119402986,0.01,7.403960870702969e-06,13.938448231392982,2025.0154625539535,10.0
S(26088),2-BTP(1),1.2,/scratch/westgroup/David/halogen_models/rmg_combustion_paper_FFCM/suppressants/2-BTP/cantera/chem_annotated.cti,0.01,300,1,13.937416310542963,2025.006606275213,0.18470149253731344,0.6944776119402986,0.01,7.3790976796230045e-06,13.938444766106533,2025.0162019537734,10.0
S(12958),2-BTP(1),1.2,/scratch/westgroup/David/halogen_models/rmg_combustion_paper_FFCM/suppressants/2-BTP/cantera/chem_annotated.cti,0.01,300,1,13.937416310542963,2025.006606275213,0.18470149253731344,0.6944776119402986,0.01,7.376202700737136e-06,13.938444362621274,2025.0151267109854,10.0
S(670),2-BTP(1),1.2,/scratch/westgroup/David/halogen_models/rmg_combustion_paper_FFCM/suppressants/2-BTP/cantera/chem_annotated.cti,0.01,300,1,13.937416310542963,2025.006606275213,0.18470149253731344,0.6944776119402986,0.01,7.3084937024353874e-06,13.938434925736301,2025.0157734762338,10.0
S(815),2-BTP(1),1.2,/scratch/westgroup/David/halogen_models/rmg_combustion_paper_FFCM/suppressants/2-BTP/cantera/chem_annotated.cti,0.01,300,1,13.937416310542963,2025.006606275213,0.18470149253731344,0.6944776119402986,0.01,7.2593666372941495e-06,13.938428078692711,2025.0151536504802,10.0
CH2O2(209),2-BTP(1),1.2,/scratch/westgroup/David/halogen_models/rmg_combustion_paper_FFCM/suppressants/2-BTP/cantera/chem_annotated.cti,0.01,300,1,13.937416310542963,2025.006606275213,0.18470149253731344,0.6944776119402986,0.01,7.252981551200603e-06,13.93842718877668,2025.015412595274,10.0
S(12715),2-BTP(1),1.2,/scratch/westgroup/David/halogen_models/rmg_combustion_paper_FFCM/suppressants/2-BTP/cantera/chem_annotated.cti,0.01,300,1,13.937416310542963,2025.006606275213,0.18470149253731344,0.6944776119402986,0.01,7.241325942595279e-06,13.938425564285986,2025.0147991712172,10.0
S(13722),2-BTP(1),1.2,/scratch/westgroup/David/halogen_models/rmg_combustion_paper_FFCM/suppressants/2-BTP/cantera/chem_annotated.cti,0.01,300,1,13.937416310542963,2025.006606275213,0.18470149253731344,0.6944776119402986,0.01,7.218046311639597e-06,13.938422319706904,2025.0156156841608,10.0
S(27368),2-BTP(1),1.2,/scratch/westgroup/David/halogen_models/rmg_combustion_paper_FFCM/suppressants/2-BTP/cantera/chem_annotated.cti,0.01,300,1,13.937416310542963,2025.006606275213,0.18470149253731344,0.6944776119402986,0.01,7.196293589118745e-06,13.938419287939407,2025.0155440744456,10.0
S(13505),2-BTP(1),1.2,/scratch/westgroup/David/halogen_models/rmg_combustion_paper_FFCM/suppressants/2-BTP/cantera/chem_annotated.cti,0.01,300,1,13.937416310542963,2025.006606275213,0.18470149253731344,0.6944776119402986,0.01,7.173776770810701e-06,13.9384161496767,2025.0154792437793,10.0
S(24998),2-BTP(1),1.2,/scratch/westgroup/David/halogen_models/rmg_combustion_paper_FFCM/suppressants/2-BTP/cantera/chem_annotated.cti,0.01,300,1,13.937416310542963,2025.006606275213,0.18470149253731344,0.6944776119402986,0.01,7.167080818020277e-06,13.938415216433883,2025.0146316987275,10.0
S(5964),2-BTP(1),1.2,/scratch/westgroup/David/halogen_models/rmg_combustion_paper_FFCM/suppressants/2-BTP/cantera/chem_annotated.cti,0.01,300,1,13.937416310542963,2025.006606275213,0.18470149253731344,0.6944776119402986,0.01,7.126659520225708e-06,13.938409582749332,2025.0147056528747,10.0
S(23165),2-BTP(1),1.2,/scratch/westgroup/David/halogen_models/rmg_combustion_paper_FFCM/suppressants/2-BTP/cantera/chem_annotated.cti,0.01,300,1,13.937416310542963,2025.006606275213,0.18470149253731344,0.6944776119402986,0.01,7.126374134419831e-06,13.938409542973924,2025.0154896683443,10.0
S(25403),2-BTP(1),1.2,/scratch/westgroup/David/halogen_models/rmg_combustion_paper_FFCM/suppressants/2-BTP/cantera/chem_annotated.cti,0.01,300,1,13.937416310542963,2025.006606275213,0.18470149253731344,0.6944776119402986,0.01,7.085960830655022e-06,13.938403910403533,2025.0150659442602,10.0
S(15869),2-BTP(1),1.2,/scratch/westgroup/David/halogen_models/rmg_combustion_paper_FFCM/suppressants/2-BTP/cantera/chem_annotated.cti,0.01,300,1,13.937416310542963,2025.006606275213,0.18470149253731344,0.6944776119402986,0.01,7.0845156021407855e-06,13.938403708976018,2025.0150534211882,10.0
S(3794),2-BTP(1),1.2,/scratch/westgroup/David/halogen_models/rmg_combustion_paper_FFCM/suppressants/2-BTP/cantera/chem_annotated.cti,0.01,300,1,13.937416310542963,2025.006606275213,0.18470149253731344,0.6944776119402986,0.01,7.073750339607165e-06,13.938402208576562,2025.0154078646474,10.0
S(27366),2-BTP(1),1.2,/scratch/westgroup/David/halogen_models/rmg_combustion_paper_FFCM/suppressants/2-BTP/cantera/chem_annotated.cti,0.01,300,1,13.937416310542963,2025.006606275213,0.18470149253731344,0.6944776119402986,0.01,7.06186755214854e-06,13.938400552423005,2025.015608768242,10.0
S(740),2-BTP(1),1.2,/scratch/westgroup/David/halogen_models/rmg_combustion_paper_FFCM/suppressants/2-BTP/cantera/chem_annotated.cti,0.01,300,1,13.937416310542963,2025.006606275213,0.18470149253731344,0.6944776119402986,0.01,7.057576339851042e-06,13.938399954338882,2025.015114751759,10.0
S(1256),2-BTP(1),1.2,/scratch/westgroup/David/halogen_models/rmg_combustion_paper_FFCM/suppressants/2-BTP/cantera/chem_annotated.cti,0.01,300,1,13.937416310542963,2025.006606275213,0.18470149253731344,0.6944776119402986,0.01,7.044136917474963e-06,13.938398081230636,2025.0149260387211,10.0
S(27207),2-BTP(1),1.2,/scratch/westgroup/David/halogen_models/rmg_combustion_paper_FFCM/suppressants/2-BTP/cantera/chem_annotated.cti,0.01,300,1,13.937416310542963,2025.006606275213,0.18470149253731344,0.6944776119402986,0.01,7.017624898367232e-06,13.93839438614016,2025.0149511702643,10.0
S(23342),2-BTP(1),1.2,/scratch/westgroup/David/halogen_models/rmg_combustion_paper_FFCM/suppressants/2-BTP/cantera/chem_annotated.cti,0.01,300,1,13.937416310542963,2025.006606275213,0.18470149253731344,0.6944776119402986,0.01,7.011144283479759e-06,13.938393482909884,2025.0145168388508,10.0
S(681),2-BTP(1),1.2,/scratch/westgroup/David/halogen_models/rmg_combustion_paper_FFCM/suppressants/2-BTP/cantera/chem_annotated.cti,0.01,300,1,13.937416310542963,2025.006606275213,0.18470149253731344,0.6944776119402986,0.01,6.994134955363675e-06,13.938391112249013,2025.015020733204,10.0
S(22572),2-BTP(1),1.2,/scratch/westgroup/David/halogen_models/rmg_combustion_paper_FFCM/suppressants/2-BTP/cantera/chem_annotated.cti,0.01,300,1,13.937416310542963,2025.006606275213,0.18470149253731344,0.6944776119402986,0.01,6.982436366031457e-06,13.938389481767915,2025.0152966790192,10.0
S(15746),2-BTP(1),1.2,/scratch/westgroup/David/halogen_models/rmg_combustion_paper_FFCM/suppressants/2-BTP/cantera/chem_annotated.cti,0.01,300,1,13.937416310542963,2025.006606275213,0.18470149253731344,0.6944776119402986,0.01,6.971975017004792e-06,13.93838802372615,2025.0154167471858,10.0
S(16707),2-BTP(1),1.2,/scratch/westgroup/David/halogen_models/rmg_combustion_paper_FFCM/suppressants/2-BTP/cantera/chem_annotated.cti,0.01,300,1,13.937416310542963,2025.006606275213,0.18470149253731344,0.6944776119402986,0.01,6.949872471878785e-06,13.93838494320242,2025.0155090297212,10.0
S(29957),2-BTP(1),1.2,/scratch/westgroup/David/halogen_models/rmg_combustion_paper_FFCM/suppressants/2-BTP/cantera/chem_annotated.cti,0.01,300,1,13.937416310542963,2025.006606275213,0.18470149253731344,0.6944776119402986,0.01,6.942914773060171e-06,13.93838397347897,2025.0148524343865,10.0
S(16699),2-BTP(1),1.2,/scratch/westgroup/David/halogen_models/rmg_combustion_paper_FFCM/suppressants/2-BTP/cantera/chem_annotated.cti,0.01,300,1,13.937416310542963,2025.006606275213,0.18470149253731344,0.6944776119402986,0.01,6.900352496715113e-06,13.938378041397325,2025.009344926999,10.0
S(12849),2-BTP(1),1.2,/scratch/westgroup/David/halogen_models/rmg_combustion_paper_FFCM/suppressants/2-BTP/cantera/chem_annotated.cti,0.01,300,1,13.937416310542963,2025.006606275213,0.18470149253731344,0.6944776119402986,0.01,6.834209299514602e-06,13.93836882274457,2025.0148234932637,10.0
C3H4(3808),2-BTP(1),1.2,/scratch/westgroup/David/halogen_models/rmg_combustion_paper_FFCM/suppressants/2-BTP/cantera/chem_annotated.cti,0.01,300,1,13.937416310542963,2025.006606275213,0.18470149253731344,0.6944776119402986,0.01,6.819532049685359e-06,13.938366777115158,2025.0067520074676,10.0
S(3168),2-BTP(1),1.2,/scratch/westgroup/David/halogen_models/rmg_combustion_paper_FFCM/suppressants/2-BTP/cantera/chem_annotated.cti,0.01,300,1,13.937416310542963,2025.006606275213,0.18470149253731344,0.6944776119402986,0.01,6.814853587780399e-06,13.938366125058446,2025.0146906788343,10.0
S(12600),2-BTP(1),1.2,/scratch/westgroup/David/halogen_models/rmg_combustion_paper_FFCM/suppressants/2-BTP/cantera/chem_annotated.cti,0.01,300,1,13.937416310542963,2025.006606275213,0.18470149253731344,0.6944776119402986,0.01,6.806992967610115e-06,13.938365029491088,2025.014286649093,10.0
S(24944),2-BTP(1),1.2,/scratch/westgroup/David/halogen_models/rmg_combustion_paper_FFCM/suppressants/2-BTP/cantera/chem_annotated.cti,0.01,300,1,13.937416310542963,2025.006606275213,0.18470149253731344,0.6944776119402986,0.01,6.7647451304138305e-06,13.938359141234136,2025.014871373377,10.0
S(22711),2-BTP(1),1.2,/scratch/westgroup/David/halogen_models/rmg_combustion_paper_FFCM/suppressants/2-BTP/cantera/chem_annotated.cti,0.01,300,1,13.937416310542963,2025.006606275213,0.18470149253731344,0.6944776119402986,0.01,6.7617779770438884e-06,13.938358727689618,2025.0155574421774,10.0
S(12889),2-BTP(1),1.2,/scratch/westgroup/David/halogen_models/rmg_combustion_paper_FFCM/suppressants/2-BTP/cantera/chem_annotated.cti,0.01,300,1,13.937416310542963,2025.006606275213,0.18470149253731344,0.6944776119402986,0.01,6.749278425891067e-06,13.938356985575137,2025.0146437911972,10.0
S(24883),2-BTP(1),1.2,/scratch/westgroup/David/halogen_models/rmg_combustion_paper_FFCM/suppressants/2-BTP/cantera/chem_annotated.cti,0.01,300,1,13.937416310542963,2025.006606275213,0.18470149253731344,0.6944776119402986,0.01,6.717882292973726e-06,13.938352609765387,2025.0141051400321,10.0
S(15745),2-BTP(1),1.2,/scratch/westgroup/David/halogen_models/rmg_combustion_paper_FFCM/suppressants/2-BTP/cantera/chem_annotated.cti,0.01,300,1,13.937416310542963,2025.006606275213,0.18470149253731344,0.6944776119402986,0.01,6.706003446406327e-06,13.938350954161088,2025.0145199887418,10.0
S(13843),2-BTP(1),1.2,/scratch/westgroup/David/halogen_models/rmg_combustion_paper_FFCM/suppressants/2-BTP/cantera/chem_annotated.cti,0.01,300,1,13.937416310542963,2025.006606275213,0.18470149253731344,0.6944776119402986,0.01,6.644857542191991e-06,13.93834243200186,2025.0173460817732,10.0
S(24864),2-BTP(1),1.2,/scratch/westgroup/David/halogen_models/rmg_combustion_paper_FFCM/suppressants/2-BTP/cantera/chem_annotated.cti,0.01,300,1,13.937416310542963,2025.006606275213,0.18470149253731344,0.6944776119402986,0.01,6.6390435993230945e-06,13.938341621688439,2025.0147850517474,10.0
S(13586),2-BTP(1),1.2,/scratch/westgroup/David/halogen_models/rmg_combustion_paper_FFCM/suppressants/2-BTP/cantera/chem_annotated.cti,0.01,300,1,13.937416310542963,2025.006606275213,0.18470149253731344,0.6944776119402986,0.01,6.637071903134576e-06,13.938341346884933,2025.014878023616,10.0
S(22256),2-BTP(1),1.2,/scratch/westgroup/David/halogen_models/rmg_combustion_paper_FFCM/suppressants/2-BTP/cantera/chem_annotated.cti,0.01,300,1,13.937416310542963,2025.006606275213,0.18470149253731344,0.6944776119402986,0.01,6.6370373206144225e-06,13.938341342065023,2025.0145562243529,10.0
CF3O2(837),2-BTP(1),1.2,/scratch/westgroup/David/halogen_models/rmg_combustion_paper_FFCM/suppressants/2-BTP/cantera/chem_annotated.cti,0.01,300,1,13.937416310542963,2025.006606275213,0.18470149253731344,0.6944776119402986,0.01,6.625070562839516e-06,13.938339674208173,2025.0186171684502,10.0
S(23582),2-BTP(1),1.2,/scratch/westgroup/David/halogen_models/rmg_combustion_paper_FFCM/suppressants/2-BTP/cantera/chem_annotated.cti,0.01,300,1,13.937416310542963,2025.006606275213,0.18470149253731344,0.6944776119402986,0.01,6.607779952170365e-06,13.938337264343781,2025.0142303336997,10.0
S(13285),2-BTP(1),1.2,/scratch/westgroup/David/halogen_models/rmg_combustion_paper_FFCM/suppressants/2-BTP/cantera/chem_annotated.cti,0.01,300,1,13.937416310542963,2025.006606275213,0.18470149253731344,0.6944776119402986,0.01,6.603447241009271e-06,13.93833666047579,2025.0143398838059,10.0
S(2453),2-BTP(1),1.2,/scratch/westgroup/David/halogen_models/rmg_combustion_paper_FFCM/suppressants/2-BTP/cantera/chem_annotated.cti,0.01,300,1,13.937416310542963,2025.006606275213,0.18470149253731344,0.6944776119402986,0.01,6.594391143554827e-06,13.938335398289786,2025.0145734293937,10.0
S(22180),2-BTP(1),1.2,/scratch/westgroup/David/halogen_models/rmg_combustion_paper_FFCM/suppressants/2-BTP/cantera/chem_annotated.cti,0.01,300,1,13.937416310542963,2025.006606275213,0.18470149253731344,0.6944776119402986,0.01,6.593894376158962e-06,13.938335329053245,2025.014615022714,10.0
S(22181),2-BTP(1),1.2,/scratch/westgroup/David/halogen_models/rmg_combustion_paper_FFCM/suppressants/2-BTP/cantera/chem_annotated.cti,0.01,300,1,13.937416310542963,2025.006606275213,0.18470149253731344,0.6944776119402986,0.01,6.562448492614069e-06,13.938330946309543,2025.0143713183263,10.0
S(26781),2-BTP(1),1.2,/scratch/westgroup/David/halogen_models/rmg_combustion_paper_FFCM/suppressants/2-BTP/cantera/chem_annotated.cti,0.01,300,1,13.937416310542963,2025.006606275213,0.18470149253731344,0.6944776119402986,0.01,6.553115175890301e-06,13.938329645486336,2025.0144395836408,10.0
S(27340),2-BTP(1),1.2,/scratch/westgroup/David/halogen_models/rmg_combustion_paper_FFCM/suppressants/2-BTP/cantera/chem_annotated.cti,0.01,300,1,13.937416310542963,2025.006606275213,0.18470149253731344,0.6944776119402986,0.01,6.539991616828601e-06,13.938327816401275,2025.014351651387,10.0
S(16151),2-BTP(1),1.2,/scratch/westgroup/David/halogen_models/rmg_combustion_paper_FFCM/suppressants/2-BTP/cantera/chem_annotated.cti,0.01,300,1,13.937416310542963,2025.006606275213,0.18470149253731344,0.6944776119402986,0.01,6.512720563169536e-06,13.938324015520994,2025.013897571907,10.0
S(18854),2-BTP(1),1.2,/scratch/westgroup/David/halogen_models/rmg_combustion_paper_FFCM/suppressants/2-BTP/cantera/chem_annotated.cti,0.01,300,1,13.937416310542963,2025.006606275213,0.18470149253731344,0.6944776119402986,0.01,6.50495937887129e-06,13.938322933812428,2025.0140749283955,10.0
S(746),2-BTP(1),1.2,/scratch/westgroup/David/halogen_models/rmg_combustion_paper_FFCM/suppressants/2-BTP/cantera/chem_annotated.cti,0.01,300,1,13.937416310542963,2025.006606275213,0.18470149253731344,0.6944776119402986,0.01,6.495778117230509e-06,13.93832165418177,2025.014508617319,10.0
Ne,2-BTP(1),1.2,/scratch/westgroup/David/halogen_models/rmg_combustion_paper_FFCM/suppressants/2-BTP/cantera/chem_annotated.cti,0.01,300,1,13.937416310542963,2025.006606275213,0.18470149253731344,0.6944776119402986,0.01,6.490993636742158e-06,13.938320987348806,2025.0142346190719,10.0
S(15783),2-BTP(1),1.2,/scratch/westgroup/David/halogen_models/rmg_combustion_paper_FFCM/suppressants/2-BTP/cantera/chem_annotated.cti,0.01,300,1,13.937416310542963,2025.006606275213,0.18470149253731344,0.6944776119402986,0.01,6.48826246007193e-06,13.938320606693344,2025.0143012714511,10.0
S(30431),2-BTP(1),1.2,/scratch/westgroup/David/halogen_models/rmg_combustion_paper_FFCM/suppressants/2-BTP/cantera/chem_annotated.cti,0.01,300,1,13.937416310542963,2025.006606275213,0.18470149253731344,0.6944776119402986,0.01,6.4774462069265805e-06,13.938319099187114,2025.0142533182361,10.0
S(29857),2-BTP(1),1.2,/scratch/westgroup/David/halogen_models/rmg_combustion_paper_FFCM/suppressants/2-BTP/cantera/chem_annotated.cti,0.01,300,1,13.937416310542963,2025.006606275213,0.18470149253731344,0.6944776119402986,0.01,6.466091656385154e-06,13.938317516656134,2025.0142412998016,10.0
S(998),2-BTP(1),1.2,/scratch/westgroup/David/halogen_models/rmg_combustion_paper_FFCM/suppressants/2-BTP/cantera/chem_annotated.cti,0.01,300,1,13.937416310542963,2025.006606275213,0.18470149253731344,0.6944776119402986,0.01,6.453326958175696e-06,13.938315737587004,2025.0142063096926,10.0
S(37152),2-BTP(1),1.2,/scratch/westgroup/David/halogen_models/rmg_combustion_paper_FFCM/suppressants/2-BTP/cantera/chem_annotated.cti,0.01,300,1,13.937416310542963,2025.006606275213,0.18470149253731344,0.6944776119402986,0.01,6.453163375713444e-06,13.938315714787835,2025.0142092878402,10.0
S(25118),2-BTP(1),1.2,/scratch/westgroup/David/halogen_models/rmg_combustion_paper_FFCM/suppressants/2-BTP/cantera/chem_annotated.cti,0.01,300,1,13.937416310542963,2025.006606275213,0.18470149253731344,0.6944776119402986,0.01,6.445468249383222e-06,13.938314642286043,2025.0141951522148,10.0
S(23671),2-BTP(1),1.2,/scratch/westgroup/David/halogen_models/rmg_combustion_paper_FFCM/suppressants/2-BTP/cantera/chem_annotated.cti,0.01,300,1,13.937416310542963,2025.006606275213,0.18470149253731344,0.6944776119402986,0.01,6.439485076025472e-06,13.938313808386264,2025.0141551599884,10.0
S(839),2-BTP(1),1.2,/scratch/westgroup/David/halogen_models/rmg_combustion_paper_FFCM/suppressants/2-BTP/cantera/chem_annotated.cti,0.01,300,1,13.937416310542963,2025.006606275213,0.18470149253731344,0.6944776119402986,0.01,6.434204474388535e-06,13.93831307240683,2025.014921108625,10.0
S(26698),2-BTP(1),1.2,/scratch/westgroup/David/halogen_models/rmg_combustion_paper_FFCM/suppressants/2-BTP/cantera/chem_annotated.cti,0.01,300,1,13.937416310542963,2025.006606275213,0.18470149253731344,0.6944776119402986,0.01,6.40597640216536e-06,13.938309138142888,2025.014216657618,10.0
S(27549),2-BTP(1),1.2,/scratch/westgroup/David/halogen_models/rmg_combustion_paper_FFCM/suppressants/2-BTP/cantera/chem_annotated.cti,0.01,300,1,13.937416310542963,2025.006606275213,0.18470149253731344,0.6944776119402986,0.01,6.394232743518655e-06,13.938307501380292,2025.01412824901,10.0
S(374),2-BTP(1),1.2,/scratch/westgroup/David/halogen_models/rmg_combustion_paper_FFCM/suppressants/2-BTP/cantera/chem_annotated.cti,0.01,300,1,13.937416310542963,2025.006606275213,0.18470149253731344,0.6944776119402986,0.01,6.379906132155469e-06,13.938305504620823,2025.0142635418954,10.0
S(12636),2-BTP(1),1.2,/scratch/westgroup/David/halogen_models/rmg_combustion_paper_FFCM/suppressants/2-BTP/cantera/chem_annotated.cti,0.01,300,1,13.937416310542963,2025.006606275213,0.18470149253731344,0.6944776119402986,0.01,6.370982657387726e-06,13.938304260918995,2025.0143359479307,10.0
S(15309),2-BTP(1),1.2,/scratch/westgroup/David/halogen_models/rmg_combustion_paper_FFCM/suppressants/2-BTP/cantera/chem_annotated.cti,0.01,300,1,13.937416310542963,2025.006606275213,0.18470149253731344,0.6944776119402986,0.01,6.353113234059877e-06,13.938301770383074,2025.0140956254165,10.0
S(25117),2-BTP(1),1.2,/scratch/westgroup/David/halogen_models/rmg_combustion_paper_FFCM/suppressants/2-BTP/cantera/chem_annotated.cti,0.01,300,1,13.937416310542963,2025.006606275213,0.18470149253731344,0.6944776119402986,0.01,6.330839314046027e-06,13.938298665974113,2025.0146838055405,10.0
S(7525),2-BTP(1),1.2,/scratch/westgroup/David/halogen_models/rmg_combustion_paper_FFCM/suppressants/2-BTP/cantera/chem_annotated.cti,0.01,300,1,13.937416310542963,2025.006606275213,0.18470149253731344,0.6944776119402986,0.01,6.317000225779361e-06,13.938296737162768,2025.0141291571422,10.0
S(211),2-BTP(1),1.2,/scratch/westgroup/David/halogen_models/rmg_combustion_paper_FFCM/suppressants/2-BTP/cantera/chem_annotated.cti,0.01,300,1,13.937416310542963,2025.006606275213,0.18470149253731344,0.6944776119402986,0.01,6.1924096006675665e-06,13.938279372448662,2025.0138860069944,10.0
S(15544),2-BTP(1),1.2,/scratch/westgroup/David/halogen_models/rmg_combustion_paper_FFCM/suppressants/2-BTP/cantera/chem_annotated.cti,0.01,300,1,13.937416310542963,2025.006606275213,0.18470149253731344,0.6944776119402986,0.01,6.172657633018382e-06,13.938276619534701,2025.013797958826,10.0
Ar(9),2-BTP(1),1.2,/scratch/westgroup/David/halogen_models/rmg_combustion_paper_FFCM/suppressants/2-BTP/cantera/chem_annotated.cti,0.01,300,1,13.937416310542963,2025.006606275213,0.18470149253731344,0.6944776119402986,0.01,6.167646200771376e-06,13.938275921070526,2025.015492839668,10.0
S(3089),2-BTP(1),1.2,/scratch/westgroup/David/halogen_models/rmg_combustion_paper_FFCM/suppressants/2-BTP/cantera/chem_annotated.cti,0.01,300,1,13.937416310542963,2025.006606275213,0.18470149253731344,0.6944776119402986,0.01,6.1578967786356905e-06,13.938274562252975,2025.014582494996,10.0
S(26829),2-BTP(1),1.2,/scratch/westgroup/David/halogen_models/rmg_combustion_paper_FFCM/suppressants/2-BTP/cantera/chem_annotated.cti,0.01,300,1,13.937416310542963,2025.006606275213,0.18470149253731344,0.6944776119402986,0.01,6.132514742196347e-06,13.938271024652888,2025.0113415099167,10.0
S(613),2-BTP(1),1.2,/scratch/westgroup/David/halogen_models/rmg_combustion_paper_FFCM/suppressants/2-BTP/cantera/chem_annotated.cti,0.01,300,1,13.937416310542963,2025.006606275213,0.18470149253731344,0.6944776119402986,0.01,6.11261245553124e-06,13.93826825078834,2025.0138829363461,10.0
He(10),2-BTP(1),1.2,/scratch/westgroup/David/halogen_models/rmg_combustion_paper_FFCM/suppressants/2-BTP/cantera/chem_annotated.cti,0.01,300,1,13.937416310542963,2025.006606275213,0.18470149253731344,0.6944776119402986,0.01,6.057800343130687e-06,13.938260611396046,2025.0136726791466,10.0
S(2448),2-BTP(1),1.2,/scratch/westgroup/David/halogen_models/rmg_combustion_paper_FFCM/suppressants/2-BTP/cantera/chem_annotated.cti,0.01,300,1,13.937416310542963,2025.006606275213,0.18470149253731344,0.6944776119402986,0.01,5.81497627498505e-06,13.938226767994767,2025.0133868065766,10.0
S(24335),2-BTP(1),1.2,/scratch/westgroup/David/halogen_models/rmg_combustion_paper_FFCM/suppressants/2-BTP/cantera/chem_annotated.cti,0.01,300,1,13.937416310542963,2025.006606275213,0.18470149253731344,0.6944776119402986,0.01,5.767053204910531e-06,13.938220088756982,2024.989120478345,10.0
S(13738),2-BTP(1),1.2,/scratch/westgroup/David/halogen_models/rmg_combustion_paper_FFCM/suppressants/2-BTP/cantera/chem_annotated.cti,0.01,300,1,13.937416310542963,2025.006606275213,0.18470149253731344,0.6944776119402986,0.01,5.714868267454213e-06,13.938212815524997,2025.015612302902,10.0
S(22889),2-BTP(1),1.2,/scratch/westgroup/David/halogen_models/rmg_combustion_paper_FFCM/suppressants/2-BTP/cantera/chem_annotated.cti,0.01,300,1,13.937416310542963,2025.006606275213,0.18470149253731344,0.6944776119402986,0.01,5.554828761608477e-06,13.938190510152806,2025.0111220328886,10.0
S(26839),2-BTP(1),1.2,/scratch/westgroup/David/halogen_models/rmg_combustion_paper_FFCM/suppressants/2-BTP/cantera/chem_annotated.cti,0.01,300,1,13.937416310542963,2025.006606275213,0.18470149253731344,0.6944776119402986,0.01,5.471802883042504e-06,13.938178938490465,2025.012995102175,10.0
S(23843),2-BTP(1),1.2,/scratch/westgroup/David/halogen_models/rmg_combustion_paper_FFCM/suppressants/2-BTP/cantera/chem_annotated.cti,0.01,300,1,13.937416310542963,2025.006606275213,0.18470149253731344,0.6944776119402986,0.01,5.394312219358591e-06,13.938168138294065,2025.0117176613346,10.0
CF2BR(96),2-BTP(1),1.2,/scratch/westgroup/David/halogen_models/rmg_combustion_paper_FFCM/suppressants/2-BTP/cantera/chem_annotated.cti,0.01,300,1,13.937416310542963,2025.006606275213,0.18470149253731344,0.6944776119402986,0.01,5.378441659980708e-06,13.938165926348134,2025.014507576354,10.0
S(24158),2-BTP(1),1.2,/scratch/westgroup/David/halogen_models/rmg_combustion_paper_FFCM/suppressants/2-BTP/cantera/chem_annotated.cti,0.01,300,1,13.937416310542963,2025.006606275213,0.18470149253731344,0.6944776119402986,0.01,5.237336731211947e-06,13.938146259966777,2025.0113904981129,10.0
N2,2-BTP(1),1.2,/scratch/westgroup/David/halogen_models/rmg_combustion_paper_FFCM/suppressants/2-BTP/cantera/chem_annotated.cti,0.01,300,1,13.937416310542963,2025.006606275213,0.18470149253731344,0.6944776119402986,0.01,5.230131743849069e-06,13.938145255777693,2025.0125737523128,10.0
S(14839),2-BTP(1),1.2,/scratch/westgroup/David/halogen_models/rmg_combustion_paper_FFCM/suppressants/2-BTP/cantera/chem_annotated.cti,0.01,300,1,13.937416310542963,2025.006606275213,0.18470149253731344,0.6944776119402986,0.01,5.202328641363384e-06,13.938141380743552,2025.0166126624715,10.0
S(22890),2-BTP(1),1.2,/scratch/westgroup/David/halogen_models/rmg_combustion_paper_FFCM/suppressants/2-BTP/cantera/chem_annotated.cti,0.01,300,1,13.937416310542963,2025.006606275213,0.18470149253731344,0.6944776119402986,0.01,5.151662390873367e-06,13.938134319177292,2025.0124702459993,10.0
S(16746),2-BTP(1),1.2,/scratch/westgroup/David/halogen_models/rmg_combustion_paper_FFCM/suppressants/2-BTP/cantera/chem_annotated.cti,0.01,300,1,13.937416310542963,2025.006606275213,0.18470149253731344,0.6944776119402986,0.01,5.10479254401135e-06,13.938127786731611,2025.0127841643898,10.0
S(6488),2-BTP(1),1.2,/scratch/westgroup/David/halogen_models/rmg_combustion_paper_FFCM/suppressants/2-BTP/cantera/chem_annotated.cti,0.01,300,1,13.937416310542963,2025.006606275213,0.18470149253731344,0.6944776119402986,0.01,-4.947868570866497e-06,13.936726705501743,2025.0156768888455,10.0
S(24148),2-BTP(1),1.2,/scratch/westgroup/David/halogen_models/rmg_combustion_paper_FFCM/suppressants/2-BTP/cantera/chem_annotated.cti,0.01,300,1,13.937416310542963,2025.006606275213,0.18470149253731344,0.6944776119402986,0.01,4.928629293939636e-06,13.938103234126062,2024.9680182395853,10.0
S(13539),2-BTP(1),1.2,/scratch/westgroup/David/halogen_models/rmg_combustion_paper_FFCM/suppressants/2-BTP/cantera/chem_annotated.cti,0.01,300,1,13.937416310542963,2025.006606275213,0.18470149253731344,0.6944776119402986,0.01,4.894549518187679e-06,13.938098484285838,2025.0109772478982,10.0
S(161),2-BTP(1),1.2,/scratch/westgroup/David/halogen_models/rmg_combustion_paper_FFCM/suppressants/2-BTP/cantera/chem_annotated.cti,0.01,300,1,13.937416310542963,2025.006606275213,0.18470149253731344,0.6944776119402986,0.01,-4.803059370479378e-06,13.936746888162856,2025.0001804622887,10.0
CH3O2(375),2-BTP(1),1.2,/scratch/westgroup/David/halogen_models/rmg_combustion_paper_FFCM/suppressants/2-BTP/cantera/chem_annotated.cti,0.01,300,1,13.937416310542963,2025.006606275213,0.18470149253731344,0.6944776119402986,0.01,4.733377741470048e-06,13.938076021104342,2025.0141303374821,10.0
S(2333),2-BTP(1),1.2,/scratch/westgroup/David/halogen_models/rmg_combustion_paper_FFCM/suppressants/2-BTP/cantera/chem_annotated.cti,0.01,300,1,13.937416310542963,2025.006606275213,0.18470149253731344,0.6944776119402986,0.01,4.673597455599489e-06,13.938067689277029,2025.0132399224685,10.0
S(4179),2-BTP(1),1.2,/scratch/westgroup/David/halogen_models/rmg_combustion_paper_FFCM/suppressants/2-BTP/cantera/chem_annotated.cti,0.01,300,1,13.937416310542963,2025.006606275213,0.18470149253731344,0.6944776119402986,0.01,4.525085893926712e-06,13.938046990602409,2025.0133094382886,10.0
C3H3(4811),2-BTP(1),1.2,/scratch/westgroup/David/halogen_models/rmg_combustion_paper_FFCM/suppressants/2-BTP/cantera/chem_annotated.cti,0.01,300,1,13.937416310542963,2025.006606275213,0.18470149253731344,0.6944776119402986,0.01,4.283998504412743e-06,13.93801338924926,2025.0115128710984,10.0
S(16755),2-BTP(1),1.2,/scratch/westgroup/David/halogen_models/rmg_combustion_paper_FFCM/suppressants/2-BTP/cantera/chem_annotated.cti,0.01,300,1,13.937416310542963,2025.006606275213,0.18470149253731344,0.6944776119402986,0.01,-3.833478794476993e-06,13.9368820226442,2024.9957985842366,10.0
S(8125),2-BTP(1),1.2,/scratch/westgroup/David/halogen_models/rmg_combustion_paper_FFCM/suppressants/2-BTP/cantera/chem_annotated.cti,0.01,300,1,13.937416310542963,2025.006606275213,0.18470149253731344,0.6944776119402986,0.01,3.7197299584992113e-06,13.937934744792907,2025.0145831199543,10.0
S(16154),2-BTP(1),1.2,/scratch/westgroup/David/halogen_models/rmg_combustion_paper_FFCM/suppressants/2-BTP/cantera/chem_annotated.cti,0.01,300,1,13.937416310542963,2025.006606275213,0.18470149253731344,0.6944776119402986,0.01,-3.355594355143853e-06,13.936948627387993,2024.9982082957083,10.0
S(22891),2-BTP(1),1.2,/scratch/westgroup/David/halogen_models/rmg_combustion_paper_FFCM/suppressants/2-BTP/cantera/chem_annotated.cti,0.01,300,1,13.937416310542963,2025.006606275213,0.18470149253731344,0.6944776119402986,0.01,3.2885785757761092e-06,13.937874653429768,2025.010184800132,10.0
S(13254),2-BTP(1),1.2,/scratch/westgroup/David/halogen_models/rmg_combustion_paper_FFCM/suppressants/2-BTP/cantera/chem_annotated.cti,0.01,300,1,13.937416310542963,2025.006606275213,0.18470149253731344,0.6944776119402986,0.01,2.97206304803466e-06,13.937830539342979,2025.0099133892895,10.0
S(4178),2-BTP(1),1.2,/scratch/westgroup/David/halogen_models/rmg_combustion_paper_FFCM/suppressants/2-BTP/cantera/chem_annotated.cti,0.01,300,1,13.937416310542963,2025.006606275213,0.18470149253731344,0.6944776119402986,0.01,-2.6342270671280775e-06,13.937049167350052,2025.0142614473907,10.0
CH3CO(34),2-BTP(1),1.2,/scratch/westgroup/David/halogen_models/rmg_combustion_paper_FFCM/suppressants/2-BTP/cantera/chem_annotated.cti,0.01,300,1,13.937416310542963,2025.006606275213,0.18470149253731344,0.6944776119402986,0.01,-2.3774892134266046e-06,13.93708494997355,2025.0095823989673,10.0
S(16766),2-BTP(1),1.2,/scratch/westgroup/David/halogen_models/rmg_combustion_paper_FFCM/suppressants/2-BTP/cantera/chem_annotated.cti,0.01,300,1,13.937416310542963,2025.006606275213,0.18470149253731344,0.6944776119402986,0.01,1.8352748036517207e-06,13.93767210043279,2025.0069794688818,10.0
S(17016),2-BTP(1),1.2,/scratch/westgroup/David/halogen_models/rmg_combustion_paper_FFCM/suppressants/2-BTP/cantera/chem_annotated.cti,0.01,300,1,13.937416310542963,2025.006606275213,0.18470149253731344,0.6944776119402986,0.01,1.728091902216009e-06,13.937657161905603,2025.008333819568,10.0
S(16814),2-BTP(1),1.2,/scratch/westgroup/David/halogen_models/rmg_combustion_paper_FFCM/suppressants/2-BTP/cantera/chem_annotated.cti,0.01,300,1,13.937416310542963,2025.006606275213,0.18470149253731344,0.6944776119402986,0.01,1.647075294570911e-06,13.937645870283715,2025.0073975236292,10.0
S(144),2-BTP(1),1.2,/scratch/westgroup/David/halogen_models/rmg_combustion_paper_FFCM/suppressants/2-BTP/cantera/chem_annotated.cti,0.01,300,1,13.937416310542963,2025.006606275213,0.18470149253731344,0.6944776119402986,0.01,1.531893964789037e-06,13.937629816982271,2025.0080067614574,10.0
S(8163),2-BTP(1),1.2,/scratch/westgroup/David/halogen_models/rmg_combustion_paper_FFCM/suppressants/2-BTP/cantera/chem_annotated.cti,0.01,300,1,13.937416310542963,2025.006606275213,0.18470149253731344,0.6944776119402986,0.01,-1.298213413058779e-06,13.937235373134985,2025.0197202356956,10.0
S(5214),2-BTP(1),1.2,/scratch/westgroup/David/halogen_models/rmg_combustion_paper_FFCM/suppressants/2-BTP/cantera/chem_annotated.cti,0.01,300,1,13.937416310542963,2025.006606275213,0.18470149253731344,0.6944776119402986,0.01,1.1775623763421372e-06,13.93758043231367,2025.0140722224453,10.0
CHFO(47),2-BTP(1),1.2,/scratch/westgroup/David/halogen_models/rmg_combustion_paper_FFCM/suppressants/2-BTP/cantera/chem_annotated.cti,0.01,300,1,13.937416310542963,2025.006606275213,0.18470149253731344,0.6944776119402986,0.01,-8.441222476640803e-07,13.937298661711136,2025.0060627670136,10.0
S(15305),2-BTP(1),1.2,/scratch/westgroup/David/halogen_models/rmg_combustion_paper_FFCM/suppressants/2-BTP/cantera/chem_annotated.cti,0.01,300,1,13.937416310542963,2025.006606275213,0.18470149253731344,0.6944776119402986,0.01,7.3997005019572e-07,13.937519443249432,2025.0162279835085,10.0
C2H2O(176),2-BTP(1),1.2,/scratch/westgroup/David/halogen_models/rmg_combustion_paper_FFCM/suppressants/2-BTP/cantera/chem_annotated.cti,0.01,300,1,13.937416310542963,2025.006606275213,0.18470149253731344,0.6944776119402986,0.01,-7.121537489840224e-07,13.937317054710196,2025.0045060145094,10.0
