Time (s),Volume (m^3),H(5),O(6),OH(7),H2(8),Ar(9),He(10),HO2(11),H2O2(12),CO(13),CO2(14),HCO(15),C(T)(16),CH(17),CH2(T)(18),CH3(19),CH2O(20),HCCO(21),C2H(22),C2H2(23),H2CC(24),CH2(S)(25),CH3OH(26),CH3O(27),CH2CO(28),C2H3(29),C2H4(30),C2H6(31),C2H5(32),CH2OH(33),CH3CO(34),CH2CHO(35),CH3CHO(36),N2,Ne,CH3CF3(1),O2(2),H2O(3),CH4(4),CH2CF2(57),HF(38),O2(161),S(164)
0.0,0.5617327946829795,0.0,0.0,0.0,0.0,0.0,0.0,0.0,0.0,0.0,0.0,0.0,0.0,0.0,0.0,0.0,0.0,0.0,0.0,0.0,0.0,0.0,0.0,0.0,0.0,0.0,0.0,0.0,0.0,0.0,0.0,0.0,0.0,3.76,0.0,0.5015556553335352,1.0,0.0,0.0,0.0,0.0,0.0,0.0
8.123730919929024e-22,0.5617327946829795,0.0,3.8795933730162477e-31,0.0,0.0,0.0,0.0,0.0,0.0,0.0,0.0,0.0,0.0,0.0,0.0,0.0,0.0,0.0,0.0,0.0,0.0,0.0,0.0,0.0,0.0,0.0,0.0,0.0,0.0,0.0,0.0,0.0,0.0,3.76,0.0,0.5015556553335352,0.9999999999999996,0.0,0.0,7.259239249908267e-20,7.259239249908267e-20,3.240370186571621e-16,5.55257910924518e-44
2.2746446575801267e-21,0.5617327946829795,0.0,1.0862861444445491e-30,0.0,0.0,0.0,0.0,0.0,0.0,0.0,0.0,0.0,0.0,0.0,0.0,0.0,0.0,0.0,0.0,0.0,0.0,0.0,0.0,0.0,0.0,0.0,0.0,0.0,0.0,0.0,0.0,0.0,0.0,3.76,0.0,0.5015556553335352,0.9999999999999991,0.0,0.0,2.0325869899743144e-19,2.0325869899743144e-19,9.07303652237719e-16,3.3537577821924423e-43
5.1991877887545755e-21,0.5617327946829795,0.0,2.482939758730396e-30,0.0,0.0,0.0,0.0,0.0,0.0,0.0,0.0,0.0,0.0,0.0,0.0,0.0,0.0,0.0,0.0,0.0,0.0,0.0,0.0,0.0,0.0,0.0,0.0,0.0,0.0,0.0,0.0,0.0,0.0,3.76,0.0,0.5015556553335352,0.9999999999999979,0.0,0.0,4.64591311994129e-19,4.64591311994129e-19,2.0738369193894926e-15,1.6146900052750747e-42
1.1048274051103474e-20,0.5617327946829795,0.0,5.276246987302083e-30,0.0,0.0,0.0,0.0,0.0,0.0,0.0,0.0,0.0,0.0,0.0,0.0,0.0,0.0,0.0,0.0,0.0,0.0,0.0,0.0,0.0,0.0,0.0,0.0,0.0,0.0,0.0,0.0,0.0,0.0,3.76,0.0,0.5015556553335352,0.9999999999999956,0.0,0.0,9.872565379875243e-19,9.872565379875243e-19,4.406903453655679e-15,7.051775471881557e-42
2.274644657580127e-20,0.5617327946829795,0.0,1.0862861444445432e-29,0.0,0.0,0.0,0.0,0.0,0.0,0.0,0.0,0.0,0.0,0.0,0.0,0.0,0.0,0.0,0.0,0.0,0.0,0.0,0.0,0.0,0.0,0.0,0.0,0.0,0.0,0.0,0.0,0.0,0.0,3.76,0.0,0.5015556553335352,0.9999999999999909,0.0,0.0,2.032586989974315e-18,2.032586989974315e-18,9.073036522038614e-15,2.943977446536049e-41
4.614279162519686e-20,0.5617327946829795,0.0,2.2036090358732023e-29,0.0,0.0,0.0,0.0,0.0,0.0,0.0,0.0,0.0,0.0,0.0,0.0,0.0,0.0,0.0,0.0,0.0,0.0,0.0,0.0,0.0,0.0,0.0,0.0,0.0,0.0,0.0,0.0,0.0,0.0,3.76,0.0,0.5015556553335352,0.9999999999999816,0.0,0.0,4.123247893947895e-18,4.123247893947895e-18,1.840530265820672e-14,1.202710847756757e-40
9.293548172398804e-20,0.5617327946829795,0.0,4.4382548187304793e-29,0.0,0.0,0.0,0.0,0.0,0.0,0.0,0.0,0.0,0.0,0.0,0.0,0.0,0.0,0.0,0.0,0.0,0.0,0.0,0.0,0.0,0.0,0.0,0.0,0.0,0.0,0.0,0.0,0.0,0.0,3.76,0.0,0.5015556553335352,0.9999999999999629,0.0,0.0,8.304569701895057e-18,8.304569701895057e-18,3.70698349281519e-14,4.861549553480833e-40
1.865208619215704e-19,0.5617327946829795,0.0,8.907546384444866e-29,0.0,0.0,0.0,0.0,0.0,0.0,0.0,0.0,0.0,0.0,0.0,0.0,0.0,0.0,0.0,0.0,0.0,0.0,0.0,0.0,0.0,0.0,0.0,0.0,0.0,0.0,0.0,0.0,0.0,0.0,3.76,0.0,0.5015556553335352,0.9999999999999256,0.0,0.0,1.6667213317789382e-17,1.6667213317789382e-17,7.439889945847809e-14,1.9548077015667897e-39
3.736916223167351e-19,0.5617327946829795,0.0,1.7846129515872971e-28,0.0,0.0,0.0,0.0,0.0,0.0,0.0,0.0,0.0,0.0,0.0,0.0,0.0,0.0,0.0,0.0,0.0,0.0,0.0,0.0,0.0,0.0,0.0,0.0,0.0,0.0,0.0,0.0,0.0,0.0,3.76,0.0,0.5015556553335352,0.999999999999851,0.0,0.0,3.3392500549578024e-17,3.3392500549578024e-17,1.4905702848087378e-13,7.839653256434028e-39
7.480331431070646e-19,0.5617327946829795,0.0,3.572329577872651e-28,0.0,0.0,0.0,0.0,0.0,0.0,0.0,0.0,0.0,0.0,0.0,0.0,0.0,0.0,0.0,0.0,0.0,0.0,0.0,0.0,0.0,0.0,0.0,0.0,0.0,0.0,0.0,0.0,0.0,0.0,3.76,0.0,0.5015556553335352,0.9999999999997017,0.0,0.0,6.684307501315532e-17,6.684307501315532e-17,2.9837328637263855e-13,3.1399504952961906e-38
1.4967161846877236e-18,0.5617327946829795,0.0,7.147762830442293e-28,0.0,0.0,0.0,0.0,0.0,0.0,0.0,0.0,0.0,0.0,0.0,0.0,0.0,0.0,0.0,0.0,0.0,0.0,0.0,0.0,0.0,0.0,0.0,0.0,0.0,0.0,0.0,0.0,0.0,0.0,3.76,0.0,0.5015556553335351,0.999999999999403,0.0,0.0,1.3374422394030987e-16,1.3374422394030987e-16,5.970058015440615e-13,1.2567985338978386e-37
2.9940822678490414e-18,0.5617327946829797,0.0,1.4298629335577302e-27,0.0,0.0,0.0,0.0,0.0,0.0,0.0,0.0,0.0,0.0,0.0,0.0,0.0,0.0,0.0,0.0,0.0,0.0,0.0,0.0,0.0,0.0,0.0,0.0,0.0,0.0,0.0,0.0,0.0,0.0,3.76,0.0,0.501555655333535,0.9999999999988057,0.0,0.0,2.6754652179461903e-16,2.6754652179461903e-16,1.1942708294384811e-12,5.028831520112341e-37
5.9888144341716774e-18,0.5617327946829795,0.0,2.8600362345830244e-27,0.0,0.0,0.0,0.0,0.0,0.0,0.0,0.0,0.0,0.0,0.0,0.0,0.0,0.0,0.0,0.0,0.0,0.0,0.0,0.0,0.0,0.0,0.0,0.0,0.0,0.0,0.0,0.0,0.0,0.0,3.76,0.0,0.5015556553335347,0.9999999999976112,0.0,0.0,5.35151117503237e-16,5.35151117503237e-16,2.388800875433614e-12,2.0118603288272882e-36
1.1978278766816949e-17,0.5617327946829795,0.0,5.7203828366267806e-27,0.0,0.0,0.0,0.0,0.0,0.0,0.0,0.0,0.0,0.0,0.0,0.0,0.0,0.0,0.0,0.0,0.0,0.0,0.0,0.0,0.0,0.0,0.0,0.0,0.0,0.0,0.0,0.0,0.0,0.0,3.76,0.0,0.5015556553335342,0.9999999999952222,0.0,0.0,1.0703603089204727e-15,1.0703603089204727e-15,4.7778609282490585e-12,8.048098381407419e-36
2.395720743210749e-17,0.5617327946829798,0.0,1.1441076040686954e-26,0.0,0.0,0.0,0.0,0.0,0.0,0.0,0.0,0.0,0.0,0.0,0.0,0.0,0.0,0.0,0.0,0.0,0.0,0.0,0.0,0.0,0.0,0.0,0.0,0.0,0.0,0.0,0.0,0.0,0.0,3.76,0.0,0.5015556553335331,0.9999999999904441,0.0,0.0,2.1407786917549417e-15,2.1407786917549417e-15,9.555980877180667e-12,3.219372032760257e-35
4.7915064762688575e-17,0.56173279468298,0.0,2.2882462448697964e-26,0.0,0.0,0.0,0.0,0.0,0.0,0.0,0.0,0.0,0.0,0.0,0.0,0.0,0.0,0.0,0.0,0.0,0.0,0.0,0.0,0.0,0.0,0.0,0.0,0.0,0.0,0.0,0.0,0.0,0.0,3.76,0.0,0.501555655333531,0.9999999999808878,0.0,0.0,4.28161545742387e-15,4.28161545742387e-15,1.911222014824679e-11,1.287776359460682e-34
9.583077942385075e-17,0.5617327946829804,0.0,4.576523526428264e-26,0.0,0.0,0.0,0.0,0.0,0.0,0.0,0.0,0.0,0.0,0.0,0.0,0.0,0.0,0.0,0.0,0.0,0.0,0.0,0.0,0.0,0.0,0.0,0.0,0.0,0.0,0.0,0.0,0.0,0.0,3.76,0.0,0.5015556553335266,0.9999999999617754,0.0,0.0,8.56328898876169e-15,8.56328898876169e-15,3.822469618319102e-11,5.151168609826782e-34
1.916622087461751e-16,0.5617327946829814,0.0,9.153078089370258e-26,0.0,0.0,0.0,0.0,0.0,0.0,0.0,0.0,0.0,0.0,0.0,0.0,0.0,0.0,0.0,0.0,0.0,0.0,0.0,0.0,0.0,0.0,0.0,0.0,0.0,0.0,0.0,0.0,0.0,0.0,3.76,0.0,0.5015556553335181,0.9999999999235504,0.0,0.0,1.7126636051437182e-14,1.7126636051437182e-14,7.644963822433003e-11,2.0604865414159043e-33
3.833250673908238e-16,0.5617327946829831,0.0,1.8306187214554497e-25,0.0,0.0,0.0,0.0,0.0,0.0,0.0,0.0,0.0,0.0,0.0,0.0,0.0,0.0,0.0,0.0,0.0,0.0,0.0,0.0,0.0,0.0,0.0,0.0,0.0,0.0,0.0,0.0,0.0,0.0,3.76,0.0,0.501555655333501,0.9999999998471005,0.0,0.0,3.425333017678759e-14,3.425333017678759e-14,1.5289948219163126e-10,8.242036064985015e-33
7.666507846801211e-16,0.5617327946829868,0.0,3.6612405462123957e-25,0.0,0.0,0.0,0.0,0.0,0.0,0.0,0.0,0.0,0.0,0.0,0.0,0.0,0.0,0.0,0.0,0.0,0.0,0.0,0.0,0.0,0.0,0.0,0.0,0.0,0.0,0.0,0.0,0.0,0.0,3.76,0.0,0.5015556553334667,0.999999999694201,0.0,0.0,6.850671842748606e-14,6.850671842748606e-14,3.05799009666495e-10,3.2968737692591766e-32
1.1499765019694185e-15,0.5617327946829905,0.0,5.491862370689442e-25,0.0,0.0,0.0,0.0,0.0,0.0,0.0,0.0,0.0,0.0,0.0,0.0,0.0,0.0,0.0,0.0,0.0,0.0,0.0,0.0,0.0,0.0,0.0,0.0,0.0,0.0,0.0,0.0,0.0,0.0,3.76,0.0,0.5015556553334324,0.9999999995413015,0.0,0.0,1.0276010667818217e-13,1.0276010667818217e-13,4.5869837668178844e-10,7.005952447320918e-32
1.9166279365480134e-15,0.5617327946829979,0.0,9.15310601852393e-25,0.0,0.0,0.0,0.0,0.0,0.0,0.0,0.0,0.0,0.0,0.0,0.0,0.0,0.0,0.0,0.0,0.0,0.0,0.0,0.0,0.0,0.0,0.0,0.0,0.0,0.0,0.0,0.0,0.0,0.0,3.76,0.0,0.5015556553333639,0.9999999992355035,0.0,0.0,1.7126688317956506e-13,1.7126688317956506e-13,7.644964688754411e-10,1.9370033407007632e-31
2.598888354356041e-15,0.5617327946830043,0.0,1.2411329387745314e-24,0.0,0.0,0.0,0.0,0.0,0.0,0.0,0.0,0.0,0.0,0.0,0.0,0.0,0.0,0.0,0.0,0.0,0.0,0.0,0.0,0.0,0.0,0.0,0.0,0.0,0.0,0.0,0.0,0.0,0.0,3.76,0.0,0.5015556553333029,0.9999999989633674,0.0,0.0,2.3223261004108234e-13,2.3223261004108234e-13,1.0366325875345145e-09,3.427709254261116e-31
3.2811487721640682e-15,0.5617327946830108,0.0,1.5669552756025194e-24,0.0,0.0,0.0,0.0,0.0,0.0,0.0,0.0,0.0,0.0,0.0,0.0,0.0,0.0,0.0,0.0,0.0,0.0,0.0,0.0,0.0,0.0,0.0,0.0,0.0,0.0,0.0,0.0,0.0,0.0,3.76,0.0,0.501555655333242,0.9999999986912319,0.0,0.0,2.9319833690259173e-13,2.9319833690259173e-13,1.3087681664540694e-09,5.334393529313776e-31
3.963409189972095e-15,0.5617327946830174,0.0,1.8927776123421586e-24,0.0,0.0,0.0,0.0,0.0,0.0,0.0,0.0,0.0,0.0,0.0,0.0,0.0,0.0,0.0,0.0,0.0,0.0,0.0,0.0,0.0,0.0,0.0,0.0,0.0,0.0,0.0,0.0,0.0,0.0,3.76,0.0,0.501555655333181,0.9999999984190969,0.0,0.0,3.541640637640938e-13,3.541640637640938e-13,1.5809032388966678e-09,7.631450243302106e-31
5.32793002558815e-15,0.5617327946830304,0.0,2.544422285620454e-24,0.0,0.0,0.0,0.0,0.0,0.0,0.0,0.0,0.0,0.0,0.0,0.0,0.0,0.0,0.0,0.0,0.0,0.0,0.0,0.0,0.0,0.0,0.0,0.0,0.0,0.0,0.0,0.0,0.0,0.0,3.76,0.0,0.5015556553330591,0.9999999978748279,0.0,0.0,4.760955174870809e-13,4.760955174870809e-13,2.1251722315978117e-09,1.3113727242812173e-30
6.692450861204205e-15,0.5617327946830435,0.0,3.196066958571828e-24,0.0,0.0,0.0,0.0,0.0,0.0,0.0,0.0,0.0,0.0,0.0,0.0,0.0,0.0,0.0,0.0,0.0,0.0,0.0,0.0,0.0,0.0,0.0,0.0,0.0,0.0,0.0,0.0,0.0,0.0,3.76,0.0,0.5015556553329372,0.9999999973305608,0.0,0.0,5.980269712100408e-13,5.980269712100408e-13,2.6694393501459995e-09,2.0040805559126524e-30
8.05697169682026e-15,0.5617327946830564,0.0,3.8477116311743314e-24,0.0,0.0,0.0,0.0,0.0,0.0,0.0,0.0,0.0,0.0,0.0,0.0,0.0,0.0,0.0,0.0,0.0,0.0,0.0,0.0,0.0,0.0,0.0,0.0,0.0,0.0,0.0,0.0,0.0,0.0,3.76,0.0,0.5015556553328153,0.9999999967862957,0.0,0.0,7.199584249329716e-13,7.199584249329716e-13,3.213704468718324e-09,2.8509876222101378e-30
1.0786013368052369e-14,0.5617327946830825,0.0,5.151000975313179e-24,0.0,0.0,0.0,0.0,0.0,0.0,0.0,0.0,0.0,0.0,0.0,0.0,0.0,0.0,0.0,0.0,0.0,0.0,0.0,0.0,0.0,0.0,0.0,0.0,0.0,0.0,0.0,0.0,0.0,0.0,3.76,0.0,0.5015556553325714,0.9999999956977715,0.0,0.0,9.638213323787443e-13,9.638213323787443e-13,4.3022285938623566e-09,5.01616195577928e-30
1.3515055039284479e-14,0.5617327946831084,0.0,6.454290318034584e-24,0.0,0.0,0.0,0.0,0.0,0.0,0.0,0.0,0.0,0.0,0.0,0.0,0.0,0.0,0.0,0.0,0.0,0.0,0.0,0.0,0.0,0.0,0.0,0.0,0.0,0.0,0.0,0.0,0.0,0.0,3.76,0.0,0.5015556553323275,0.9999999946092555,0.0,0.0,1.2076842398243981e-12,1.2076842398243981e-12,5.390744593186613e-09,7.808119414193782e-30
1.8973138381748696e-14,0.5617327946831605,0.0,9.060868999221884e-24,0.0,0.0,0.0,0.0,0.0,0.0,0.0,0.0,0.0,0.0,0.0,0.0,0.0,0.0,0.0,0.0,0.0,0.0,0.0,0.0,0.0,0.0,0.0,0.0,0.0,0.0,0.0,0.0,0.0,0.0,3.76,0.0,0.5015556553318398,0.999999992432248,0.0,0.0,1.6954100547153501e-12,1.6954100547153501e-12,7.567752196161095e-09,1.5274711797186202e-29
2.9889305066677135e-14,0.5617327946832645,0.0,1.4274026344574086e-23,0.0,0.0,0.0,0.0,0.0,0.0,0.0,0.0,0.0,0.0,0.0,0.0,0.0,0.0,0.0,0.0,0.0,0.0,0.0,0.0,0.0,0.0,0.0,0.0,0.0,0.0,0.0,0.0,0.0,0.0,3.76,0.0,0.5015556553308643,0.9999999880783303,0.0,0.0,2.670861684495832e-12,2.670861684495832e-12,1.1921669817310478e-08,3.774469568391127e-29
5.1721638436534005e-14,0.5617327946834729,0.0,2.470034096718867e-23,0.0,0.0,0.0,0.0,0.0,0.0,0.0,0.0,0.0,0.0,0.0,0.0,0.0,0.0,0.0,0.0,0.0,0.0,0.0,0.0,0.0,0.0,0.0,0.0,0.0,0.0,0.0,0.0,0.0,0.0,3.76,0.0,0.5015556553289134,0.9999999793708855,0.0,0.0,4.621764944051103e-12,4.621764944051103e-12,2.0629114719306714e-08,1.1287985541112041e-28
9.538630517624775e-14,0.5617327946838895,0.0,4.555296994007998e-23,0.0,0.0,0.0,0.0,0.0,0.0,0.0,0.0,0.0,0.0,0.0,0.0,0.0,0.0,0.0,0.0,0.0,0.0,0.0,0.0,0.0,0.0,0.0,0.0,0.0,0.0,0.0,0.0,0.0,0.0,3.76,0.0,0.5015556553250117,0.9999999619575569,0.0,0.0,8.523571463138882e-12,8.523571463138882e-12,3.804244328439682e-08,3.8430356682107985e-28
1.8271563865567523e-13,0.5617327946847227,0.0,8.72582267966892e-23,0.0,0.0,0.0,0.0,0.0,0.0,0.0,0.0,0.0,0.0,0.0,0.0,0.0,0.0,0.0,0.0,0.0,0.0,0.0,0.0,0.0,0.0,0.0,0.0,0.0,0.0,0.0,0.0,0.0,0.0,3.76,0.0,0.501555655317208,0.9999999271371438,0.0,0.0,1.6327184501223378e-11,1.6327184501223378e-11,7.286285648038577e-08,1.4147417953076664e-27
2.7004497213510273e-13,0.5617327946855558,0.0,1.2896348220130342e-22,0.0,0.0,0.0,0.0,0.0,0.0,0.0,0.0,0.0,0.0,0.0,0.0,0.0,0.0,0.0,0.0,0.0,0.0,0.0,0.0,0.0,0.0,0.0,0.0,0.0,0.0,0.0,0.0,0.0,0.0,3.76,0.0,0.5015556553094044,0.9999998923250544,0.0,0.0,2.4130797539186454e-11,2.4130797539186457e-11,1.0767494578471033e-07,3.099185126853207e-27
3.5737430561453024e-13,0.5617327946863889,0.0,1.7066873615425252e-22,0.0,0.0,0.0,0.0,0.0,0.0,0.0,0.0,0.0,0.0,0.0,0.0,0.0,0.0,0.0,0.0,0.0,0.0,0.0,0.0,0.0,0.0,0.0,0.0,0.0,0.0,0.0,0.0,0.0,0.0,3.76,0.0,0.5015556553016007,0.9999998575212871,0.0,0.0,3.1934410577028115e-11,3.193441057702812e-11,1.4247871308861244e-07,5.4430589023115206e-27
4.4470363909395775e-13,0.5617327946872219,0.0,2.1237398865587787e-22,0.0,0.0,0.0,0.0,0.0,0.0,0.0,0.0,0.0,0.0,0.0,0.0,0.0,0.0,0.0,0.0,0.0,0.0,0.0,0.0,0.0,0.0,0.0,0.0,0.0,0.0,0.0,0.0,0.0,0.0,3.76,0.0,0.5015556552937971,0.9999998227258398,0.0,0.0,3.9738023614748365e-11,3.973802361474837e-11,1.7727416034863723e-07,8.451970066394921e-27
6.193623060528128e-13,0.5617327946888884,0.0,2.9578448930642275e-22,0.0,0.0,0.0,0.0,0.0,0.0,0.0,0.0,0.0,0.0,0.0,0.0,0.0,0.0,0.0,0.0,0.0,0.0,0.0,0.0,0.0,0.0,0.0,0.0,0.0,0.0,0.0,0.0,0.0,0.0,3.76,0.0,0.5015556552781899,0.9999997531598982,0.0,0.0,5.5345249689824615e-11,5.534524968982462e-11,2.468401019920555e-07,1.648568370380251e-26
7.940209730116678e-13,0.5617327946905545,0.0,3.7919498415567495e-22,0.0,0.0,0.0,0.0,0.0,0.0,0.0,0.0,0.0,0.0,0.0,0.0,0.0,0.0,0.0,0.0,0.0,0.0,0.0,0.0,0.0,0.0,0.0,0.0,0.0,0.0,0.0,0.0,0.0,0.0,3.76,0.0,0.5015556552625827,0.9999996836272136,0.0,0.0,7.095247576441519e-11,7.095247576441522e-11,3.1637278640557824e-07,2.724526209510315e-26
1e-12,0.561732794693887,0.0,4.775629126840193e-22,0.0,0.0,0.0,0.0,0.0,0.0,0.0,0.0,0.0,0.0,0.0,0.0,0.0,0.0,0.0,0.0,0.0,0.0,0.0,0.0,0.0,0.0,0.0,0.0,0.0,0.0,0.0,0.0,0.0,0.0,3.76,0.0,0.5015556552441768,0.9999996016684174,0.0,0.0,8.93584403620919e-11,8.935844036209195e-11,3.9833158271648083e-07,4.3501601070413403e-26
1.1433383069293777e-12,0.561732794693887,0.0,5.460159564618299e-22,0.0,0.0,0.0,0.0,0.0,0.0,0.0,0.0,0.0,0.0,0.0,0.0,0.0,0.0,0.0,0.0,0.0,0.0,0.0,0.0,0.0,0.0,0.0,0.0,0.0,0.0,0.0,0.0,0.0,0.0,3.76,0.0,0.5015556552313682,0.9999995446615505,0.0,0.0,1.0216692791213937e-10,1.0216692791213944e-10,4.553384496310239e-07,5.713119105370673e-26
1.4926556408470877e-12,0.5617327946972195,0.0,7.128369055966805e-22,0.0,0.0,0.0,0.0,0.0,0.0,0.0,0.0,0.0,0.0,0.0,0.0,0.0,0.0,0.0,0.0,0.0,0.0,0.0,0.0,0.0,0.0,0.0,0.0,0.0,0.0,0.0,0.0,0.0,0.0,3.76,0.0,0.5015556552001538,0.999999405828722,0.0,0.0,1.333813800579209e-10,1.3338138005792103e-10,5.941712780822336e-07,9.847625918022922e-26
1.8419729747647978e-12,0.561732794700552,0.0,8.796578315824008e-22,0.0,0.0,0.0,0.0,0.0,0.0,0.0,0.0,0.0,0.0,0.0,0.0,0.0,0.0,0.0,0.0,0.0,0.0,0.0,0.0,0.0,0.0,0.0,0.0,0.0,0.0,0.0,0.0,0.0,0.0,3.76,0.0,0.5015556551689393,0.9999992671286012,0.0,0.0,1.6459583220175977e-10,1.6459583220175995e-10,7.328713988766842e-07,1.5164410473106205e-25
2.540607642600218e-12,0.5617327947072172,0.0,1.2132996141948187e-21,0.0,0.0,0.0,0.0,0.0,0.0,0.0,0.0,0.0,0.0,0.0,0.0,0.0,0.0,0.0,0.0,0.0,0.0,0.0,0.0,0.0,0.0,0.0,0.0,0.0,0.0,0.0,0.0,0.0,0.0,3.76,0.0,0.5015556551065103,0.999998990125976,0.0,0.0,2.2702473648360957e-10,2.2702473648360988e-10,1.0098740240859248e-06,2.948961037965167e-25
3.239242310435638e-12,0.5617327947138822,0.0,1.546941304475835e-21,0.0,0.0,0.0,0.0,0.0,0.0,0.0,0.0,0.0,0.0,0.0,0.0,0.0,0.0,0.0,0.0,0.0,0.0,0.0,0.0,0.0,0.0,0.0,0.0,0.0,0.0,0.0,0.0,0.0,0.0,3.76,0.0,0.5015556550440814,0.9999987136526616,0.0,0.0,2.894536407576887e-10,2.894536407576892e-10,1.2863473385272827e-06,4.897823377220489e-25
4.6365116461064776e-12,0.561732794727212,0.0,2.2142244087484748e-21,0.0,0.0,0.0,0.0,0.0,0.0,0.0,0.0,0.0,0.0,0.0,0.0,0.0,0.0,0.0,0.0,0.0,0.0,0.0,0.0,0.0,0.0,0.0,0.0,0.0,0.0,0.0,0.0,0.0,0.0,3.76,0.0,0.5015556549192236,0.9999981622899246,0.0,0.0,4.1431144928253516e-10,4.143114492825363e-10,1.8377100755967136e-06,1.0459837391743227e-24
6.033780981777318e-12,0.5617327947405422,0.0,2.8815071458078723e-21,0.0,0.0,0.0,0.0,0.0,0.0,0.0,0.0,0.0,0.0,0.0,0.0,0.0,0.0,0.0,0.0,0.0,0.0,0.0,0.0,0.0,0.0,0.0,0.0,0.0,0.0,0.0,0.0,0.0,0.0,3.76,0.0,0.5015556547943658,0.999997613032321,0.0,0.0,5.391692577762993e-10,5.39169257776301e-10,2.3869676792005943e-06,1.8432491306853313e-24
7.431050317448158e-12,0.5617327947538722,0.0,3.548789517056333e-21,0.0,0.0,0.0,0.0,0.0,0.0,0.0,0.0,0.0,0.0,0.0,0.0,0.0,0.0,0.0,0.0,0.0,0.0,0.0,0.0,0.0,0.0,0.0,0.0,0.0,0.0,0.0,0.0,0.0,0.0,3.76,0.0,0.501555654669508,0.9999970658718118,0.0,0.0,6.640270662389807e-10,6.640270662389836e-10,2.934128188372105e-06,2.904450371413322e-24
8.828319653118997e-12,0.5617327947672023,0.0,4.216071523890686e-21,0.0,0.0,0.0,0.0,0.0,0.0,0.0,0.0,0.0,0.0,0.0,0.0,0.0,0.0,0.0,0.0,0.0,0.0,0.0,0.0,0.0,0.0,0.0,0.0,0.0,0.0,0.0,0.0,0.0,0.0,3.76,0.0,0.5015556545446502,0.9999965208003895,0.0,0.0,7.888848746705797e-10,7.888848746705841e-10,3.479199610750596e-06,4.252325035729772e-24
1e-11,0.5617327947805324,0.0,4.7756206402882115e-21,0.0,0.0,0.0,0.0,0.0,0.0,0.0,0.0,0.0,0.0,0.0,0.0,0.0,0.0,0.0,0.0,0.0,0.0,0.0,0.0,0.0,0.0,0.0,0.0,0.0,0.0,0.0,0.0,0.0,0.0,3.76,0.0,0.5015556544399508,0.9999960653352634,0.0,0.0,8.935844029044991e-10,8.935844029045047e-10,3.93466473689843e-06,5.620057190748086e-24
1.0225588988789836e-11,0.5617327947805324,0.0,4.883353167702326e-21,0.0,0.0,0.0,0.0,0.0,0.0,0.0,0.0,0.0,0.0,0.0,0.0,0.0,0.0,0.0,0.0,0.0,0.0,0.0,0.0,0.0,0.0,0.0,0.0,0.0,0.0,0.0,0.0,0.0,0.0,3.76,0.0,0.5015556544197924,0.9999959778100774,0.0,0.0,9.137426830710962e-10,9.137426830711021e-10,4.022189922823647e-06,5.909477681036632e-24
1.3020127660131517e-11,0.5617327948071923,0.0,6.2179153717977415e-21,0.0,0.0,0.0,0.0,0.0,0.0,0.0,0.0,0.0,0.0,0.0,0.0,0.0,0.0,0.0,0.0,0.0,0.0,0.0,0.0,0.0,0.0,0.0,0.0,0.0,0.0,0.0,0.0,0.0,0.0,3.76,0.0,0.5015556541700769,0.9999948980410235,0.0,0.0,1.1634582997788815e-09,1.1634582997788916e-09,5.101958976939608e-06,1.0241417251203804e-23
1.5814666331473195e-11,0.5617327948338525,0.0,7.552476140367246e-21,0.0,0.0,0.0,0.0,0.0,0.0,0.0,0.0,0.0,0.0,0.0,0.0,0.0,0.0,0.0,0.0,0.0,0.0,0.0,0.0,0.0,0.0,0.0,0.0,0.0,0.0,0.0,0.0,0.0,0.0,3.76,0.0,0.5015556539203613,0.999993826501448,0.0,0.0,1.413173916362336e-09,1.4131739163623522e-09,6.173498552135263e-06,1.6078505670536794e-23
1.8609205002814874e-11,0.5617327948605124,0.0,8.887035484350888e-21,0.0,0.0,0.0,0.0,0.0,0.0,0.0,0.0,0.0,0.0,0.0,0.0,0.0,0.0,0.0,0.0,0.0,0.0,0.0,0.0,0.0,0.0,0.0,0.0,0.0,0.0,0.0,0.0,0.0,0.0,3.76,0.0,0.5015556536706457,0.9999927631286355,0.0,0.0,1.6628895328214603e-09,1.6628895328214837e-09,7.236871364719409e-06,2.359691872006156e-23
2.1403743674156552e-11,0.5617327948871726,0.0,1.0221593414605692e-20,0.0,0.0,0.0,0.0,0.0,0.0,0.0,0.0,0.0,0.0,0.0,0.0,0.0,0.0,0.0,0.0,0.0,0.0,0.0,0.0,0.0,0.0,0.0,0.0,0.0,0.0,0.0,0.0,0.0,0.0,3.76,0.0,0.5015556534209301,0.9999917078603452,0.0,0.0,1.912605149156254e-09,1.9126051491562863e-09,8.292139655054768e-06,3.297081577485219e-23
2.6992821016839913e-11,0.5617327949404928,0.0,1.2890705076946897e-20,0.0,0.0,0.0,0.0,0.0,0.0,0.0,0.0,0.0,0.0,0.0,0.0,0.0,0.0,0.0,0.0,0.0,0.0,0.0,0.0,0.0,0.0,0.0,0.0,0.0,0.0,0.0,0.0,0.0,0.0,3.76,0.0,0.5015556529214988,0.9999896213907201,0.0,0.0,2.4120363814528475e-09,2.4120363814529046e-09,1.0378609280121355e-05,5.79717852830435e-23
3.258189835952327e-11,0.5617327949938129,0.0,1.5559811212607797e-20,0.0,0.0,0.0,0.0,0.0,0.0,0.0,0.0,0.0,0.0,0.0,0.0,0.0,0.0,0.0,0.0,0.0,0.0,0.0,0.0,0.0,0.0,0.0,0.0,0.0,0.0,0.0,0.0,0.0,0.0,3.76,0.0,0.5015556524220676,0.9999875666040474,0.0,0.0,2.911467613252116e-09,2.911467613252208e-09,1.2433395952792033e-05,9.243507491409247e-23
4.376005304488999e-11,0.5617327951004533,0.0,2.0898007238340967e-20,0.0,0.0,0.0,0.0,0.0,0.0,0.0,0.0,0.0,0.0,0.0,0.0,0.0,0.0,0.0,0.0,0.0,0.0,0.0,0.0,0.0,0.0,0.0,0.0,0.0,0.0,0.0,0.0,0.0,0.0,3.76,0.0,0.5015556514232051,0.9999835501622355,0.0,0.0,3.910330075358672e-09,3.910330075358865e-09,1.6449837764821973e-05,1.95009529237434e-22
5.2851327166103096e-11,0.5617327951871844,0.0,2.52395851075962e-20,0.0,0.0,0.0,0.0,0.0,0.0,0.0,0.0,0.0,0.0,0.0,0.0,0.0,0.0,0.0,0.0,0.0,0.0,0.0,0.0,0.0,0.0,0.0,0.0,0.0,0.0,0.0,0.0,0.0,0.0,3.76,0.0,0.5015556506108231,0.9999803729928151,0.0,0.0,4.722712144815192e-09,4.722712144815508e-09,1.9627007185157045e-05,3.173038879459591e-22
6.19426012873162e-11,0.5617327952739158,0.0,2.9581149352945386e-20,0.0,0.0,0.0,0.0,0.0,0.0,0.0,0.0,0.0,0.0,0.0,0.0,0.0,0.0,0.0,0.0,0.0,0.0,0.0,0.0,0.0,0.0,0.0,0.0,0.0,0.0,0.0,0.0,0.0,0.0,3.76,0.0,0.501555649798441,0.9999772739255363,0.0,0.0,5.5350942129558394e-09,5.535094212956317e-09,2.27260744640995e-05,4.801501202008858e-22
7.10338754085293e-11,0.561732795360647,0.0,3.3922700309279055e-20,0.0,0.0,0.0,0.0,0.0,0.0,0.0,0.0,0.0,0.0,0.0,0.0,0.0,0.0,0.0,0.0,0.0,0.0,0.0,0.0,0.0,0.0,0.0,0.0,0.0,0.0,0.0,0.0,0.0,0.0,3.76,0.0,0.501555648986059,0.9999742510405626,0.0,0.0,6.347476279780604e-09,6.34747627978129e-09,2.5748959437787473e-05,6.886178342079369e-22
8.01251495297424e-11,0.5617327954473786,0.0,3.826423830326994e-20,0.0,0.0,0.0,0.0,0.0,0.0,0.0,0.0,0.0,0.0,0.0,0.0,0.0,0.0,0.0,0.0,0.0,0.0,0.0,0.0,0.0,0.0,0.0,0.0,0.0,0.0,0.0,0.0,0.0,0.0,3.76,0.0,0.5015556481736769,0.9999713024651682,0.0,0.0,7.159858345289483e-09,7.159858345290428e-09,2.8697534832030978e-05,9.475857122494867e-22
8.92164236509555e-11,0.5617327955341096,0.0,4.260576365355616e-20,0.0,0.0,0.0,0.0,0.0,0.0,0.0,0.0,0.0,0.0,0.0,0.0,0.0,0.0,0.0,0.0,0.0,0.0,0.0,0.0,0.0,0.0,0.0,0.0,0.0,0.0,0.0,0.0,0.0,0.0,3.76,0.0,0.5015556473612949,0.9999684263726879,0.0,0.0,7.97224040948247e-09,7.972240409483729e-09,3.157362731228846e-05,1.26174720766781e-21
9.83076977721686e-11,0.561732795620841,0.0,4.694727667095139e-20,0.0,0.0,0.0,0.0,0.0,0.0,0.0,0.0,0.0,0.0,0.0,0.0,0.0,0.0,0.0,0.0,0.0,0.0,0.0,0.0,0.0,0.0,0.0,0.0,0.0,0.0,0.0,0.0,0.0,0.0,3.76,0.0,0.5015556465489128,0.9999656209813114,0.0,0.0,8.784622472359562e-09,8.784622472361197e-09,3.437901868877343e-05,1.635617133457236e-21
9.999999999999999e-11,0.5617327957075724,0.0,4.775542962051225e-20,0.0,0.0,0.0,0.0,0.0,0.0,0.0,0.0,0.0,0.0,0.0,0.0,0.0,0.0,0.0,0.0,0.0,0.0,0.0,0.0,0.0,0.0,0.0,0.0,0.0,0.0,0.0,0.0,0.0,0.0,3.76,0.0,0.5015556463976913,0.9999651064343159,0.0,0.0,8.935843957401862e-09,8.935843957403573e-09,3.489356568435078e-05,1.712155145331481e-21
1.0739897189338169e-10,0.5617327957075724,0.0,5.128877765859719e-20,0.0,0.0,0.0,0.0,0.0,0.0,0.0,0.0,0.0,0.0,0.0,0.0,0.0,0.0,0.0,0.0,0.0,0.0,0.0,0.0,0.0,0.0,0.0,0.0,0.0,0.0,0.0,0.0,0.0,0.0,3.76,0.0,0.5015556457365308,0.9999628845532108,0.0,0.0,9.597004533920757e-09,9.59700453392283e-09,3.7115446789365074e-05,2.0735363404328314e-21
1.164902460145948e-10,0.5617327957943038,0.0,5.563026691221906e-20,0.0,0.0,0.0,0.0,0.0,0.0,0.0,0.0,0.0,0.0,0.0,0.0,0.0,0.0,0.0,0.0,0.0,0.0,0.0,0.0,0.0,0.0,0.0,0.0,0.0,0.0,0.0,0.0,0.0,0.0,3.76,0.0,0.5015556449241487,0.9999602153930724,0.0,0.0,1.0409386594166047e-08,1.0409386594168626e-08,3.97846069278078e-05,2.5796796147604155e-21
1.255815201358079e-10,0.5617327958810351,0.0,5.997174472026586e-20,0.0,0.0,0.0,0.0,0.0,0.0,0.0,0.0,0.0,0.0,0.0,0.0,0.0,0.0,0.0,0.0,0.0,0.0,0.0,0.0,0.0,0.0,0.0,0.0,0.0,0.0,0.0,0.0,0.0,0.0,3.76,0.0,0.5015556441117667,0.9999576118472974,0.0,0.0,1.1221768653095432e-08,1.1221768653098587e-08,4.2388152702815495e-05,3.1580599091544966e-21
1.34672794257021e-10,0.5617327959677664,0.0,6.431321136412767e-20,0.0,0.0,0.0,0.0,0.0,0.0,0.0,0.0,0.0,0.0,0.0,0.0,0.0,0.0,0.0,0.0,0.0,0.0,0.0,0.0,0.0,0.0,0.0,0.0,0.0,0.0,0.0,0.0,0.0,0.0,3.76,0.0,0.5015556432993846,0.9999550723027532,0.0,0.0,1.2034150710708904e-08,1.2034150710712714e-08,4.492769724704363e-05,3.812535037685114e-21
1.437640683782341e-10,0.5617327960544976,0.0,6.865466711824111e-20,0.0,0.0,0.0,0.0,0.0,0.0,0.0,0.0,0.0,0.0,0.0,0.0,0.0,0.0,0.0,0.0,0.0,0.0,0.0,0.0,0.0,0.0,0.0,0.0,0.0,0.0,0.0,0.0,0.0,0.0,3.76,0.0,0.5015556424870026,0.9999525951861693,0.0,0.0,1.2846532767006461e-08,1.2846532767011004e-08,4.740481383094346e-05,4.546810727704022e-21
1.528553424994472e-10,0.5617327961412291,0.0,7.299611225031691e-20,0.0,0.0,0.0,0.0,0.0,0.0,0.0,0.0,0.0,0.0,0.0,0.0,0.0,0.0,0.0,0.0,0.0,0.0,0.0,0.0,0.0,0.0,0.0,0.0,0.0,0.0,0.0,0.0,0.0,0.0,3.76,0.0,0.5015556416746205,0.9999501789628333,0.0,0.0,1.36589148219881e-08,1.3658914821993461e-08,4.9821037167051334e-05,5.3644475658179844e-21
1.619466166206603e-10,0.5617327962279602,0.0,7.733754702144743e-20,0.0,0.0,0.0,0.0,0.0,0.0,0.0,0.0,0.0,0.0,0.0,0.0,0.0,0.0,0.0,0.0,0.0,0.0,0.0,0.0,0.0,0.0,0.0,0.0,0.0,0.0,0.0,0.0,0.0,0.0,3.76,0.0,0.5015556408622385,0.9999478221359733,0.0,0.0,1.4471296875653818e-08,1.4471296875660081e-08,5.217786402698384e-05,6.268864001350502e-21
1.710378907418734e-10,0.5617327963146915,0.0,8.1678971686344e-20,0.0,0.0,0.0,0.0,0.0,0.0,0.0,0.0,0.0,0.0,0.0,0.0,0.0,0.0,0.0,0.0,0.0,0.0,0.0,0.0,0.0,0.0,0.0,0.0,0.0,0.0,0.0,0.0,0.0,0.0,3.76,0.0,0.5015556400498564,0.9999455232453993,0.0,0.0,1.5283678928003606e-08,1.5283678928010865e-08,5.447675460109018e-05,7.263343595441305e-21
1.801291648630865e-10,0.5617327964014229,0.0,8.602038649342243e-20,0.0,0.0,0.0,0.0,0.0,0.0,0.0,0.0,0.0,0.0,0.0,0.0,0.0,0.0,0.0,0.0,0.0,0.0,0.0,0.0,0.0,0.0,0.0,0.0,0.0,0.0,0.0,0.0,0.0,0.0,3.76,0.0,0.5015556392374744,0.9999432808670108,0.0,0.0,1.6096060979037467e-08,1.6096060979045815e-08,5.671913298958329e-05,8.351037249036992e-21
1.892204389842996e-10,0.5617327964881542,0.0,9.036179168503422e-20,0.0,0.0,0.0,0.0,0.0,0.0,0.0,0.0,0.0,0.0,0.0,0.0,0.0,0.0,0.0,0.0,0.0,0.0,0.0,0.0,0.0,0.0,0.0,0.0,0.0,0.0,0.0,0.0,0.0,0.0,3.76,0.0,0.5015556384250923,0.9999410936114725,0.0,0.0,1.6908443028755393e-08,1.690844302876493e-08,5.890638852766812e-05,9.534970285140525e-21
1.983117131055127e-10,0.5617327965748856,0.0,9.4703187497529e-20,0.0,0.0,0.0,0.0,0.0,0.0,0.0,0.0,0.0,0.0,0.0,0.0,0.0,0.0,0.0,0.0,0.0,0.0,0.0,0.0,0.0,0.0,0.0,0.0,0.0,0.0,0.0,0.0,0.0,0.0,3.76,0.0,0.5015556376127103,0.9999389601238566,0.0,0.0,1.7720825077157393e-08,1.7720825077168206e-08,6.103987614346288e-05,1.0818043836707568e-20
2.0740298722672579e-10,0.5617327966616167,0.0,9.904457416149147e-20,0.0,0.0,0.0,0.0,0.0,0.0,0.0,0.0,0.0,0.0,0.0,0.0,0.0,0.0,0.0,0.0,0.0,0.0,0.0,0.0,0.0,0.0,0.0,0.0,0.0,0.0,0.0,0.0,0.0,0.0,3.76,0.0,0.5015556368003282,0.999936879082284,0.0,0.0,1.853320712424345e-08,1.8533207124255648e-08,6.312091771612823e-05,1.2203042127066658e-20
2.1649426134793889e-10,0.5617327967483482,0.0,1.0338595190178712e-19,0.0,0.0,0.0,0.0,0.0,0.0,0.0,0.0,0.0,0.0,0.0,0.0,0.0,0.0,0.0,0.0,0.0,0.0,0.0,0.0,0.0,0.0,0.0,0.0,0.0,0.0,0.0,0.0,0.0,0.0,3.76,0.0,0.5015556359879462,0.9999348491976622,0.0,0.0,1.9345589170013573e-08,1.934558917002726e-08,6.515080233823169e-05,1.3692633212268394e-20
2.2558553546915198e-10,0.5617327968350795,0.0,1.077273209378077e-19,0.0,0.0,0.0,0.0,0.0,0.0,0.0,0.0,0.0,0.0,0.0,0.0,0.0,0.0,0.0,0.0,0.0,0.0,0.0,0.0,0.0,0.0,0.0,0.0,0.0,0.0,0.0,0.0,0.0,0.0,3.76,0.0,0.5015556351755641,0.9999328692122773,0.0,0.0,2.0157971214467748e-08,2.0157971214483034e-08,6.713078772296698e-05,1.5289376574299513e-20
2.346768095903651e-10,0.561732796921811,0.0,1.1206868148349492e-19,0.0,0.0,0.0,0.0,0.0,0.0,0.0,0.0,0.0,0.0,0.0,0.0,0.0,0.0,0.0,0.0,0.0,0.0,0.0,0.0,0.0,0.0,0.0,0.0,0.0,0.0,0.0,0.0,0.0,0.0,3.76,0.0,0.5015556343631821,0.9999309378996607,0.0,0.0,2.097035325760598e-08,2.0970353257622972e-08,6.906210033958175e-05,1.699572304895368e-20
2.437680837115782e-10,0.5617327970085421,0.0,1.1641003374759333e-19,0.0,0.0,0.0,0.0,0.0,0.0,0.0,0.0,0.0,0.0,0.0,0.0,0.0,0.0,0.0,0.0,0.0,0.0,0.0,0.0,0.0,0.0,0.0,0.0,0.0,0.0,0.0,0.0,0.0,0.0,3.76,0.0,0.5015556335508,0.999929054063136,0.0,0.0,2.1782735299428263e-08,2.1782735299447073e-08,7.094593686425191e-05,1.8814022723520856e-20
2.528593578327913e-10,0.5617327970952735,0.0,1.2075137793364986e-19,0.0,0.0,0.0,0.0,0.0,0.0,0.0,0.0,0.0,0.0,0.0,0.0,0.0,0.0,0.0,0.0,0.0,0.0,0.0,0.0,0.0,0.0,0.0,0.0,0.0,0.0,0.0,0.0,0.0,0.0,3.76,0.0,0.501555632738418,0.9999272165358248,0.0,0.0,2.25951173399346e-08,2.259511733995534e-08,7.278346417544492e-05,2.0746523964369983e-20
2.619506319540044e-10,0.5617327971820048,0.0,1.2509271424027841e-19,0.0,0.0,0.0,0.0,0.0,0.0,0.0,0.0,0.0,0.0,0.0,0.0,0.0,0.0,0.0,0.0,0.0,0.0,0.0,0.0,0.0,0.0,0.0,0.0,0.0,0.0,0.0,0.0,0.0,0.0,3.76,0.0,0.5015556319260359,0.9999254241791272,0.0,0.0,2.340749937912499e-08,2.3407499379147775e-08,7.457582087308619e-05,2.279538176742834e-20
2.710419060752175e-10,0.5617327972687359,0.0,1.2943404286113416e-19,0.0,0.0,0.0,0.0,0.0,0.0,0.0,0.0,0.0,0.0,0.0,0.0,0.0,0.0,0.0,0.0,0.0,0.0,0.0,0.0,0.0,0.0,0.0,0.0,0.0,0.0,0.0,0.0,0.0,0.0,3.76,0.0,0.5015556311136539,0.999923675882871,0.0,0.0,2.4219881416999418e-08,2.4219881417024373e-08,7.63241171294023e-05,2.4962655847900106e-20
2.8013318019643057e-10,0.5617327973554672,0.0,1.3377536398519365e-19,0.0,0.0,0.0,0.0,0.0,0.0,0.0,0.0,0.0,0.0,0.0,0.0,0.0,0.0,0.0,0.0,0.0,0.0,0.0,0.0,0.0,0.0,0.0,0.0,0.0,0.0,0.0,0.0,0.0,0.0,3.76,0.0,0.5015556303012718,0.999921970563705,0.0,0.0,2.5032263453557893e-08,2.5032263453585134e-08,7.802943629525697e-05,2.7250319568415114e-20
2.8922445431764367e-10,0.5617327974421987,0.0,1.3811667779670021e-19,0.0,0.0,0.0,0.0,0.0,0.0,0.0,0.0,0.0,0.0,0.0,0.0,0.0,0.0,0.0,0.0,0.0,0.0,0.0,0.0,0.0,0.0,0.0,0.0,0.0,0.0,0.0,0.0,0.0,0.0,3.76,0.0,0.5015556294888898,0.9999203071654125,0.0,0.0,2.5844645488800413e-08,2.584464548883006e-08,7.969283458770128e-05,2.9660256978346955e-20
2.9831572843885677e-10,0.56173279752893,0.0,1.4245798447546237e-19,0.0,0.0,0.0,0.0,0.0,0.0,0.0,0.0,0.0,0.0,0.0,0.0,0.0,0.0,0.0,0.0,0.0,0.0,0.0,0.0,0.0,0.0,0.0,0.0,0.0,0.0,0.0,0.0,0.0,0.0,3.76,0.0,0.5015556286765077,0.9999186846572007,0.0,0.0,2.6657027522726968e-08,2.665702752275915e-08,8.13153427996688e-05,3.219427242959059e-20
3.0740700256006987e-10,0.5617327976156613,0.0,1.4679928419676745e-19,0.0,0.0,0.0,0.0,0.0,0.0,0.0,0.0,0.0,0.0,0.0,0.0,0.0,0.0,0.0,0.0,0.0,0.0,0.0,0.0,0.0,0.0,0.0,0.0,0.0,0.0,0.0,0.0,0.0,0.0,3.76,0.0,0.5015556278641257,0.9999171020341944,0.0,0.0,2.7469409555337565e-08,2.746940955537241e-08,8.28979658057543e-05,3.485408645014402e-20
3.1649827668128297e-10,0.5617327977023926,0.0,1.5114057713170208e-19,0.0,0.0,0.0,0.0,0.0,0.0,0.0,0.0,0.0,0.0,0.0,0.0,0.0,0.0,0.0,0.0,0.0,0.0,0.0,0.0,0.0,0.0,0.0,0.0,0.0,0.0,0.0,0.0,0.0,0.0,3.76,0.0,0.5015556270517436,0.9999155583156012,0.0,0.0,2.8281791586632197e-08,2.828179158666983e-08,8.444168439916585e-05,3.764134619740111e-20
3.2558955080249607e-10,0.561732797789124,0.0,1.5548186344703096e-19,0.0,0.0,0.0,0.0,0.0,0.0,0.0,0.0,0.0,0.0,0.0,0.0,0.0,0.0,0.0,0.0,0.0,0.0,0.0,0.0,0.0,0.0,0.0,0.0,0.0,0.0,0.0,0.0,0.0,0.0,3.76,0.0,0.5015556262393616,0.9999140525454038,0.0,0.0,2.9094173616610863e-08,2.9094173616651415e-08,8.594745459653446e-05,4.055762004640413e-20
3.3468082492370916e-10,0.5617327978758551,0.0,1.5982314330554406e-19,0.0,0.0,0.0,0.0,0.0,0.0,0.0,0.0,0.0,0.0,0.0,0.0,0.0,0.0,0.0,0.0,0.0,0.0,0.0,0.0,0.0,0.0,0.0,0.0,0.0,0.0,0.0,0.0,0.0,0.0,3.76,0.0,0.5015556254269795,0.9999125837903723,0.0,0.0,2.9906555645273575e-08,2.990655564531717e-08,8.74162096279938e-05,4.3604409042534605e-20
3.4377209904492226e-10,0.5617327979625865,0.0,1.6416441686589575e-19,0.0,0.0,0.0,0.0,0.0,0.0,0.0,0.0,0.0,0.0,0.0,0.0,0.0,0.0,0.0,0.0,0.0,0.0,0.0,0.0,0.0,0.0,0.0,0.0,0.0,0.0,0.0,0.0,0.0,0.0,3.76,0.0,0.5015556246145975,0.999911151140984,0.0,0.0,3.071893767262031e-08,3.071893767266708e-08,8.884885901625514e-05,4.6783140055808207e-20
3.5286337316613536e-10,0.5617327980493177,0.0,1.6850568428298387e-19,0.0,0.0,0.0,0.0,0.0,0.0,0.0,0.0,0.0,0.0,0.0,0.0,0.0,0.0,0.0,0.0,0.0,0.0,0.0,0.0,0.0,0.0,0.0,0.0,0.0,0.0,0.0,0.0,0.0,0.0,3.76,0.0,0.5015556238022154,0.9999097537092521,0.0,0.0,3.153131969865108e-08,3.1531319698701165e-08,9.024629074817996e-05,5.009517840734595e-20
3.6195464728734846e-10,0.5617327981360493,0.0,1.7284694570774456e-19,0.0,0.0,0.0,0.0,0.0,0.0,0.0,0.0,0.0,0.0,0.0,0.0,0.0,0.0,0.0,0.0,0.0,0.0,0.0,0.0,0.0,0.0,0.0,0.0,0.0,0.0,0.0,0.0,0.0,0.0,3.76,0.0,0.5015556229898334,0.9999083906299004,0.0,0.0,3.2343701723365875e-08,3.23437017234194e-08,9.160937009980407e-05,5.354181942212188e-20
3.7104592140856156e-10,0.5617327982227804,0.0,1.7718820128756877e-19,0.0,0.0,0.0,0.0,0.0,0.0,0.0,0.0,0.0,0.0,0.0,0.0,0.0,0.0,0.0,0.0,0.0,0.0,0.0,0.0,0.0,0.0,0.0,0.0,0.0,0.0,0.0,0.0,0.0,0.0,3.76,0.0,0.5015556221774513,0.9999070610579774,0.0,0.0,3.3156083746764707e-08,3.3156083746821815e-08,9.293894202273821e-05,5.712430242794891e-20
3.8013719552977466e-10,0.5617327983095117,0.0,1.8152945116604695e-19,0.0,0.0,0.0,0.0,0.0,0.0,0.0,0.0,0.0,0.0,0.0,0.0,0.0,0.0,0.0,0.0,0.0,0.0,0.0,0.0,0.0,0.0,0.0,0.0,0.0,0.0,0.0,0.0,0.0,0.0,3.76,0.0,0.5015556213650693,0.9999057641703175,0.0,0.0,3.3968465768847554e-08,3.3968465768908395e-08,9.423582968277197e-05,6.084380051933596e-20
3.8922846965098775e-10,0.5617327983962431,0.0,1.8587069548343004e-19,0.0,0.0,0.0,0.0,0.0,0.0,0.0,0.0,0.0,0.0,0.0,0.0,0.0,0.0,0.0,0.0,0.0,0.0,0.0,0.0,0.0,0.0,0.0,0.0,0.0,0.0,0.0,0.0,0.0,0.0,3.76,0.0,0.5015556205526872,0.9999044991629013,0.0,0.0,3.478084778961443e-08,3.478084778967913e-08,9.550083709900908e-05,6.470143614931946e-20
3.9831974377220085e-10,0.5617327984829744,0.0,1.9021193437631709e-19,0.0,0.0,0.0,0.0,0.0,0.0,0.0,0.0,0.0,0.0,0.0,0.0,0.0,0.0,0.0,0.0,0.0,0.0,0.0,0.0,0.0,0.0,0.0,0.0,0.0,0.0,0.0,0.0,0.0,0.0,3.76,0.0,0.5015556197403052,0.9999032652526422,0.0,0.0,3.559322980906534e-08,3.5593229809134036e-08,9.673474735812004e-05,6.869826889116644e-20
4.0741101789341395e-10,0.5617327985697056,0.0,1.9455316797816818e-19,0.0,0.0,0.0,0.0,0.0,0.0,0.0,0.0,0.0,0.0,0.0,0.0,0.0,0.0,0.0,0.0,0.0,0.0,0.0,0.0,0.0,0.0,0.0,0.0,0.0,0.0,0.0,0.0,0.0,0.0,3.76,0.0,0.5015556189279231,0.999902061674451,0.0,0.0,3.640561182720027e-08,3.64056118272731e-08,9.793832554933975e-05,7.283531286629331e-20
4.1650229201462705e-10,0.561732798656437,0.0,1.98894396418928e-19,0.0,0.0,0.0,0.0,0.0,0.0,0.0,0.0,0.0,0.0,0.0,0.0,0.0,0.0,0.0,0.0,0.0,0.0,0.0,0.0,0.0,0.0,0.0,0.0,0.0,0.0,0.0,0.0,0.0,0.0,3.76,0.0,0.5015556181155411,0.9999008876833897,0.0,0.0,3.721799384401924e-08,3.7217993844096334e-08,9.911231661052538e-05,7.711352226459388e-20
4.2559356613584015e-10,0.5617327987431683,0.0,2.0323561982559836e-19,0.0,0.0,0.0,0.0,0.0,0.0,0.0,0.0,0.0,0.0,0.0,0.0,0.0,0.0,0.0,0.0,0.0,0.0,0.0,0.0,0.0,0.0,0.0,0.0,0.0,0.0,0.0,0.0,0.0,0.0,3.76,0.0,0.501555617303159,0.9998997425513918,0.0,0.0,3.803037585952222e-08,3.803037585960374e-08,0.00010025744860856167,8.153381087834595e-20
4.3468484025705325e-10,0.5617327988298996,0.0,2.0757683832178941e-19,0.0,0.0,0.0,0.0,0.0,0.0,0.0,0.0,0.0,0.0,0.0,0.0,0.0,0.0,0.0,0.0,0.0,0.0,0.0,0.0,0.0,0.0,0.0,0.0,0.0,0.0,0.0,0.0,0.0,0.0,3.76,0.0,0.501555616490777,0.9998986255698337,0.0,0.0,3.8842757873709215e-08,3.8842757873795295e-08,0.00010137443016663005,8.6097035114525e-20
4.4377611437826634e-10,0.561732798916631,0.0,2.11918052028362e-19,0.0,0.0,0.0,0.0,0.0,0.0,0.0,0.0,0.0,0.0,0.0,0.0,0.0,0.0,0.0,0.0,0.0,0.0,0.0,0.0,0.0,0.0,0.0,0.0,0.0,0.0,0.0,0.0,0.0,0.0,3.76,0.0,0.5015556156783949,0.9998975360458536,0.0,0.0,3.965513988658023e-08,3.9655139886671027e-08,0.00010246395414677094,9.080401593234448e-20
4.5286738849947944e-10,0.5617327990033623,0.0,2.1625926106289548e-19,0.0,0.0,0.0,0.0,0.0,0.0,0.0,0.0,0.0,0.0,0.0,0.0,0.0,0.0,0.0,0.0,0.0,0.0,0.0,0.0,0.0,0.0,0.0,0.0,0.0,0.0,0.0,0.0,0.0,0.0,3.76,0.0,0.5015556148660129,0.9998964733054005,0.0,0.0,4.046752189813527e-08,4.046752189823091e-08,0.00010352669459984373,9.565551905106787e-20
4.6195866262069254e-10,0.5617327990900935,0.0,2.206004655404118e-19,0.0,0.0,0.0,0.0,0.0,0.0,0.0,0.0,0.0,0.0,0.0,0.0,0.0,0.0,0.0,0.0,0.0,0.0,0.0,0.0,0.0,0.0,0.0,0.0,0.0,0.0,0.0,0.0,0.0,0.0,3.76,0.0,0.5015556140536308,0.9998954366890851,0.0,0.0,4.1279903908374334e-08,4.127990390847497e-08,0.00010456331091527147,1.006522796179801e-19
4.710499367419056e-10,0.5617327991768248,0.0,2.249416655727484e-19,0.0,0.0,0.0,0.0,0.0,0.0,0.0,0.0,0.0,0.0,0.0,0.0,0.0,0.0,0.0,0.0,0.0,0.0,0.0,0.0,0.0,0.0,0.0,0.0,0.0,0.0,0.0,0.0,0.0,0.0,3.76,0.0,0.5015556132412488,0.9998944255557741,0.0,0.0,4.2092285917297406e-08,4.20922859174032e-08,0.0001055744442261392,1.0579497928426632e-19
4.801412108631188e-10,0.5617327992635561,0.0,2.292828612693763e-19,0.0,0.0,0.0,0.0,0.0,0.0,0.0,0.0,0.0,0.0,0.0,0.0,0.0,0.0,0.0,0.0,0.0,0.0,0.0,0.0,0.0,0.0,0.0,0.0,0.0,0.0,0.0,0.0,0.0,0.0,3.76,0.0,0.5015556124288667,0.9998934392778996,0.0,0.0,4.2904667924904494e-08,4.290466792501558e-08,0.00010656072210075421,1.1108427396092133e-19
4.892324849843319e-10,0.5617327993502875,0.0,2.3362405273666484e-19,0.0,0.0,0.0,0.0,0.0,0.0,0.0,0.0,0.0,0.0,0.0,0.0,0.0,0.0,0.0,0.0,0.0,0.0,0.0,0.0,0.0,0.0,0.0,0.0,0.0,0.0,0.0,0.0,0.0,0.0,3.76,0.0,0.5015556116164847,0.9998924772456754,0.0,0.0,4.371704993119562e-08,4.3717049931312136e-08,0.00010752275432496186,1.1652076740347284e-19
4.983237591055451e-10,0.5617327994370188,0.0,2.379652400788092e-19,0.0,0.0,0.0,0.0,0.0,0.0,0.0,0.0,0.0,0.0,0.0,0.0,0.0,0.0,0.0,0.0,0.0,0.0,0.0,0.0,0.0,0.0,0.0,0.0,0.0,0.0,0.0,0.0,0.0,0.0,3.76,0.0,0.5015556108041026,0.9998915388617792,0.0,0.0,4.452943193617074e-08,4.4529431936292845e-08,0.00010846113822119033,1.2210504244463387e-19
5.074150332267582e-10,0.5617327995237501,0.0,2.423064233969703e-19,0.0,0.0,0.0,0.0,0.0,0.0,0.0,0.0,0.0,0.0,0.0,0.0,0.0,0.0,0.0,0.0,0.0,0.0,0.0,0.0,0.0,0.0,0.0,0.0,0.0,0.0,0.0,0.0,0.0,0.0,3.76,0.0,0.5015556099917206,0.9998906235462821,0.0,0.0,4.534181393982989e-08,4.534181393995773e-08,0.00010937645371811125,1.2783763069642202e-19
5.165063073479714e-10,0.5617327996104814,0.0,2.466476027903296e-19,0.0,0.0,0.0,0.0,0.0,0.0,0.0,0.0,0.0,0.0,0.0,0.0,0.0,0.0,0.0,0.0,0.0,0.0,0.0,0.0,0.0,0.0,0.0,0.0,0.0,0.0,0.0,0.0,0.0,0.0,3.76,0.0,0.5015556091793385,0.9998897307306048,0.0,0.0,4.615419594217306e-08,4.615419594230678e-08,0.00011026926939553704,1.3371904767954763e-19
5.255975814691845e-10,0.5617327996972126,0.0,2.509887783550863e-19,0.0,0.0,0.0,0.0,0.0,0.0,0.0,0.0,0.0,0.0,0.0,0.0,0.0,0.0,0.0,0.0,0.0,0.0,0.0,0.0,0.0,0.0,0.0,0.0,0.0,0.0,0.0,0.0,0.0,0.0,3.76,0.0,0.5015556083669565,0.9998888598632624,0.0,0.0,4.6966577943200244e-08,4.6966577943339985e-08,0.00011114013673782475,1.3974975821989666e-19
5.346888555903977e-10,0.561732799783944,0.0,2.553299501856585e-19,0.0,0.0,0.0,0.0,0.0,0.0,0.0,0.0,0.0,0.0,0.0,0.0,0.0,0.0,0.0,0.0,0.0,0.0,0.0,0.0,0.0,0.0,0.0,0.0,0.0,0.0,0.0,0.0,0.0,0.0,3.76,0.0,0.5015556075545744,0.9998880104029829,0.0,0.0,4.7778959942911436e-08,4.7778959943057364e-08,0.0001119895970176304,1.4593021592476586e-19
5.437801297116108e-10,0.5617327998706754,0.0,2.59671118373742e-19,0.0,0.0,0.0,0.0,0.0,0.0,0.0,0.0,0.0,0.0,0.0,0.0,0.0,0.0,0.0,0.0,0.0,0.0,0.0,0.0,0.0,0.0,0.0,0.0,0.0,0.0,0.0,0.0,0.0,0.0,3.76,0.0,0.5015556067421924,0.9998871818240991,0.0,0.0,4.859134194130664e-08,4.85913419414589e-08,0.00011281817590124428,1.5226083121819086e-19
5.52871403832824e-10,0.5617327999574067,0.0,2.6401228300880928e-19,0.0,0.0,0.0,0.0,0.0,0.0,0.0,0.0,0.0,0.0,0.0,0.0,0.0,0.0,0.0,0.0,0.0,0.0,0.0,0.0,0.0,0.0,0.0,0.0,0.0,0.0,0.0,0.0,0.0,0.0,3.76,0.0,0.5015556059298103,0.9998863736136896,0.0,0.0,4.940372393838586e-08,4.9403723938544605e-08,0.00011362638631086985,1.5874198706491158e-19
5.619626779540371e-10,0.561732800044138,0.0,2.683534441781497e-19,0.0,0.0,0.0,0.0,0.0,0.0,0.0,0.0,0.0,0.0,0.0,0.0,0.0,0.0,0.0,0.0,0.0,0.0,0.0,0.0,0.0,0.0,0.0,0.0,0.0,0.0,0.0,0.0,0.0,0.0,3.76,0.0,0.5015556051174282,0.9998855852713464,0.0,0.0,5.021610593414908e-08,5.021610593431448e-08,0.00011441472865419562,1.653740398383401e-19
5.801452261964633e-10,0.5617328002176004,0.0,2.770357564585052e-19,0.0,0.0,0.0,0.0,0.0,0.0,0.0,0.0,0.0,0.0,0.0,0.0,0.0,0.0,0.0,0.0,0.0,0.0,0.0,0.0,0.0,0.0,0.0,0.0,0.0,0.0,0.0,0.0,0.0,0.0,3.76,0.0,0.5015556034926643,0.9998840662483002,0.0,0.0,5.1840869921727603e-08,5.1840869921906705e-08,0.00011593375170033596,1.790921425561731e-19
5.965095196146469e-10,0.5617328003737169,0.0,2.848498264913362e-19,0.0,0.0,0.0,0.0,0.0,0.0,0.0,0.0,0.0,0.0,0.0,0.0,0.0,0.0,0.0,0.0,0.0,0.0,0.0,0.0,0.0,0.0,0.0,0.0,0.0,0.0,0.0,0.0,0.0,0.0,3.76,0.0,0.5015556020303766,0.9998827622992862,0.0,0.0,5.33031575060476e-08,5.330315750623956e-08,0.00011723770071430966,1.9195758096330144e-19
6.128738130328305e-10,0.5617328005298332,0.0,2.9266388655861075e-19,0.0,0.0,0.0,0.0,0.0,0.0,0.0,0.0,0.0,0.0,0.0,0.0,0.0,0.0,0.0,0.0,0.0,0.0,0.0,0.0,0.0,0.0,0.0,0.0,0.0,0.0,0.0,0.0,0.0,0.0,3.76,0.0,0.501555600568089,0.9998815154800919,0.0,0.0,5.476544508610377e-08,5.47654450863091e-08,0.00011848451990857176,2.0531636226332162e-19
6.292381064510141e-10,0.5617328006859497,0.0,3.00477937096816e-19,0.0,0.0,0.0,0.0,0.0,0.0,0.0,0.0,0.0,0.0,0.0,0.0,0.0,0.0,0.0,0.0,0.0,0.0,0.0,0.0,0.0,0.0,0.0,0.0,0.0,0.0,0.0,0.0,0.0,0.0,3.76,0.0,0.5015555991058014,0.9998803232884562,0.0,0.0,5.622773266189617e-08,5.6227732662115344e-08,0.0001196767115443259,2.1916972047122536e-19
6.456023998691977e-10,0.5617328008420659,0.0,3.0829197852354567e-19,0.0,0.0,0.0,0.0,0.0,0.0,0.0,0.0,0.0,0.0,0.0,0.0,0.0,0.0,0.0,0.0,0.0,0.0,0.0,0.0,0.0,0.0,0.0,0.0,0.0,0.0,0.0,0.0,0.0,0.0,3.76,0.0,0.5015555976435138,0.9998791833304271,0.0,0.0,5.769002023342476e-08,5.7690020233658276e-08,0.00012081666957338559,2.335186864989997e-19
6.619666932873813e-10,0.5617328009981823,0.0,3.1610601123820563e-19,0.0,0.0,0.0,0.0,0.0,0.0,0.0,0.0,0.0,0.0,0.0,0.0,0.0,0.0,0.0,0.0,0.0,0.0,0.0,0.0,0.0,0.0,0.0,0.0,0.0,0.0,0.0,0.0,0.0,0.0,3.76,0.0,0.5015555961812261,0.99987809331632,0.0,0.0,5.915230780068953e-08,5.91523078009379e-08,0.0001219066836804123,2.483641024904919e-19
6.783309867055649e-10,0.5617328011542987,0.0,3.239200356225641e-19,0.0,0.0,0.0,0.0,0.0,0.0,0.0,0.0,0.0,0.0,0.0,0.0,0.0,0.0,0.0,0.0,0.0,0.0,0.0,0.0,0.0,0.0,0.0,0.0,0.0,0.0,0.0,0.0,0.0,0.0,3.76,0.0,0.5015555947189387,0.999877051057562,0.0,0.0,6.061459536369051e-08,6.061459536395423e-08,0.00012294894243865178,2.637066311289325e-19
6.946952801237484e-10,0.5617328013104149,0.0,3.3173405204156597e-19,0.0,0.0,0.0,0.0,0.0,0.0,0.0,0.0,0.0,0.0,0.0,0.0,0.0,0.0,0.0,0.0,0.0,0.0,0.0,0.0,0.0,0.0,0.0,0.0,0.0,0.0,0.0,0.0,0.0,0.0,3.76,0.0,0.5015555932566512,0.9998760544620229,0.0,0.0,6.207688292242768e-08,6.207688292270726e-08,0.0001239455379779009,2.7954676916294202e-19
7.11059573541932e-10,0.5617328014665314,0.0,3.395480608441275e-19,0.0,0.0,0.0,0.0,0.0,0.0,0.0,0.0,0.0,0.0,0.0,0.0,0.0,0.0,0.0,0.0,0.0,0.0,0.0,0.0,0.0,0.0,0.0,0.0,0.0,0.0,0.0,0.0,0.0,0.0,3.76,0.0,0.5015555917943637,0.9998751015294609,0.0,0.0,6.353917047690107e-08,6.353917047719695e-08,0.00012489847053979088,2.9588486155137537e-19
7.437881603782992e-10,0.5617328017787641,0.0,3.551760569198168e-19,0.0,0.0,0.0,0.0,0.0,0.0,0.0,0.0,0.0,0.0,0.0,0.0,0.0,0.0,0.0,0.0,0.0,0.0,0.0,0.0,0.0,0.0,0.0,0.0,0.0,0.0,0.0,0.0,0.0,0.0,3.76,0.0,0.5015555888697886,0.9998733190867148,0.0,0.0,6.64637455730564e-08,6.646374557338645e-08,0.0001266809132857251,3.30055612756478e-19
7.765167472146664e-10,0.5617328020909967,0.0,3.70804026347439e-19,0.0,0.0,0.0,0.0,0.0,0.0,0.0,0.0,0.0,0.0,0.0,0.0,0.0,0.0,0.0,0.0,0.0,0.0,0.0,0.0,0.0,0.0,0.0,0.0,0.0,0.0,0.0,0.0,0.0,0.0,3.76,0.0,0.5015555859452134,0.999871689410077,0.0,0.0,6.938832065215652e-08,6.938832065252274e-08,0.00012831058992351555,3.6621909495805886e-19
8.092453340510336e-10,0.5617328024032295,0.0,3.864319714110745e-19,0.0,0.0,0.0,0.0,0.0,0.0,0.0,0.0,0.0,0.0,0.0,0.0,0.0,0.0,0.0,0.0,0.0,0.0,0.0,0.0,0.0,0.0,0.0,0.0,0.0,0.0,0.0,0.0,0.0,0.0,3.76,0.0,0.5015555830206385,0.9998701994055373,0.0,0.0,7.231289571420142e-08,7.231289571460581e-08,0.00012980059446349005,4.0437382948750153e-19
8.419739208874007e-10,0.5617328027154622,0.0,4.020598941990057e-19,0.0,0.0,0.0,0.0,0.0,0.0,0.0,0.0,0.0,0.0,0.0,0.0,0.0,0.0,0.0,0.0,0.0,0.0,0.0,0.0,0.0,0.0,0.0,0.0,0.0,0.0,0.0,0.0,0.0,0.0,3.76,0.0,0.5015555800960635,0.9998688371015406,0.0,0.0,7.523747075919113e-08,7.523747075963562e-08,0.00013116289846008675,4.445169277269175e-19
8.747025077237679e-10,0.5617328030276948,0.0,4.1768779662034335e-19,0.0,0.0,0.0,0.0,0.0,0.0,0.0,0.0,0.0,0.0,0.0,0.0,0.0,0.0,0.0,0.0,0.0,0.0,0.0,0.0,0.0,0.0,0.0,0.0,0.0,0.0,0.0,0.0,0.0,0.0,3.76,0.0,0.5015555771714885,0.9998675915536762,0.0,0.0,7.81620457871256e-08,7.816204578761225e-08,0.00013240844632454862,4.866443385022549e-19
9.074310945601351e-10,0.5617328033399276,0.0,4.3331568042051565e-19,0.0,0.0,0.0,0.0,0.0,0.0,0.0,0.0,0.0,0.0,0.0,0.0,0.0,0.0,0.0,0.0,0.0,0.0,0.0,0.0,0.0,0.0,0.0,0.0,0.0,0.0,0.0,0.0,0.0,0.0,3.76,0.0,0.5015555742469134,0.9998664527558783,0.0,0.0,8.108662079800488e-08,8.108662079853564e-08,0.00013354724412221807,5.307510708307926e-19
9.401596813965022e-10,0.5617328036521603,0.0,4.489435471954325e-19,0.0,0.0,0.0,0.0,0.0,0.0,0.0,0.0,0.0,0.0,0.0,0.0,0.0,0.0,0.0,0.0,0.0,0.0,0.0,0.0,0.0,0.0,0.0,0.0,0.0,0.0,0.0,0.0,0.0,0.0,3.76,0.0,0.5015555713223384,0.9998654115592318,0.0,0.0,8.401119579182895e-08,8.401119579240581e-08,0.00013458844076889888,5.7683138832390275e-19
9.728882682328693e-10,0.561732803964393,0.0,4.645713984042872e-19,0.0,0.0,0.0,0.0,0.0,0.0,0.0,0.0,0.0,0.0,0.0,0.0,0.0,0.0,0.0,0.0,0.0,0.0,0.0,0.0,0.0,0.0,0.0,0.0,0.0,0.0,0.0,0.0,0.0,0.0,3.76,0.0,0.5015555683977634,0.9998644595985778,0.0,0.0,8.693577076859786e-08,8.693577076922276e-08,0.00013554040142280428,6.248789739763015e-19
9.999999999999999e-10,0.5617328042766256,0.0,4.775171988958137e-19,0.0,0.0,0.0,0.0,0.0,0.0,0.0,0.0,0.0,0.0,0.0,0.0,0.0,0.0,0.0,0.0,0.0,0.0,0.0,0.0,0.0,0.0,0.0,0.0,0.0,0.0,0.0,0.0,0.0,0.0,3.76,0.0,0.5015555659751018,0.9998637331099111,0.0,0.0,8.935843240922199e-08,8.935843240988818e-08,0.0001362668900896634,6.661656628497018e-19
1.0056168550692365e-09,0.5617328042766256,0.0,4.801992353812001e-19,0.0,0.0,0.0,0.0,0.0,0.0,0.0,0.0,0.0,0.0,0.0,0.0,0.0,0.0,0.0,0.0,0.0,0.0,0.0,0.0,0.0,0.0,0.0,0.0,0.0,0.0,0.0,0.0,0.0,0.0,3.76,0.0,0.5015555654731885,0.9998635892257701,0.0,0.0,8.986034572831157e-08,8.986034572898648e-08,0.00013641077423066298,6.748870701974104e-19
1.0383454419056037e-09,0.5617328045888583,0.0,4.958270593459128e-19,0.0,0.0,0.0,0.0,0.0,0.0,0.0,0.0,0.0,0.0,0.0,0.0,0.0,0.0,0.0,0.0,0.0,0.0,0.0,0.0,0.0,0.0,0.0,0.0,0.0,0.0,0.0,0.0,0.0,0.0,3.76,0.0,0.5015555625486136,0.9998627934483603,0.0,0.0,9.27849206709701e-08,9.278492067169699e-08,0.00013720655164048683,7.268485999100124e-19
1.0710740287419709e-09,0.561732804901091,0.0,5.114548714136199e-19,0.0,0.0,0.0,0.0,0.0,0.0,0.0,0.0,0.0,0.0,0.0,0.0,0.0,0.0,0.0,0.0,0.0,0.0,0.0,0.0,0.0,0.0,0.0,0.0,0.0,0.0,0.0,0.0,0.0,0.0,3.76,0.0,0.5015555596240386,0.9998620658732398,0.0,0.0,9.570949559657347e-08,9.570949559735427e-08,0.0001379341267609323,7.807562714493689e-19
1.103802615578338e-09,0.5617328052133237,0.0,5.270826726039549e-19,0.0,0.0,0.0,0.0,0.0,0.0,0.0,0.0,0.0,0.0,0.0,0.0,0.0,0.0,0.0,0.0,0.0,0.0,0.0,0.0,0.0,0.0,0.0,0.0,0.0,0.0,0.0,0.0,0.0,0.0,3.76,0.0,0.5015555566994637,0.9998614006551337,0.0,0.0,9.863407050512168e-08,9.863407050595833e-08,0.0001385993448668393,8.366026679364121e-19
1.1365312024147052e-09,0.5617328055255564,0.0,5.427104638491722e-19,0.0,0.0,0.0,0.0,0.0,0.0,0.0,0.0,0.0,0.0,0.0,0.0,0.0,0.0,0.0,0.0,0.0,0.0,0.0,0.0,0.0,0.0,0.0,0.0,0.0,0.0,0.0,0.0,0.0,0.0,3.76,0.0,0.5015555537748888,0.9998607924496753,0.0,0.0,1.0155864539661475e-07,1.0155864539750917e-07,0.00013920755032529773,8.943803222777265e-19
1.1692597892510724e-09,0.5617328058377891,0.0,5.583382460016254e-19,0.0,0.0,0.0,0.0,0.0,0.0,0.0,0.0,0.0,0.0,0.0,0.0,0.0,0.0,0.0,0.0,0.0,0.0,0.0,0.0,0.0,0.0,0.0,0.0,0.0,0.0,0.0,0.0,0.0,0.0,3.76,0.0,0.5015555508503139,0.9998602363705572,0.0,0.0,1.0448322027105265e-07,1.0448322027200678e-07,0.0001397636294436006,9.540817799345422e-19
1.2019883760874396e-09,0.5617328061500216,0.0,5.73966019840609e-19,0.0,0.0,0.0,0.0,0.0,0.0,0.0,0.0,0.0,0.0,0.0,0.0,0.0,0.0,0.0,0.0,0.0,0.0,0.0,0.0,0.0,0.0,0.0,0.0,0.0,0.0,0.0,0.0,0.0,0.0,3.76,0.0,0.501555547925739,0.9998597279502941,0.0,0.0,1.0740779512843544e-07,1.0740779512945116e-07,0.00014027204970668315,1.0156996515124898e-18
1.2347169629238067e-09,0.5617328064622544,0.0,5.8959378607862745e-19,0.0,0.0,0.0,0.0,0.0,0.0,0.0,0.0,0.0,0.0,0.0,0.0,0.0,0.0,0.0,0.0,0.0,0.0,0.0,0.0,0.0,0.0,0.0,0.0,0.0,0.0,0.0,0.0,0.0,0.0,3.76,0.0,0.5015555450011643,0.9998592631042943,0.0,0.0,1.1033236996876307e-07,1.1033236996984232e-07,0.00014073689570628811,1.0792266564746516e-18
1.267445549760174e-09,0.561732806774487,0.0,6.0522154536712215e-19,0.0,0.0,0.0,0.0,0.0,0.0,0.0,0.0,0.0,0.0,0.0,0.0,0.0,0.0,0.0,0.0,0.0,0.0,0.0,0.0,0.0,0.0,0.0,0.0,0.0,0.0,0.0,0.0,0.0,0.0,3.76,0.0,0.5015555420765895,0.9998588380980191,0.0,0.0,1.1325694479203558e-07,1.1325694479318026e-07,0.00014116190198158176,1.1446556588589062e-18
1.300174136596541e-09,0.5617328070867197,0.0,6.208492983017057e-19,0.0,0.0,0.0,0.0,0.0,0.0,0.0,0.0,0.0,0.0,0.0,0.0,0.0,0.0,0.0,0.0,0.0,0.0,0.0,0.0,0.0,0.0,0.0,0.0,0.0,0.0,0.0,0.0,0.0,0.0,3.76,0.0,0.5015555391520147,0.9998584495169874,0.0,0.0,1.1618151959825298e-07,1.1618151959946498e-07,0.00014155048301321888,1.2119796959453397e-18
1.3329027234329083e-09,0.5617328073989524,0.0,6.364770454269414e-19,0.0,0.0,0.0,0.0,0.0,0.0,0.0,0.0,0.0,0.0,0.0,0.0,0.0,0.0,0.0,0.0,0.0,0.0,0.0,0.0,0.0,0.0,0.0,0.0,0.0,0.0,0.0,0.0,0.0,0.0,3.76,0.0,0.5015555362274399,0.9998580942393623,0.0,0.0,1.1910609438741529e-07,1.191060943886965e-07,0.00014190576063829872,1.2811920009143224e-18
1.3656313102692754e-09,0.5617328077111851,0.0,6.521047872407206e-19,0.0,0.0,0.0,0.0,0.0,0.0,0.0,0.0,0.0,0.0,0.0,0.0,0.0,0.0,0.0,0.0,0.0,0.0,0.0,0.0,0.0,0.0,0.0,0.0,0.0,0.0,0.0,0.0,0.0,0.0,3.76,0.0,0.5015555333028651,0.999857769410872,0.0,0.0,1.2203066915952244e-07,1.2203066916087475e-07,0.00014223058912866732,1.3522860204034037e-18
1.3983598971056426e-09,0.5617328080234179,0.0,6.677325241982616e-19,0.0,0.0,0.0,0.0,0.0,0.0,0.0,0.0,0.0,0.0,0.0,0.0,0.0,0.0,0.0,0.0,0.0,0.0,0.0,0.0,0.0,0.0,0.0,0.0,0.0,0.0,0.0,0.0,0.0,0.0,3.76,0.0,0.5015555303782903,0.9998574724218712,0.0,0.0,1.2495524391457454e-07,1.2495524391599983e-07,0.00014252757812960204,1.4252554276531966e-18
1.4310884839420098e-09,0.5617328083356504,0.0,6.833602567157693e-19,0.0,0.0,0.0,0.0,0.0,0.0,0.0,0.0,0.0,0.0,0.0,0.0,0.0,0.0,0.0,0.0,0.0,0.0,0.0,0.0,0.0,0.0,0.0,0.0,0.0,0.0,0.0,0.0,0.0,0.0,3.76,0.0,0.5015555274537155,0.9998572008863708,0.0,0.0,1.2787981865257158e-07,1.2787981865407165e-07,0.00014279911362988262,1.5000941318159075e-18
1.463817070778377e-09,0.5617328086478831,0.0,6.989879851737783e-19,0.0,0.0,0.0,0.0,0.0,0.0,0.0,0.0,0.0,0.0,0.0,0.0,0.0,0.0,0.0,0.0,0.0,0.0,0.0,0.0,0.0,0.0,0.0,0.0,0.0,0.0,0.0,0.0,0.0,0.0,3.76,0.0,0.5015555245291409,0.9998569526228721,0.0,0.0,1.3080439337351345e-07,1.308043933750903e-07,0.0001430473771285135,1.5767962839780124e-18
1.4965456576147441e-09,0.5617328089601157,0.0,7.146157099202083e-19,0.0,0.0,0.0,0.0,0.0,0.0,0.0,0.0,0.0,0.0,0.0,0.0,0.0,0.0,0.0,0.0,0.0,0.0,0.0,0.0,0.0,0.0,0.0,0.0,0.0,0.0,0.0,0.0,0.0,0.0,3.76,0.0,0.5015555216045662,0.999856725636843,0.0,0.0,1.3372896807740032e-07,1.3372896807905568e-07,0.0001432743631575962,1.6553562804172355e-18
1.5292742444511113e-09,0.5617328092723484,0.0,7.302434312731612e-19,0.0,0.0,0.0,0.0,0.0,0.0,0.0,0.0,0.0,0.0,0.0,0.0,0.0,0.0,0.0,0.0,0.0,0.0,0.0,0.0,0.0,0.0,0.0,0.0,0.0,0.0,0.0,0.0,0.0,0.0,3.76,0.0,0.5015555186799915,0.9998565181046946,0.0,0.0,1.3665354276423207e-07,1.3665354276596788e-07,0.00014348189530606487,1.7357687635380124e-18
1.5620028312874785e-09,0.5617328095845812,0.0,7.458711495234751e-19,0.0,0.0,0.0,0.0,0.0,0.0,0.0,0.0,0.0,0.0,0.0,0.0,0.0,0.0,0.0,0.0,0.0,0.0,0.0,0.0,0.0,0.0,0.0,0.0,0.0,0.0,0.0,0.0,0.0,0.0,3.76,0.0,0.5015555157554168,0.9998563283591287,0.0,0.0,1.3957811743400876e-07,1.395781174358268e-07,0.00014367164087180511,1.818028620850858e-18
1.5947314181238456e-09,0.5617328098968137,0.0,7.614988649370628e-19,0.0,0.0,0.0,0.0,0.0,0.0,0.0,0.0,0.0,0.0,0.0,0.0,0.0,0.0,0.0,0.0,0.0,0.0,0.0,0.0,0.0,0.0,0.0,0.0,0.0,0.0,0.0,0.0,0.0,0.0,3.76,0.0,0.5015555128308421,0.9998561548757434,0.0,0.0,1.425026920867304e-07,1.4250269208863256e-07,0.0001438451242573432,1.9021309823130386e-18
1.6274600049602128e-09,0.5617328102090464,0.0,7.771265777570461e-19,0.0,0.0,0.0,0.0,0.0,0.0,0.0,0.0,0.0,0.0,0.0,0.0,0.0,0.0,0.0,0.0,0.0,0.0,0.0,0.0,0.0,0.0,0.0,0.0,0.0,0.0,0.0,0.0,0.0,0.0,3.76,0.0,0.5015555099062674,0.9998559962607843,0.0,0.0,1.4542726672239695e-07,1.4542726672438505e-07,0.00014400373921630112,1.988071216319657e-18
1.66018859179658e-09,0.5617328105212791,0.0,7.927542882057104e-19,0.0,0.0,0.0,0.0,0.0,0.0,0.0,0.0,0.0,0.0,0.0,0.0,0.0,0.0,0.0,0.0,0.0,0.0,0.0,0.0,0.0,0.0,0.0,0.0,0.0,0.0,0.0,0.0,0.0,0.0,3.76,0.0,0.5015555069816929,0.9998558512399506,0.0,0.0,1.4835184134100846e-07,1.4835184134308435e-07,0.00014414876005013478,2.07584492460238e-18
1.6929171786329472e-09,0.5617328108335117,0.0,8.083819964862903e-19,0.0,0.0,0.0,0.0,0.0,0.0,0.0,0.0,0.0,0.0,0.0,0.0,0.0,0.0,0.0,0.0,0.0,0.0,0.0,0.0,0.0,0.0,0.0,0.0,0.0,0.0,0.0,0.0,0.0,0.0,3.76,0.0,0.5015555040571184,0.999855718648155,0.0,0.0,1.512764159425649e-07,1.512764159447304e-07,0.00014428135184579123,2.16544793625449e-18
1.7256457654693143e-09,0.5617328111457444,0.0,8.240097027846016e-19,0.0,0.0,0.0,0.0,0.0,0.0,0.0,0.0,0.0,0.0,0.0,0.0,0.0,0.0,0.0,0.0,0.0,0.0,0.0,0.0,0.0,0.0,0.0,0.0,0.0,0.0,0.0,0.0,0.0,0.0,3.76,0.0,0.5015555011325438,0.9998555974201644,0.0,0.0,1.5420099052706634e-07,1.5420099052932326e-07,0.0001444025798362382,2.2568763010666506e-18
1.7583743523056815e-09,0.561732811457977,0.0,8.396374072705352e-19,0.0,0.0,0.0,0.0,0.0,0.0,0.0,0.0,0.0,0.0,0.0,0.0,0.0,0.0,0.0,0.0,0.0,0.0,0.0,0.0,0.0,0.0,0.0,0.0,0.0,0.0,0.0,0.0,0.0,0.0,3.76,0.0,0.5015554982079692,0.9998554865820422,0.0,0.0,1.5712556509451271e-07,1.571255650968629e-07,0.00014451341795859062,2.350126282333256e-18
1.7911029391420487e-09,0.5617328117702096,0.0,8.552651100994212e-19,0.0,0.0,0.0,0.0,0.0,0.0,0.0,0.0,0.0,0.0,0.0,0.0,0.0,0.0,0.0,0.0,0.0,0.0,0.0,0.0,0.0,0.0,0.0,0.0,0.0,0.0,0.0,0.0,0.0,0.0,3.76,0.0,0.5015554952833946,0.9998553852433222,0.0,0.0,1.6005013964490405e-07,1.600501396473493e-07,0.0001446147566785457,2.445194349269811e-18
1.8238315259784159e-09,0.5617328120824423,0.0,8.708928114132773e-19,0.0,0.0,0.0,0.0,0.0,0.0,0.0,0.0,0.0,0.0,0.0,0.0,0.0,0.0,0.0,0.0,0.0,0.0,0.0,0.0,0.0,0.0,0.0,0.0,0.0,0.0,0.0,0.0,0.0,0.0,3.76,0.0,0.50155549235882,0.9998552925898565,0.0,0.0,1.6297471417824036e-07,1.6297471418078252e-07,0.0001447074101442154,2.542077169162371e-18
1.856560112814783e-09,0.5617328123946749,0.0,8.865205113419488e-19,0.0,0.0,0.0,0.0,0.0,0.0,0.0,0.0,0.0,0.0,0.0,0.0,0.0,0.0,0.0,0.0,0.0,0.0,0.0,0.0,0.0,0.0,0.0,0.0,0.0,0.0,0.0,0.0,0.0,0.0,3.76,0.0,0.5015554894342454,0.9998552078772739,0.0,0.0,1.6589928869452163e-07,1.6589928869716247e-07,0.0001447921227269455,2.6407715993508417e-18
1.8892886996511504e-09,0.5617328127069077,0.0,9.021482100041542e-19,0.0,0.0,0.0,0.0,0.0,0.0,0.0,0.0,0.0,0.0,0.0,0.0,0.0,0.0,0.0,0.0,0.0,0.0,0.0,0.0,0.0,0.0,0.0,0.0,0.0,0.0,0.0,0.0,0.0,0.0,3.76,0.0,0.5015554865096711,0.9998551304249992,0.0,0.0,1.6882386319374786e-07,1.6882386319648923e-07,0.00014486957500160148,2.741274679131489e-18
1.922017286487518e-09,0.5617328130191401,0.0,9.177759075084357e-19,0.0,0.0,0.0,0.0,0.0,0.0,0.0,0.0,0.0,0.0,0.0,0.0,0.0,0.0,0.0,0.0,0.0,0.0,0.0,0.0,0.0,0.0,0.0,0.0,0.0,0.0,0.0,0.0,0.0,0.0,3.76,0.0,0.5015554835850966,0.9998550596107864,0.0,0.0,1.7174843767591906e-07,1.7174843767876274e-07,0.00014494038921427762,2.8435836216509724e-18
1.954745873323885e-09,0.5617328133313727,0.0,9.334036039540332e-19,0.0,0.0,0.0,0.0,0.0,0.0,0.0,0.0,0.0,0.0,0.0,0.0,0.0,0.0,0.0,0.0,0.0,0.0,0.0,0.0,0.0,0.0,0.0,0.0,0.0,0.0,0.0,0.0,0.0,0.0,3.76,0.0,0.5015554806605221,0.9998549948657192,0.0,0.0,1.7467301214103528e-07,1.7467301214398306e-07,0.00014500513428135543,2.9476958058531404e-18
1.9874744601602526e-09,0.5617328136436054,0.0,9.490312994316818e-19,0.0,0.0,0.0,0.0,0.0,0.0,0.0,0.0,0.0,0.0,0.0,0.0,0.0,0.0,0.0,0.0,0.0,0.0,0.0,0.0,0.0,0.0,0.0,0.0,0.0,0.0,0.0,0.0,0.0,0.0,3.76,0.0,0.5015554777359477,0.9998549356696405,0.0,0.0,1.7759758658909644e-07,1.7759758659215013e-07,0.00014506433036011823,3.0536087685294086e-18
2.052931633832987e-09,0.5617328142680708,0.0,9.80286687807694e-19,0.0,0.0,0.0,0.0,0.0,0.0,0.0,0.0,0.0,0.0,0.0,0.0,0.0,0.0,0.0,0.0,0.0,0.0,0.0,0.0,0.0,0.0,0.0,0.0,0.0,0.0,0.0,0.0,0.0,0.0,3.76,0.0,0.5015554718867987,0.9998548320638195,0.0,0.0,1.8344673543405378e-07,1.8344673543732465e-07,0.0001451679361810337,3.2708279187451683e-18
2.1118430901384476e-09,0.5617328148300894,0.0,1.0084165347962564e-18,0.0,0.0,0.0,0.0,0.0,0.0,0.0,0.0,0.0,0.0,0.0,0.0,0.0,0.0,0.0,0.0,0.0,0.0,0.0,0.0,0.0,0.0,0.0,0.0,0.0,0.0,0.0,0.0,0.0,0.0,3.76,0.0,0.501555466622565,0.9998547534361684,0.0,0.0,1.887109693361872e-07,1.8871096933965973e-07,0.00014524656383213191,3.472462063743446e-18
2.1707545464439088e-09,0.5617328153921081,0.0,1.0365463797417877e-18,0.0,0.0,0.0,0.0,0.0,0.0,0.0,0.0,0.0,0.0,0.0,0.0,0.0,0.0,0.0,0.0,0.0,0.0,0.0,0.0,0.0,0.0,0.0,0.0,0.0,0.0,0.0,0.0,0.0,0.0,3.76,0.0,0.501555461358331,0.9998546865206576,0.0,0.0,1.939752031830624e-07,1.9397520318674232e-07,0.00014531347934297988,3.6798988309628795e-18
2.22966600274937e-09,0.5617328159541268,0.0,1.0646762229487233e-18,0.0,0.0,0.0,0.0,0.0,0.0,0.0,0.0,0.0,0.0,0.0,0.0,0.0,0.0,0.0,0.0,0.0,0.0,0.0,0.0,0.0,0.0,0.0,0.0,0.0,0.0,0.0,0.0,0.0,0.0,3.76,0.0,0.5015554560940972,0.9998546295720422,0.0,0.0,1.9923943697467938e-07,1.9923943697857255e-07,0.0001453704279585279,3.8931285817328704e-18
2.288577459054831e-09,0.5617328165161456,0.0,1.092806064676063e-18,0.0,0.0,0.0,0.0,0.0,0.0,0.0,0.0,0.0,0.0,0.0,0.0,0.0,0.0,0.0,0.0,0.0,0.0,0.0,0.0,0.0,0.0,0.0,0.0,0.0,0.0,0.0,0.0,0.0,0.0,3.76,0.0,0.5015554508298634,0.9998545811055483,0.0,0.0,2.045036707110381e-07,2.0450367071515032e-07,0.00014541889445240146,4.1121427706490075e-18
2.347488915360292e-09,0.5617328170781642,0.0,1.12093590514418e-18,0.0,0.0,0.0,0.0,0.0,0.0,0.0,0.0,0.0,0.0,0.0,0.0,0.0,0.0,0.0,0.0,0.0,0.0,0.0,0.0,0.0,0.0,0.0,0.0,0.0,0.0,0.0,0.0,0.0,0.0,3.76,0.0,0.5015554455656298,0.9998545398578346,0.0,0.0,2.097679043921387e-07,2.0976790439647566e-07,0.00014546014216610458,4.3369338330319125e-18
2.4064003716657532e-09,0.5617328176401828,0.0,1.1490657445406111e-18,0.0,0.0,0.0,0.0,0.0,0.0,0.0,0.0,0.0,0.0,0.0,0.0,0.0,0.0,0.0,0.0,0.0,0.0,0.0,0.0,0.0,0.0,0.0,0.0,0.0,0.0,0.0,0.0,0.0,0.0,3.76,0.0,0.5015554403013961,0.9998545047538033,0.0,0.0,2.1503213801798104e-07,2.1503213802254856e-07,0.00014549524619728697,4.5674950822460154e-18
2.4653118279712144e-09,0.5617328182022018,0.0,1.1771955830249803e-18,0.0,0.0,0.0,0.0,0.0,0.0,0.0,0.0,0.0,0.0,0.0,0.0,0.0,0.0,0.0,0.0,0.0,0.0,0.0,0.0,0.0,0.0,0.0,0.0,0.0,0.0,0.0,0.0,0.0,0.0,3.76,0.0,0.5015554350371626,0.9998544748783758,0.0,0.0,2.2029637158856518e-07,2.2029637159336908e-07,0.00014552512162485738,4.803820615816428e-18
2.5242232842766755e-09,0.5617328187642204,0.0,1.2053254207331452e-18,0.0,0.0,0.0,0.0,0.0,0.0,0.0,0.0,0.0,0.0,0.0,0.0,0.0,0.0,0.0,0.0,0.0,0.0,0.0,0.0,0.0,0.0,0.0,0.0,0.0,0.0,0.0,0.0,0.0,0.0,3.76,0.0,0.501555429772929,0.9998544494527127,0.0,0.0,2.255606051038912e-07,2.2556060510893713e-07,0.00014555054728800215,5.0459052304263946e-18
2.5831347405821366e-09,0.5617328193262391,0.0,1.2334552577807253e-18,0.0,0.0,0.0,0.0,0.0,0.0,0.0,0.0,0.0,0.0,0.0,0.0,0.0,0.0,0.0,0.0,0.0,0.0,0.0,0.0,0.0,0.0,0.0,0.0,0.0,0.0,0.0,0.0,0.0,0.0,3.76,0.0,0.5015554245086956,0.9998544278140047,0.0,0.0,2.30824838563959e-07,2.3082483856925275e-07,0.00014557218599589776,5.2937443446293616e-18
2.6420461968875977e-09,0.5617328198882576,0.0,1.2615850942661084e-18,0.0,0.0,0.0,0.0,0.0,0.0,0.0,0.0,0.0,0.0,0.0,0.0,0.0,0.0,0.0,0.0,0.0,0.0,0.0,0.0,0.0,0.0,0.0,0.0,0.0,0.0,0.0,0.0,0.0,0.0,3.76,0.0,0.5015554192444621,0.9998544093982195,0.0,0.0,2.3608907196876864e-07,2.36089071974316e-07,0.00014559060178099802,5.547333929041675e-18
2.700957653193059e-09,0.5617328204502763,0.0,1.2897149302730248e-18,0.0,0.0,0.0,0.0,0.0,0.0,0.0,0.0,0.0,0.0,0.0,0.0,0.0,0.0,0.0,0.0,0.0,0.0,0.0,0.0,0.0,0.0,0.0,0.0,0.0,0.0,0.0,0.0,0.0,0.0,3.76,0.0,0.5015554139802288,0.9998543937253522,0.0,0.0,2.413533053183201e-07,2.413533053241268e-07,0.0001456062746483713,5.8066704434103194e-18
2.75986910949852e-09,0.5617328210122952,0.0,1.3178447658727374e-18,0.0,0.0,0.0,0.0,0.0,0.0,0.0,0.0,0.0,0.0,0.0,0.0,0.0,0.0,0.0,0.0,0.0,0.0,0.0,0.0,0.0,0.0,0.0,0.0,0.0,0.0,0.0,0.0,0.0,0.0,3.76,0.0,0.5015554087159955,0.9998543803868745,0.0,0.0,2.4661753861261344e-07,2.4661753861868513e-07,0.00014561961312620867,6.0717507802363815e-18
2.818780565803981e-09,0.5617328215743136,0.0,1.345974601125898e-18,0.0,0.0,0.0,0.0,0.0,0.0,0.0,0.0,0.0,0.0,0.0,0.0,0.0,0.0,0.0,0.0,0.0,0.0,0.0,0.0,0.0,0.0,0.0,0.0,0.0,0.0,0.0,0.0,0.0,0.0,3.76,0.0,0.5015554034517623,0.9998543690350854,0.0,0.0,2.518817718516485e-07,2.5188177185799103e-07,0.00014563096491506744,6.342572214381579e-18
2.877692022109442e-09,0.5617328221363324,0.0,1.3741044360841248e-18,0.0,0.0,0.0,0.0,0.0,0.0,0.0,0.0,0.0,0.0,0.0,0.0,0.0,0.0,0.0,0.0,0.0,0.0,0.0,0.0,0.0,0.0,0.0,0.0,0.0,0.0,0.0,0.0,0.0,0.0,3.76,0.0,0.501555398187529,0.9998543593740701,0.0,0.0,2.5714600503542547e-07,2.571460050420446e-07,0.00014564062593056126,6.619132358132835e-18
2.9366034784149033e-09,0.5617328226983509,0.0,1.4022342707913472e-18,0.0,0.0,0.0,0.0,0.0,0.0,0.0,0.0,0.0,0.0,0.0,0.0,0.0,0.0,0.0,0.0,0.0,0.0,0.0,0.0,0.0,0.0,0.0,0.0,0.0,0.0,0.0,0.0,0.0,0.0,3.76,0.0,0.501555392923296,0.9998543511519957,0.0,0.0,2.624102381639443e-07,2.624102381708457e-07,0.00014564884800484154,6.901429121157486e-18
2.9955149347203644e-09,0.5617328232603697,0.0,1.4303641052849494e-18,0.0,0.0,0.0,0.0,0.0,0.0,0.0,0.0,0.0,0.0,0.0,0.0,0.0,0.0,0.0,0.0,0.0,0.0,0.0,0.0,0.0,0.0,0.0,0.0,0.0,0.0,0.0,0.0,0.0,0.0,3.76,0.0,0.5015553876590628,0.999854344154546,0.0,0.0,2.6767447123720494e-07,2.6767447124439434e-07,0.00014565584545460583,7.189460674876675e-18
3.0544263910258256e-09,0.5617328238223882,0.0,1.4584939395967487e-18,0.0,0.0,0.0,0.0,0.0,0.0,0.0,0.0,0.0,0.0,0.0,0.0,0.0,0.0,0.0,0.0,0.0,0.0,0.0,0.0,0.0,0.0,0.0,0.0,0.0,0.0,0.0,0.0,0.0,0.0,3.76,0.0,0.5015553823948299,0.9998543381993246,0.0,0.0,2.7293870425520744e-07,2.7293870426269056e-07,0.00014566180067613615,7.48322542083367e-18
3.1133378473312867e-09,0.561732824384407,0.0,1.4866237737538233e-18,0.0,0.0,0.0,0.0,0.0,0.0,0.0,0.0,0.0,0.0,0.0,0.0,0.0,0.0,0.0,0.0,0.0,0.0,0.0,0.0,0.0,0.0,0.0,0.0,0.0,0.0,0.0,0.0,0.0,0.0,3.76,0.0,0.5015553771305968,0.9998543331310976,0.0,0.0,2.782029372179518e-07,2.7820293722573444e-07,0.00014566686890286212,7.782721962682235e-18
3.172249303636748e-09,0.5617328249464256,0.0,1.5147536077792184e-18,0.0,0.0,0.0,0.0,0.0,0.0,0.0,0.0,0.0,0.0,0.0,0.0,0.0,0.0,0.0,0.0,0.0,0.0,0.0,0.0,0.0,0.0,0.0,0.0,0.0,0.0,0.0,0.0,0.0,0.0,3.76,0.0,0.501555371866364,0.9998543288177515,0.0,0.0,2.83467170125438e-07,2.8346717013352584e-07,0.00014567118224913378,8.087949081428528e-18
3.231160759942209e-09,0.5617328255084442,0.0,1.5428834416925474e-18,0.0,0.0,0.0,0.0,0.0,0.0,0.0,0.0,0.0,0.0,0.0,0.0,0.0,0.0,0.0,0.0,0.0,0.0,0.0,0.0,0.0,0.0,0.0,0.0,0.0,0.0,0.0,0.0,0.0,0.0,3.76,0.0,0.5015553666021311,0.9998543251468499,0.0,0.0,2.8873140297766604e-07,2.887314029860648e-07,0.00014567485315079528,8.398905713574184e-18
3.29007221624767e-09,0.5617328260704627,0.0,1.5710132755105022e-18,0.0,0.0,0.0,0.0,0.0,0.0,0.0,0.0,0.0,0.0,0.0,0.0,0.0,0.0,0.0,0.0,0.0,0.0,0.0,0.0,0.0,0.0,0.0,0.0,0.0,0.0,0.0,0.0,0.0,0.0,3.76,0.0,0.5015553613378984,0.9998543220227051,0.0,0.0,2.9399563577463594e-07,2.9399563578335143e-07,0.00014567797729551286,8.715590931833244e-18
3.348983672553131e-09,0.5617328266324814,0.0,1.5991431092472872e-18,0.0,0.0,0.0,0.0,0.0,0.0,0.0,0.0,0.0,0.0,0.0,0.0,0.0,0.0,0.0,0.0,0.0,0.0,0.0,0.0,0.0,0.0,0.0,0.0,0.0,0.0,0.0,0.0,0.0,0.0,3.76,0.0,0.5015553560736655,0.9998543193638821,0.0,0.0,2.992598685163477e-07,2.9925986852538557e-07,0.0001456806361184294,9.038003928135926e-18
3.466806585164053e-09,0.5617328277565186,0.0,1.6554027765237713e-18,0.0,0.0,0.0,0.0,0.0,0.0,0.0,0.0,0.0,0.0,0.0,0.0,0.0,0.0,0.0,0.0,0.0,0.0,0.0,0.0,0.0,0.0,0.0,0.0,0.0,0.0,0.0,0.0,0.0,0.0,3.76,0.0,0.5015553455452003,0.9998543151760785,0.0,0.0,3.097883338339967e-07,3.097883338436966e-07,0.00014568482392211972,9.700010533935956e-18
3.5728472065138828e-09,0.561732828768152,0.0,1.7060364768985683e-18,0.0,0.0,0.0,0.0,0.0,0.0,0.0,0.0,0.0,0.0,0.0,0.0,0.0,0.0,0.0,0.0,0.0,0.0,0.0,0.0,0.0,0.0,0.0,0.0,0.0,0.0,0.0,0.0,0.0,0.0,3.76,0.0,0.5015553360695818,0.9998543124047722,0.0,0.0,3.19263952430898e-07,3.1926395244121327e-07,0.00014568759522839097,1.0315399320805211e-17
3.6754350256651417e-09,0.5617328297468455,0.0,1.755021486780288e-18,0.0,0.0,0.0,0.0,0.0,0.0,0.0,0.0,0.0,0.0,0.0,0.0,0.0,0.0,0.0,0.0,0.0,0.0,0.0,0.0,0.0,0.0,0.0,0.0,0.0,0.0,0.0,0.0,0.0,0.0,3.76,0.0,0.5015553269025002,0.9998543103899363,0.0,0.0,3.284310340315458e-07,3.284310340424741e-07,0.00014568961006432906,1.0928403696264598e-17
3.7780228448164005e-09,0.561732830725539,0.0,1.80400649657605e-18,0.0,0.0,0.0,0.0,0.0,0.0,0.0,0.0,0.0,0.0,0.0,0.0,0.0,0.0,0.0,0.0,0.0,0.0,0.0,0.0,0.0,0.0,0.0,0.0,0.0,0.0,0.0,0.0,0.0,0.0,3.76,0.0,0.5015553177354186,0.9998543088678719,0.0,0.0,3.375981154646268e-07,3.375981154761854e-07,0.00014569113212862712,1.1558767411294964e-17
3.8806106639676594e-09,0.5617328317042324,0.0,1.8529915063068474e-18,0.0,0.0,0.0,0.0,0.0,0.0,0.0,0.0,0.0,0.0,0.0,0.0,0.0,0.0,0.0,0.0,0.0,0.0,0.0,0.0,0.0,0.0,0.0,0.0,0.0,0.0,0.0,0.0,0.0,0.0,3.76,0.0,0.5015553085683374,0.9998543077182291,0.0,0.0,3.467651967301408e-07,3.467651967423471e-07,0.00014569228177149158,1.2206489050289702e-17
3.983198483118918e-09,0.5617328326829258,0.0,1.901976515988533e-18,0.0,0.0,0.0,0.0,0.0,0.0,0.0,0.0,0.0,0.0,0.0,0.0,0.0,0.0,0.0,0.0,0.0,0.0,0.0,0.0,0.0,0.0,0.0,0.0,0.0,0.0,0.0,0.0,0.0,0.0,3.76,0.0,0.5015552994012562,0.9998543068501364,0.0,0.0,3.559322778280878e-07,3.5593227784095923e-07,0.00014569314986424096,1.2871567505985095e-17
4.085786302270177e-09,0.5617328336616194,0.0,1.950961525633133e-18,0.0,0.0,0.0,0.0,0.0,0.0,0.0,0.0,0.0,0.0,0.0,0.0,0.0,0.0,0.0,0.0,0.0,0.0,0.0,0.0,0.0,0.0,0.0,0.0,0.0,0.0,0.0,0.0,0.0,0.0,3.76,0.0,0.5015552902341753,0.9998543061946411,0.0,0.0,3.6509935875846793e-07,3.650993587720218e-07,0.000145693805359576,1.3554001911240979e-17
4.188374121421436e-09,0.5617328346403128,0.0,1.9999465352497554e-18,0.0,0.0,0.0,0.0,0.0,0.0,0.0,0.0,0.0,0.0,0.0,0.0,0.0,0.0,0.0,0.0,0.0,0.0,0.0,0.0,0.0,0.0,0.0,0.0,0.0,0.0,0.0,0.0,0.0,0.0,3.76,0.0,0.5015552810670945,0.9998543056995366,0.0,0.0,3.742664395212811e-07,3.7426643953553476e-07,0.00014569430046393707,1.4253791588853515e-17
4.290961940572695e-09,0.5617328356190062,0.0,2.048931544845255e-18,0.0,0.0,0.0,0.0,0.0,0.0,0.0,0.0,0.0,0.0,0.0,0.0,0.0,0.0,0.0,0.0,0.0,0.0,0.0,0.0,0.0,0.0,0.0,0.0,0.0,0.0,0.0,0.0,0.0,0.0,3.76,0.0,0.5015552719000139,0.9998543053255214,0.0,0.0,3.8343352011652743e-07,3.8343352013149816e-07,0.00014569467447918987,1.4970936011840252e-17
4.393549759723954e-09,0.5617328365976995,0.0,2.097916554424789e-18,0.0,0.0,0.0,0.0,0.0,0.0,0.0,0.0,0.0,0.0,0.0,0.0,0.0,0.0,0.0,0.0,0.0,0.0,0.0,0.0,0.0,0.0,0.0,0.0,0.0,0.0,0.0,0.0,0.0,0.0,3.76,0.0,0.5015552627329334,0.9998543050430342,0.0,0.0,3.9260060054420677e-07,3.92600600559912e-07,0.00014569495696644316,1.570543477037405e-17
4.496137578875213e-09,0.5617328375763929,0.0,2.146901563992255e-18,0.0,0.0,0.0,0.0,0.0,0.0,0.0,0.0,0.0,0.0,0.0,0.0,0.0,0.0,0.0,0.0,0.0,0.0,0.0,0.0,0.0,0.0,0.0,0.0,0.0,0.0,0.0,0.0,0.0,0.0,3.76,0.0,0.5015552535658532,0.9998543048297283,0.0,0.0,4.0176768080431917e-07,4.0176768082077633e-07,0.00014569517027233447,1.6457287545136845e-17
4.598725398026472e-09,0.5617328385550862,0.0,2.19588657355061e-18,0.0,0.0,0.0,0.0,0.0,0.0,0.0,0.0,0.0,0.0,0.0,0.0,0.0,0.0,0.0,0.0,0.0,0.0,0.0,0.0,0.0,0.0,0.0,0.0,0.0,0.0,0.0,0.0,0.0,0.0,3.76,0.0,0.5015552443987732,0.9998543046686523,0.0,0.0,4.109347608968648e-07,4.1093476091409106e-07,0.00014569533134815152,1.7226494086992554e-17
4.7013132171777305e-09,0.5617328395337797,0.0,2.2448715831020913e-18,0.0,0.0,0.0,0.0,0.0,0.0,0.0,0.0,0.0,0.0,0.0,0.0,0.0,0.0,0.0,0.0,0.0,0.0,0.0,0.0,0.0,0.0,0.0,0.0,0.0,0.0,0.0,0.0,0.0,0.0,3.76,0.0,0.5015552352316932,0.9998543045469862,0.0,0.0,4.2010184082184347e-07,4.201018408398563e-07,0.0001456954530143979,1.801305420169225e-17
4.803901036328989e-09,0.561732840512473,0.0,2.2938565926483805e-18,0.0,0.0,0.0,0.0,0.0,0.0,0.0,0.0,0.0,0.0,0.0,0.0,0.0,0.0,0.0,0.0,0.0,0.0,0.0,0.0,0.0,0.0,0.0,0.0,0.0,0.0,0.0,0.0,0.0,0.0,3.76,0.0,0.5015552260646136,0.9998543044550798,0.0,0.0,4.2926892057925516e-07,4.2926892059807194e-07,0.00014569554492084328,1.8816967738018462e-17
5.009076674631507e-09,0.5617328424698594,0.0,2.3918266117300832e-18,0.0,0.0,0.0,0.0,0.0,0.0,0.0,0.0,0.0,0.0,0.0,0.0,0.0,0.0,0.0,0.0,0.0,0.0,0.0,0.0,0.0,0.0,0.0,0.0,0.0,0.0,0.0,0.0,0.0,0.0,3.76,0.0,0.5015552077304545,0.9998543043336177,0.0,0.0,4.4760307959137787e-07,4.476030796118547e-07,0.00014569566638280126,2.0476854634584087e-17
5.214252312934025e-09,0.561732844427246,0.0,2.489796630802588e-18,0.0,0.0,0.0,0.0,0.0,0.0,0.0,0.0,0.0,0.0,0.0,0.0,0.0,0.0,0.0,0.0,0.0,0.0,0.0,0.0,0.0,0.0,0.0,0.0,0.0,0.0,0.0,0.0,0.0,0.0,3.76,0.0,0.5015551893962962,0.999854304264885,0.0,0.0,4.6593723793323315e-07,4.659372379554392e-07,0.00014569573511560063,2.220615410981367e-17
5.419427951236543e-09,0.5617328463846324,0.0,2.587766649869923e-18,0.0,0.0,0.0,0.0,0.0,0.0,0.0,0.0,0.0,0.0,0.0,0.0,0.0,0.0,0.0,0.0,0.0,0.0,0.0,0.0,0.0,0.0,0.0,0.0,0.0,0.0,0.0,0.0,0.0,0.0,3.76,0.0,0.5015551710621385,0.9998543042257906,0.0,0.0,4.842713956048208e-07,4.842713956288255e-07,0.0001456957742099956,2.4004865751478393e-17
5.6246035895390605e-09,0.5617328483420186,0.0,2.6857366689343974e-18,0.0,0.0,0.0,0.0,0.0,0.0,0.0,0.0,0.0,0.0,0.0,0.0,0.0,0.0,0.0,0.0,0.0,0.0,0.0,0.0,0.0,0.0,0.0,0.0,0.0,0.0,0.0,0.0,0.0,0.0,3.76,0.0,0.5015551527279816,0.9998543042030927,0.0,0.0,5.02605552606141e-07,5.026055526320138e-07,0.00014569579690776807,2.5872989303591654e-17
5.829779227841578e-09,0.5617328502994051,0.0,2.7837066879972437e-18,0.0,0.0,0.0,0.0,0.0,0.0,0.0,0.0,0.0,0.0,0.0,0.0,0.0,0.0,0.0,0.0,0.0,0.0,0.0,0.0,0.0,0.0,0.0,0.0,0.0,0.0,0.0,0.0,0.0,0.0,3.76,0.0,0.5015551343938253,0.9998543041897319,0.0,0.0,5.209397089371936e-07,5.20939708965004e-07,0.00014569581026897504,2.7810524609393255e-17
6.034954866144096e-09,0.5617328522567913,0.0,2.881676707059108e-18,0.0,0.0,0.0,0.0,0.0,0.0,0.0,0.0,0.0,0.0,0.0,0.0,0.0,0.0,0.0,0.0,0.0,0.0,0.0,0.0,0.0,0.0,0.0,0.0,0.0,0.0,0.0,0.0,0.0,0.0,3.76,0.0,0.5015551160596696,0.999854304181996,0.0,0.0,5.392738645979789e-07,5.392738646277961e-07,0.00014569581800458951,2.9817471568430246e-17
6.240130504446614e-09,0.5617328542141775,0.0,2.9796467261203837e-18,0.0,0.0,0.0,0.0,0.0,0.0,0.0,0.0,0.0,0.0,0.0,0.0,0.0,0.0,0.0,0.0,0.0,0.0,0.0,0.0,0.0,0.0,0.0,0.0,0.0,0.0,0.0,0.0,0.0,0.0,3.76,0.0,0.5015550977255147,0.9998543041776343,0.0,0.0,5.576080195884967e-07,5.576080196203903e-07,0.00014569582236649613,3.189383011011994e-17
6.4453061427491316e-09,0.5617328561715634,0.0,3.0776167451813356e-18,0.0,0.0,0.0,0.0,0.0,0.0,0.0,0.0,0.0,0.0,0.0,0.0,0.0,0.0,0.0,0.0,0.0,0.0,0.0,0.0,0.0,0.0,0.0,0.0,0.0,0.0,0.0,0.0,0.0,0.0,3.76,0.0,0.5015550793913603,0.999854304175133,0.0,0.0,5.759421739087471e-07,5.759421739427864e-07,0.00014569582486749939,3.4039600181301226e-17
6.855657419354167e-09,0.5617328600863354,0.0,3.2735567833028254e-18,0.0,0.0,0.0,0.0,0.0,0.0,0.0,0.0,0.0,0.0,0.0,0.0,0.0,0.0,0.0,0.0,0.0,0.0,0.0,0.0,0.0,0.0,0.0,0.0,0.0,0.0,0.0,0.0,0.0,0.0,3.76,0.0,0.5015550427230537,0.9998543041725003,0.0,0.0,6.126104805384457e-07,6.126104805769846e-07,0.00014569582750026126,3.853937474318178e-17
7.266008695959203e-09,0.5617328640011071,0.0,3.469496821424071e-18,0.0,0.0,0.0,0.0,0.0,0.0,0.0,0.0,0.0,0.0,0.0,0.0,0.0,0.0,0.0,0.0,0.0,0.0,0.0,0.0,0.0,0.0,0.0,0.0,0.0,0.0,0.0,0.0,0.0,0.0,3.76,0.0,0.5015550060547498,0.9998543041712675,0.0,0.0,6.492787844870747e-07,6.492787845303912e-07,0.00014569582873296574,4.3316795004902935e-17
7.676359972564238e-09,0.5617328679158784,0.0,3.665436859545153e-18,0.0,0.0,0.0,0.0,0.0,0.0,0.0,0.0,0.0,0.0,0.0,0.0,0.0,0.0,0.0,0.0,0.0,0.0,0.0,0.0,0.0,0.0,0.0,0.0,0.0,0.0,0.0,0.0,0.0,0.0,3.76,0.0,0.5015549693864485,0.9998543041709709,0.0,0.0,6.859470857546348e-07,6.859470858030062e-07,0.0001456958290297617,4.837186076059124e-17
8.086711249169274e-09,0.5617328718306495,0.0,3.861376897666143e-18,0.0,0.0,0.0,0.0,0.0,0.0,0.0,0.0,0.0,0.0,0.0,0.0,0.0,0.0,0.0,0.0,0.0,0.0,0.0,0.0,0.0,0.0,0.0,0.0,0.0,0.0,0.0,0.0,0.0,0.0,3.76,0.0,0.5015549327181499,0.9998543041711984,0.0,0.0,7.226153843411258e-07,7.226153843948299e-07,0.00014569582880231383,5.370457181583868e-17
8.907413802379345e-09,0.5617328796601907,0.0,4.253256973908123e-18,0.0,0.0,0.0,0.0,0.0,0.0,0.0,0.0,0.0,0.0,0.0,0.0,0.0,0.0,0.0,0.0,0.0,0.0,0.0,0.0,0.0,0.0,0.0,0.0,0.0,0.0,0.0,0.0,0.0,0.0,3.76,0.0,0.5015548593815607,0.9998543041716628,0.0,0.0,7.959519734709017e-07,7.959519735361041e-07,0.00014569582833790092,6.520292902101358e-17
9.999999999999999e-09,0.5617328937533621,0.0,4.774959703782535e-18,0.0,0.0,0.0,0.0,0.0,0.0,0.0,0.0,0.0,0.0,0.0,0.0,0.0,0.0,0.0,0.0,0.0,0.0,0.0,0.0,0.0,0.0,0.0,0.0,0.0,0.0,0.0,0.0,0.0,0.0,3.76,0.0,0.5015547617499265,0.9998543041717446,0.0,0.0,8.935836076023276e-07,8.93583607684561e-07,0.00014569582825597072,8.223387043357462e-17
1.0384678398157473e-08,0.5617328937533621,0.0,4.958641111143839e-18,0.0,0.0,0.0,0.0,0.0,0.0,0.0,0.0,0.0,0.0,0.0,0.0,0.0,0.0,0.0,0.0,0.0,0.0,0.0,0.0,0.0,0.0,0.0,0.0,0.0,0.0,0.0,0.0,0.0,0.0,3.76,0.0,0.5015547273757273,0.9998543041716277,0.0,0.0,9.279578068793315e-07,9.279578069680297e-07,0.000145695828372924,8.869862781151952e-17
1.1861942993935602e-08,0.5617329078465298,0.0,5.664025248379561e-18,0.0,0.0,0.0,0.0,0.0,0.0,0.0,0.0,0.0,0.0,0.0,0.0,0.0,0.0,0.0,0.0,0.0,0.0,0.0,0.0,0.0,0.0,0.0,0.0,0.0,0.0,0.0,0.0,0.0,0.0,3.76,0.0,0.5015545953699285,0.9998543041715615,0.0,0.0,1.0599636055411247e-06,1.0599636056569166e-06,0.00014569582843911214,1.1579259295225453e-16
1.481647218549186e-08,0.5617329360328542,0.0,7.074793522850989e-18,0.0,0.0,0.0,0.0,0.0,0.0,0.0,0.0,0.0,0.0,0.0,0.0,0.0,0.0,0.0,0.0,0.0,0.0,0.0,0.0,0.0,0.0,0.0,0.0,0.0,0.0,0.0,0.0,0.0,0.0,3.76,0.0,0.5015543313584354,0.9998543041715144,0.0,0.0,1.3239750986248482e-06,1.323975098805623e-06,0.00014569582848615684,1.8077527580493997e-16
2.0725530568604372e-08,0.561732992405458,0.0,9.896330071793828e-18,0.0,0.0,0.0,0.0,0.0,0.0,0.0,0.0,0.0,0.0,0.0,0.0,0.0,0.0,0.0,0.0,0.0,0.0,0.0,0.0,0.0,0.0,0.0,0.0,0.0,0.0,0.0,0.0,0.0,0.0,3.76,0.0,0.501553803335866,0.9998543041715061,0.0,0.0,1.8519976678331466e-06,1.8519976681870653e-06,0.0001456958284942915,3.539193619877816e-16
3.25436473348294e-08,0.5617331051504881,0.0,1.5539403169679506e-17,0.0,0.0,0.0,0.0,0.0,0.0,0.0,0.0,0.0,0.0,0.0,0.0,0.0,0.0,0.0,0.0,0.0,0.0,0.0,0.0,0.0,0.0,0.0,0.0,0.0,0.0,0.0,0.0,0.0,0.0,3.76,0.0,0.501552747292395,0.999854304171509,0.0,0.0,2.9080411384156004e-06,2.90804113928852e-06,0.00014569582849079885,8.729200563711278e-16
5.617988086727945e-08,0.5617333306398359,0.0,2.6825549365450842e-17,0.0,0.0,0.0,0.0,0.0,0.0,0.0,0.0,0.0,0.0,0.0,0.0,0.0,0.0,0.0,0.0,0.0,0.0,0.0,0.0,0.0,0.0,0.0,0.0,0.0,0.0,0.0,0.0,0.0,0.0,3.76,0.0,0.5015506352121234,0.9998543041715094,0.0,0.0,5.020121408263484e-06,5.020121410865236e-06,0.00014569582848879674,2.6017527184599534e-15
9.999999999999998e-08,0.5617337816156822,0.0,4.7749368305089416e-17,0.0,0.0,0.0,0.0,0.0,0.0,0.0,0.0,0.0,0.0,0.0,0.0,0.0,0.0,0.0,0.0,0.0,0.0,0.0,0.0,0.0,0.0,0.0,0.0,0.0,0.0,0.0,0.0,0.0,0.0,3.76,0.0,0.5015467195690984,0.9998543041715041,0.0,0.0,8.935764427665465e-06,8.935764435909038e-06,0.0001456958284883849,8.243573076007749e-15
1.0345234793217956e-07,0.5617337816156822,0.0,4.939784175699343e-17,0.0,0.0,0.0,0.0,0.0,0.0,0.0,0.0,0.0,0.0,0.0,0.0,0.0,0.0,0.0,0.0,0.0,0.0,0.0,0.0,0.0,0.0,0.0,0.0,0.0,0.0,0.0,0.0,0.0,0.0,3.76,0.0,0.5015464110782626,0.9998543041715033,0.0,0.0,9.244255262847577e-06,9.24425527167017e-06,0.00014569582848853466,8.822592602399443e-15
1.9799728206197977e-07,0.5617346835559794,0.0,9.454242654007785e-17,0.0,0.0,0.0,0.0,0.0,0.0,0.0,0.0,0.0,0.0,0.0,0.0,0.0,0.0,0.0,0.0,0.0,0.0,0.0,0.0,0.0,0.0,0.0,0.0,0.0,0.0,0.0,0.0,0.0,0.0,3.76,0.0,0.5015379629172692,0.9998543041714798,0.0,0.0,1.7692416232820345e-05,1.7692416265136113e-05,0.0001456958284885048,3.231576650647072e-14
3.8708715032158023e-07,0.5617364873909921,-2.869506648166465e-35,1.8483159610624097e-16,-1.5705820423766585e-36,-3.2064462466086444e-52,0.0,0.0,-2.03194277434889e-34,6.527605604097214e-59,-3.016412659394606e-34,-7.896939684876426e-43,-2.343177538594899e-34,-2.696568346933748e-72,-1.1079183625408398e-50,-1.1517847104388419e-51,8.953918068389379e-63,-2.7942855787195845e-52,-8.232287529853215e-51,-2.2829698382082336e-35,-3.0209433542158674e-35,-7.922169084304441e-35,-8.219508661916665e-54,3.4937522291482885e-96,1.3917396603607397e-67,4.129020492718961e-60,2.2323034254674922e-61,9.330625426138311e-77,0.0,0.0,4.1641484517299956e-79,0.0,5.94077815836362e-62,0.0,3.76,0.0,0.5015210670221848,0.9998543041713887,-9.511175180018024e-53,0.0,3.458831122599424e-05,3.458831134949271e-05,0.00014569582848839358,1.2349845984840992e-13
7.65266886840781e-07,0.5617400948787002,-2.249419580302954e-34,3.6540993523852197e-16,-7.970173983725648e-35,-4.3173984122787364e-51,0.0,0.0,-6.204025295491742e-34,1.3774153787943355e-58,-8.3852474409609e-34,-8.03445570917508e-35,-2.1359695938622622e-34,-2.3443797624933368e-62,-3.695870948334097e-35,-7.050408809926721e-51,2.1548481471853663e-62,-3.762418002832361e-51,-6.62146185455866e-50,1.4985713171095944e-35,-6.634532516056986e-35,-3.8579267432274527e-35,-9.164592335693712e-53,-1.295405349414707e-93,5.312325116537491e-67,5.732226896788325e-60,1.1544312734531438e-61,1.2623920748663694e-76,1.2647865441208465e-123,-2.768966211234716e-106,3.1861368913849116e-79,-1.070095710499417e-91,1.2367978889740641e-61,-1.5162197712241147e-90,3.76,0.0,0.5014872769395463,0.9998543041710298,-1.2603485438437278e-51,-1.2230395127262385e-90,6.837839350533197e-05,6.837839398790418e-05,0.00014569582848812602,4.825722097444008e-13
9.999999999999997e-07,0.5617437021233179,1.2231642500852605e-31,4.774934543180071e-16,4.469276561055305e-32,-5.529594242298554e-49,0.0,0.0,2.8077737489127627e-31,1.5822481506190807e-58,1.0016495633970446e-30,4.734069109803996e-32,1.617367545536933e-31,-1.5071862177700311e-62,2.180162793526191e-32,-9.875407378534048e-49,2.9991702487110093e-62,-4.818792071690753e-49,-1.0166026507821783e-47,1.0066085652739442e-31,-1.1275201880676568e-32,-1.469801087329749e-32,4.159252012624058e-51,-1.717980816422208e-94,8.237662547906065e-67,6.190618860705549e-60,5.753281960795931e-62,1.3563670714469378e-76,3.149082429383944e-123,-2.362151350720382e-106,1.6355915575620968e-79,7.90792411755879e-93,1.411885227336124e-61,-1.9172427496533446e-90,3.76,0.0,0.50146630485278,0.9998543041706885,7.374855088454057e-49,-1.5634180756550116e-90,8.935047993041421e-05,8.935048075431662e-05,0.00014569582848794236,8.239024028652735e-13
1.143446623359982e-06,0.5617437021233179,2.4345400360935996e-31,5.45988274370714e-16,8.895384090376451e-32,-1.0941753705941776e-48,0.0,0.0,5.589437368738825e-31,1.6150588559862225e-58,1.9924034301622105e-30,9.421951899621959e-32,3.217663128250463e-31,-1.3121648795961831e-63,4.33905043626856e-32,-1.9550509172210882e-48,3.5387394598726107e-62,-9.535245032074403e-49,-2.0132782958106035e-47,2.001071921718165e-31,-2.2342995470595432e-32,-2.919352695592598e-32,8.379385146677347e-51,1.2425118244643714e-93,1.0210814935059701e-66,6.268372111802626e-60,2.5534224004769126e-62,1.372153750178017e-76,4.7150745927905476e-123,-1.3120981775046907e-106,3.3228447894911514e-80,1.4651050219399506e-91,1.4344784753930655e-61,-1.9586641380528322e-90,3.76,0.0,0.5014534891335106,0.9998543041704353,1.4677643915135816e-48,-1.6135286454817474e-90,0.00010216619894652906,0.00010216620002368565,0.00014569582848782356,1.077156596647161e-12
1.521626359879183e-06,0.5617473091248787,4.025376106235971e-31,7.265666135027763e-16,1.8496936995104952e-31,-7.227831793041262e-48,0.0,0.0,1.1346338214657553e-30,1.7130249220860232e-58,3.379042982756226e-30,1.593186300839101e-31,2.2265793985085977e-31,1.9301539583959813e-61,1.5488034079412073e-32,-1.0363971051511042e-47,4.822522739567736e-62,-6.298722745255966e-48,-1.0434783368160797e-46,3.726330635756905e-32,-3.0342166506050424e-32,-7.52144441190442e-34,-1.3018369903313615e-49,4.313283912492389e-93,1.501254268645256e-66,6.239973019018956e-60,-3.6652583358298496e-63,1.4103064805583017e-76,9.728931028188477e-123,-1.23679105511986e-106,-1.4233211945397987e-80,-1.0199618058966606e-92,1.3312085074303356e-61,-2.0924033365950915e-90,3.76,0.0,0.5014197036039316,0.9998543041696055,2.9113428478537718e-49,-1.6233278112907249e-90,0.0001359517276956378,0.000135951729602749,0.00014569582848748697,1.9071112367810922e-12
1.8998060963983838e-06,0.561750915883396,4.469608313194609e-31,9.071449526346673e-16,2.7580540343628737e-31,-1.5251310505852538e-47,0.0,0.0,1.423281859492855e-30,1.7656257386262413e-58,3.953942328622859e-30,1.9598844484251237e-31,5.37367103720618e-32,-7.018981351485838e-62,6.884668585443389e-33,-1.0738960124777153e-47,5.988039359150591e-62,-1.3290776484469418e-47,-1.5102572816014655e-46,-3.2441795565328645e-33,-3.4472349965591e-32,-1.919346088911452e-33,-1.4092972075660914e-49,9.88412163027402e-93,1.9381982915737534e-66,6.454107852994907e-60,-4.831490948334268e-63,1.4144883520369372e-76,1.7512946221750577e-122,-6.903534961288446e-107,-3.930153103836024e-80,4.5703109204853674e-93,1.1421602791701674e-61,-2.0996442321885514e-90,3.76,0.0,0.5013859203506582,0.9998543041685407,-1.7809628663928006e-48,-1.419034214627857e-90,0.0001697349799036438,0.00016973498287593483,0.00014569582848711625,2.9722910680589226e-12
2.6561655694367857e-06,0.5617581286713657,3.260936597103817e-31,1.2683016308977797e-15,4.192798351848454e-31,-4.652258324283731e-47,0.0,0.0,1.4623260148848077e-30,1.7778816125468754e-58,3.690388057026292e-30,2.0660160038023913e-31,-1.9433679950293877e-31,-3.2853228349843555e-61,9.759909750861594e-33,-2.217730844898604e-47,7.703119987313851e-62,-4.0542018037115153e-47,-3.597120982507507e-46,3.355104472300869e-32,-2.745157792389025e-32,-7.593261269067538e-33,-2.8079540784012282e-49,3.0337212898436295e-92,2.6206957097048356e-66,6.342961419459937e-60,3.782225607235687e-63,1.383071293650763e-76,4.161391204334635e-122,-6.213890631392e-107,-1.1544938073197509e-79,1.2580928551352987e-91,7.2401529114670645e-62,-2.007038674082623e-90,3.76,0.0,0.5013183606724703,0.9998543041657059,-1.0997227867893335e-47,-6.815582467861859e-91,0.00023729465525614864,0.0002372946610639374,0.00014569582848627255,5.80778883352901e-12
3.4125250424751875e-06,0.561765340487307,1.656936566691887e-31,1.6294583091597164e-15,4.97568435918014e-31,-8.627447904702105e-47,0.0,0.0,1.2888098622962562e-30,1.7657937787655256e-58,3.1317826874497707e-30,1.8836917281903661e-31,-6.601784316477339e-32,-5.784139474898966e-61,5.3448235708602044e-33,7.015736909641683e-48,8.68689702942076e-62,-7.518325240754682e-47,-3.0716350535039227e-46,4.447400683749574e-32,-8.206489645221e-33,-2.2126088422915208e-32,7.455205788183328e-50,6.195868724694562e-92,2.993543710610728e-66,6.214740904543597e-60,1.1843067828665775e-62,1.270675227752866e-76,7.536002383050347e-122,-8.266287651841817e-107,-1.2352418186859363e-79,8.776191310238324e-92,4.114062516655782e-62,-1.9781415985122896e-90,3.76,0.0,0.5012508100977368,0.999854304161932,-2.275925504369903e-47,5.757489140590493e-92,0.00030484522621488486,0.0003048452357973725,0.0001456958284852925,9.582487727671827e-12
4.168884515513589e-06,0.561772551331399,1.2217186183284981e-31,1.990614987420126e-15,5.322619656906992e-31,-9.085143393062593e-47,0.0,0.0,1.4200618650366311e-30,1.7958785139295852e-58,3.2855111572059245e-30,1.7894561960023595e-31,-8.45147364643822e-32,2.222964578921731e-61,9.713817258908946e-33,-1.1725893477659869e-48,9.298337591896648e-62,-7.917050296173991e-47,-8.697797803398374e-48,3.717270979795769e-32,3.6573690220679554e-34,5.726531609652426e-33,4.851731925571109e-50,1.0074836491755695e-91,3.2335546896856537e-66,6.059190429608657e-60,3.851295153758059e-63,1.2071101893818972e-76,1.161619766695162e-121,-7.854629592191047e-107,-2.513231579578798e-79,9.302895184337072e-92,2.9399951568536926e-62,-1.821333178437106e-90,3.76,0.0,0.5011832686251846,0.9998543041572203,-2.416954263462166e-47,7.47788946472836e-91,0.0003723866940544829,0.0003723867083496483,0.00014569582848417633,1.4295165437944987e-11
5.681603461590393e-06,0.5617869701045136,2.0825329727013637e-32,2.7129283439349948e-15,5.427365008784453e-31,-7.158106123471398e-47,0.0,0.0,1.4525870294542195e-30,1.8277056338435746e-58,3.146014036971218e-30,1.439856972530772e-31,3.629936630822974e-32,6.216643126571159e-63,-1.9826709577042367e-34,2.5020286366259706e-47,9.91876551087013e-62,-6.237459621783859e-47,4.092924500828228e-46,1.2667996039523337e-33,2.2658989315362434e-32,3.0393941844873516e-34,3.2832461090783082e-49,1.912200584415052e-91,3.4663386514985156e-66,5.925390167245411e-60,3.784109073317983e-64,1.0566482225436557e-76,2.1173966169348312e-121,1.2140828089862643e-106,-1.075878528915438e-79,-3.221447290158915e-93,1.3352815144596165e-62,-1.5516829186233334e-90,3.76,0.0,0.5010482129816685,0.999854304144988,-1.95004980980879e-47,2.177915403063221e-90,0.0005074423253360606,0.0005074423518657719,0.00014569582848153632,2.6529711308024743e-11
7.194322407667196e-06,0.5618013849917525,-5.176451122558206e-33,3.4352417004396683e-15,5.245578084754978e-31,5.85057697873409e-47,0.0,0.0,1.5254611732574479e-30,2.3985719624108496e-58,3.16580186271458e-30,1.2305747788537095e-31,7.927278408404432e-33,5.4926435018241084e-61,-5.242467257289601e-34,6.025230448053392e-47,1.0132059416261655e-61,5.099112600789911e-47,9.795149222593259e-46,-5.306836623052809e-34,3.0176448577618477e-32,-6.456190510584086e-34,8.113720152598109e-49,2.817973073755998e-91,3.562312613588629e-66,4.6821953231116704e-60,-1.4389074282661984e-62,4.721161949499925e-76,3.158991083158681e-121,5.794453912879441e-106,1.8046031765114178e-78,5.758366232029011e-92,-1.1347149881499794e-62,-1.1881288610854576e-90,3.76,0.0,0.5009131937320607,0.9998543041290187,1.654884682738347e-47,3.6098166985914506e-90,0.0006424615589715315,0.0006424616014735175,0.00014569582847835395,4.2501985856636596e-11
8.707041353744e-06,0.5618157959941581,-3.1181703770041746e-33,4.15755505693145e-15,5.097141052225275e-31,2.0485238088777867e-46,0.0,0.0,1.5631145879296849e-30,2.7248724353724756e-58,3.202728447709585e-30,1.1571644666229358e-31,-4.860828739588321e-34,-1.132537787670623e-61,-5.07729866738966e-35,3.6811910416362652e-47,1.0017034790164123e-61,1.785228325876025e-46,8.658259690679808e-46,1.3808356650837453e-34,3.290731457320868e-32,8.01441458792504e-34,4.409437910808174e-49,3.717252679830794e-91,3.549209683739405e-66,3.3867527284434776e-60,1.6751893483811354e-64,6.187771919288892e-76,4.205437953671535e-121,-4.1467079440882543e-106,-2.3030355868965764e-79,8.414185539747908e-93,-1.7610809845602385e-62,-7.064253643884127e-91,3.76,0.0,0.5007782108665666,0.9998543041093212,5.89429396241032e-47,5.008238980410721e-90,0.0007774444047648747,0.0007774444669675051,0.0001456958284746304,6.220263055854362e-11
9.999999999999997e-06,0.5618302031127745,9.621499216923426e-33,4.7749343143181714e-15,5.048743009383691e-31,3.788846711713546e-46,0.0,0.0,1.6850951673552644e-30,2.8970307484223022e-58,3.333990248288685e-30,1.1166328386754757e-31,1.94413706131583e-32,-1.3025145758340195e-61,-3.821840235266988e-34,6.27749408553341e-47,1.0012370749459235e-61,3.3017788809980184e-46,1.1377232110478032e-45,-3.5980901469123754e-34,4.5458279014286736e-32,5.314406914592151e-33,7.847529155914473e-49,4.448336804905986e-91,3.5249696081553475e-66,2.78280342614935e-60,3.8971776413607216e-63,7.114195536365589e-76,5.097955507662422e-121,-5.772376050284069e-107,4.4037889215637123e-79,-1.4203389919727296e-92,-1.2290635643101901e-62,-6.107940048666196e-91,3.76,0.0,0.5006628664738775,0.9998543040895377,1.033016951511894e-46,6.3010649590964785e-90,0.0008927887776672573,0.0008927888596567381,0.00014569582847102,8.198948073224113e-11
1.0219760299820804e-05,0.5618302031127745,1.2070076973602667e-32,4.879868413407656e-15,5.051049480886456e-31,4.152648561002427e-46,0.0,0.0,1.72161441506179e-30,2.9221033411952838e-58,3.3709656806707525e-30,1.1062912521232262e-31,2.6038914092316857e-32,1.3809936604364383e-62,-5.939122841879983e-34,7.734205331315124e-47,1.0042880619665032e-61,3.6188010215156766e-46,1.2762572969665701e-45,-7.366142511453131e-34,4.942732915403658e-32,6.470059009987875e-33,9.895438423833835e-49,4.567075112100726e-91,3.5243681559232085e-66,2.761245936638632e-60,1.6810804124231742e-63,7.332526972452408e-76,5.249109955458891e-121,2.648906161049193e-106,1.1308129739483635e-78,-9.4263851881259e-93,-1.0661150297804407e-62,-6.498129909038287e-91,3.76,0.0,0.5006432643754016,0.9998543040859055,1.1178431963067596e-46,6.537710341502934e-90,0.0009123908725103141,0.0009123909581326291,0.00014569582847036723,8.562231507881808e-11
1.3245198191974411e-05,0.5618590057028516,2.7590130574570085e-32,6.324495126302631e-15,5.184227880913478e-31,1.0656185375555684e-45,0.0,0.0,1.841514167060973e-30,3.108602706799541e-58,3.539452964456765e-30,1.1481668384552743e-31,4.868085129482734e-33,-3.22451739958098e-63,-3.15635590560584e-36,1.3074089735555908e-46,1.0091633794086346e-61,9.285956841608668e-46,2.2134415260190655e-45,-1.6388821171448945e-35,5.622647099431029e-32,3.064900155055403e-34,1.7288787158919863e-48,6.346645548004193e-91,3.550521770985208e-66,1.5451559750439765e-60,1.059862838997266e-63,7.26148110789914e-76,7.279989734460302e-121,-3.763116164548637e-106,2.0302865960260457e-78,1.880565101484578e-94,4.0197677424133835e-63,-5.216640401201573e-91,3.76,0.0,0.5003734804768908,0.9998543040279556,2.9434665633999045e-46,9.482316493676395e-90,0.0011821747130618299,0.0011821748566434105,0.00014569582846022712,1.4358158076011673e-10
1.627063608412802e-05,0.5618877927703526,-1.5289575459697423e-32,7.769121839103213e-15,5.003281042717848e-31,1.7242305168658768e-45,0.0,0.0,1.856241816117758e-30,3.459173887958777e-58,3.5890660596472174e-30,9.07883462700386e-32,-2.203742961801893e-33,-3.097417342952926e-63,-2.03464478449242e-33,8.496447202678519e-47,1.127827398431331e-61,1.5024716666414788e-45,1.8328267144468183e-45,1.4431683275154836e-33,5.279675371366152e-32,-8.526189630546475e-34,1.0775442353074433e-48,8.148643178669523e-91,4.047770865501865e-66,1.1685151440168391e-60,2.0268003798717583e-63,3.9437811820523795e-76,9.604025409616694e-121,1.204898799067843e-107,1.8005587198007756e-78,2.0697008576988947e-93,1.2434175498064257e-62,2.893924451206744e-91,3.76,0.0,0.5001038419582048,0.9998543039552433,4.861848954420591e-46,1.413665058293835e-89,0.0014518131590240866,0.001451813375329544,0.00014569582844794433,2.1630545776580943e-10
1.9296073976281626e-05,0.5619165643236431,-4.819943988573674e-32,9.213748551788123e-15,4.400021833510122e-31,2.7504985866004468e-45,0.0,0.0,1.812272871729979e-30,3.7464585373566395e-58,3.440916267123607e-30,5.679026121263404e-32,-2.5110902190376574e-33,1.9612607042198286e-63,-1.2627664314846696e-33,1.9907530993159804e-46,1.3470724352328081e-61,2.3966953508194823e-45,3.383546281659545e-45,-2.2078429319820025e-33,5.435765200397351e-32,9.975557347415943e-34,2.6879010657593833e-48,1.031430872264227e-90,4.6107864236795194e-66,9.58886867615744e-61,9.651851805171243e-64,3.783465020369411e-76,1.2728688121272486e-120,3.788382717681692e-106,5.197209221182348e-78,1.175512702829737e-95,1.0749814288953803e-62,7.76491371541324e-91,3.76,0.0,0.4998343487410368,0.9998543038678426,7.512173668290521e-46,1.9065753274956935e-89,0.0017213062887775972,0.0017213065924975193,0.0001456958284335297,3.0371992273798537e-10
2.2321511868435233e-05,0.561945320371089,7.415299951590383e-33,1.0658375264336188e-14,4.284556403317272e-31,4.2805893307872217e-45,0.0,0.0,1.908019369332836e-30,4.014881308730411e-58,3.615803138280779e-30,6.709290266956686e-32,1.1138796828566809e-32,-5.362487792631217e-64,1.9390892098809902e-33,2.736780654518944e-46,1.5486689085914765e-61,3.7299075341741266e-45,5.0239227224974405e-45,2.2240813878778413e-33,5.995065764705371e-32,7.965264101865721e-34,3.787355450843867e-48,1.371700069330863e-90,5.439928823234401e-66,1.047589039665787e-60,-2.8477185415424755e-64,4.407628105584944e-76,1.707362983508883e-120,-2.1697596822600002e-107,7.30978659132872e-78,-6.063443666359404e-94,3.965051689470718e-63,8.957376672277613e-91,3.76,0.0,0.49956500074711757,0.9998543037658271,1.2020751150443659e-45,2.426336035006923e-89,0.001990654180665535,0.0019906545864168193,0.00014569582841699385,4.057512840573833e-10
2.534694976058884e-05,0.5619740609210468,3.407331501338282e-32,1.210300197672634e-14,4.549411474886946e-31,6.249869925577371e-45,0.0,0.0,2.0829721169814057e-30,4.274129742776417e-58,3.864547129499209e-30,7.754869115716825e-32,9.230347546643058e-33,8.037826517482007e-63,-1.589380228073593e-34,3.2447803115173686e-46,1.6510387559198636e-61,5.445757520829179e-45,6.142635656013372e-45,-1.4632017490647137e-34,7.207090810271493e-32,1.771852808707705e-33,4.288290497176318e-48,1.7171117420957394e-90,5.868308848584676e-66,9.492636006517984e-61,-1.7602869383157905e-63,3.3631667408348836e-76,2.232369639555629e-120,-4.364227391661041e-106,1.5233709909440306e-77,-6.451046378249158e-94,-3.7230207357258233e-63,1.007044326429615e-90,3.76,0.0,0.49929579789822076,0.9998543036492702,1.7549158446892806e-45,3.04522476936231e-89,0.002259856912987349,0.002259857435313533,0.00014569582839834744,5.223261850613294e-10
3.139782554489605e-05,0.5620314955619113,1.2832443728421666e-31,1.4992255400949163e-14,7.87715505053342e-31,1.1790981510944835e-44,0.0,0.0,2.6860440090063335e-30,5.203962580785917e-58,5.191243960655895e-30,2.111212155914791e-31,2.6258436653045313e-33,3.063896481881609e-62,5.5043121587038e-35,4.658244078064587e-46,2.070068562546239e-61,1.0273605138751475e-44,8.647629914455246e-45,4.08615683480883e-34,8.332794953483797e-32,-9.773928572385224e-35,6.163473678570673e-48,3.491554564813205e-90,7.299061792798491e-66,8.07270428279628e-61,3.688699886623918e-63,-2.0128507734318137e-76,3.845633270087986e-120,3.4776398339756286e-105,3.674826860513581e-77,1.719208014021167e-93,5.19605470682014e-63,1.4776550271344175e-90,3.76,0.0,0.4987578273227984,0.9998543033728237,3.478644732426622e-45,5.0317166358509906e-89,0.0027978272119212064,0.0027978280107359486,0.00014569582835476536,7.98814742314657e-10
3.744870132920327e-05,0.5620888683130347,5.041222575771346e-32,1.78815088242902e-14,1.1222129038326639e-30,1.7768695058589697e-44,0.0,0.0,3.021974825268917e-30,7.037637614268062e-58,6.029890731448571e-30,2.9663424866664725e-31,-2.020150176770293e-33,1.2419782050723662e-60,-2.0429984601471684e-35,3.9545148790959814e-46,3.1536757628696937e-62,1.548127639381654e-44,7.91593548365578e-45,4.548657592755687e-34,8.112224668204529e-32,-5.192897257014003e-34,4.6549632780024624e-48,9.76463455903807e-90,1.681730575711454e-66,-1.9944950894990545e-59,-3.5014998701806526e-62,-6.189881756675586e-75,7.663495625312342e-120,2.29431448094591e-104,9.645582344268471e-77,1.5702598153219273e-91,-9.122314001070703e-62,2.785638585146001e-89,3.76,0.0,0.4982204363898235,0.9998543030390835,5.4874661392486266e-45,1.385471787653926e-88,0.0033352178111055054,0.0033352189437108114,0.00014569582830286767,1.1326053061281742e-09
4.349957711351048e-05,0.5621461792411071,-5.541457270197606e-32,2.0770762246584727e-14,1.172925965706256e-30,2.529073343774908e-44,0.0,0.0,2.899761622296239e-30,8.572132763831046e-58,5.939427078349636e-30,2.8384045455552453e-31,-7.236916651977593e-33,-2.2636783643171518e-61,-9.918085371610758e-34,6.992807566650008e-46,-1.279857635225599e-61,2.2033977494666734e-44,1.2480365758085226e-44,-2.566180315373238e-34,6.493518747681314e-32,-1.1870968279863693e-33,9.835899938067333e-48,1.465322555964948e-89,-4.4181324927016466e-66,-3.1458285186571485e-59,3.810477607863832e-63,-7.162800234463491e-75,4.060656977786583e-119,3.762316461902734e-105,2.7993246094789742e-77,-5.191821578540293e-92,-7.058494534055094e-62,3.3719507157052896e-89,3.76,0.0,0.4976836244750313,0.9998543026486247,7.779144980672702e-45,1.9698677502020183e-88,0.003872029335380168,0.003872030858502959,0.00014569582824273792,1.523122791024823e-09
4.95504528978177e-05,0.5622034284127865,-1.7474395425219772e-32,2.3660015667669707e-14,1.0836775496158566e-30,3.2194185977881957e-44,0.0,0.0,2.66498072858872e-30,9.562395697363946e-58,5.676478473046099e-30,2.7430229853871745e-31,-8.863526794428567e-34,8.362656545988151e-62,1.2266230230036881e-33,3.794460616414357e-46,-1.574462058462875e-61,2.804678529301191e-44,8.338081943318401e-45,9.66412874031836e-34,4.514685368196687e-32,-8.415793736140899e-34,5.312483315611941e-48,2.66399632600307e-89,-5.544767962938134e-66,-3.1103867416987402e-59,-3.1244575105710687e-63,-1.0431599927932343e-74,7.138538761229264e-119,8.46143598058591e-104,1.1727981124516553e-76,4.3665660578453226e-91,-8.854037869282706e-63,4.4547897484045825e-89,3.76,0.0,0.49714739095482563,0.9998543022020172,9.875530924454038e-45,2.614502852832571e-88,0.004408262408911412,0.004408264378708618,0.00014569582817445888,1.969797205973983e-09
5.560132868212491e-05,0.5622606158946254,1.0438395853171862e-32,2.6549269087383685e-14,1.0147810473354322e-30,3.7810436065314847e-44,0.0,0.0,2.562007999610417e-30,1.0429260314760553e-57,5.552017212003027e-30,2.619974549622971e-31,4.696579449446602e-34,1.373586721992193e-61,-8.105042616145642e-34,3.823259002075511e-46,-1.1881575169389762e-61,3.293711614367259e-44,6.859841181074737e-45,-9.20635124455806e-35,3.691864972977731e-32,2.0767211332339116e-34,4.850737323714048e-48,2.637291614888144e-89,-4.1373431066935994e-66,-2.9046864924634022e-59,-2.980121075304903e-63,-1.1028212936700743e-74,8.278601424985102e-119,-4.806219462563912e-104,1.0468785857808194e-76,-1.7586197500744428e-91,3.545399471564204e-63,5.538185585430794e-89,3.76,0.0,0.4966117352062767,0.9998543016998257,1.143800232034596e-44,2.951934785393104e-88,0.0049439176551940404,0.004943920127257643,0.0001456958280981125,2.4720636031433766e-09
6.770308025073933e-05,0.5623748060546905,1.209575437301515e-31,3.2327775922060987e-14,1.21496858068695e-30,4.543184639104823e-44,0.0,0.0,2.7129199264413597e-30,1.1190406540127501e-57,6.093923594622712e-30,3.728267597356404e-31,1.998287126701916e-33,1.6147493014153829e-62,-9.520447607388247e-36,3.2615500412981306e-46,1.8791587283067312e-61,3.9569137734327153e-44,4.5079108172315217e-45,2.196577397456171e-34,2.9515748733908064e-32,1.2467014514539082e-34,4.126023731740263e-48,6.244321897624895e-89,6.578710012380154e-66,-9.258043762761621e-60,-4.828623680262096e-63,-2.510621341417513e-74,7.511676257011648e-119,2.3097567855029583e-104,1.2990697656880508e-76,4.894151549140543e-92,-1.288739948449438e-62,1.0405637142764909e-88,3.76,0.0,0.4955421545357779,0.9998543005309254,1.3849504507956346e-44,4.257544852104544e-88,0.0060134971566188225,0.006013500797756374,0.00014569582792154232,3.641137552027281e-09
7.980483181935376e-05,0.5624887502523876,1.5941834992645554e-32,3.8106282749357384e-14,1.5512023349211945e-30,5.065386074932835e-44,0.0,0.0,3.233730385344612e-30,1.3409371762727464e-57,7.047316032756732e-30,4.3812413784833164e-31,4.23882303727549e-33,1.5328116737121835e-60,-7.691344758099831e-34,2.3119941396306975e-46,1.7414180110732548e-63,4.4108723971421393e-44,4.598871519841128e-45,5.210980722390796e-34,4.983544277515526e-32,6.900248979129188e-34,3.6377288064157476e-48,-2.2773041482089952e-89,1.1644089322577274e-66,1.474557873014644e-60,-7.237608788525653e-62,-3.4348589214648778e-74,2.2590928087885397e-118,-1.1517308859819902e-102,1.5203933812471064e-76,1.7586113579048597e-90,-2.9212501528307913e-61,2.5462269739288945e-88,3.76,0.0,0.49447487749347746,0.9998542991463432,1.5361813100064219e-44,7.78772154475867e-88,0.007080772814132148,0.00708077784005689,0.0001456958277136691,5.025924742762583e-09
