Time (s),Volume (m^3),H(5),O(6),OH(7),H2(8),Ar(9),He(10),HO2(11),H2O2(12),CO(13),CO2(14),HCO(15),C(T)(16),CH(17),CH2(T)(18),CH3(19),CH2O(20),HCCO(21),C2H(22),C2H2(23),H2CC(24),CH2(S)(25),CH3OH(26),CH3O(27),CH2CO(28),C2H3(29),C2H4(30),C2H6(31),C2H5(32),CH2OH(33),CH3CO(34),CH2CHO(35),CH3CHO(36),N2,Ne,CH2F2(1),O2(2),H2O(3),CH4(4),CHF(40),HF(38),CHF2(81),CHFO2(135),CHFO2(137),CFO2(142)
0.0,0.5353448871540822,0.0,0.0,0.0,0.0,0.0,0.0,0.0,0.0,0.0,0.0,0.0,0.0,0.0,0.0,0.0,0.0,0.0,0.0,0.0,0.0,0.0,0.0,0.0,0.0,0.0,0.0,0.0,0.0,0.0,0.0,0.0,0.0,3.76,0.0,0.5007497405381122,1.0,0.0,0.0,0.0,0.0,0.0,0.0,0.0,0.0
3.787548385758732e-16,0.5353448871540823,1.0464600205036942e-25,1.982500966463537e-26,2.804965536159452e-34,4.166619696754095e-35,0.0,0.0,2.2052796579468553e-17,9.40914110084378e-30,0.0,0.0,0.0,0.0,0.0,0.0,0.0,0.0,0.0,0.0,0.0,0.0,0.0,0.0,0.0,0.0,0.0,0.0,0.0,0.0,0.0,0.0,0.0,0.0,3.76,0.0,0.5007497405381118,1.0,8.129711076724213e-43,0.0,2.334816354966154e-16,2.334816356012246e-16,2.205279657952788e-17,2.8469267450939883e-31,3.423464191750748e-30,1.0460549561389367e-25
1.060513548012445e-15,0.5353448871540823,6.3194331105435015e-25,5.551002801477506e-26,1.7726077946536316e-33,4.945761325469832e-34,0.0,0.0,6.174783042246873e-17,5.683121224890547e-29,0.0,0.0,0.0,0.0,0.0,0.0,0.0,0.0,0.0,0.0,0.0,0.0,0.0,0.0,0.0,0.0,0.0,0.0,0.0,0.0,0.0,0.0,0.0,0.0,3.76,0.0,0.5007497405381115,1.0,1.006065005747077e-41,0.0,6.537485790515889e-16,6.537485796834287e-16,6.174783042270853e-17,1.7195497988144883e-30,2.0677714711954642e-29,6.3181719323753815e-25
2.4240309668855885e-15,0.5353448871540825,3.0422759448965644e-24,1.2688006915750482e-25,9.332968932886899e-33,4.855337542994087e-33,0.0,0.0,1.411378981082962e-16,2.7361782320967147e-28,0.0,0.0,0.0,0.0,0.0,0.0,0.0,0.0,0.0,0.0,0.0,0.0,0.0,0.0,0.0,0.0,0.0,0.0,0.0,0.0,0.0,0.0,0.0,0.0,3.76,0.0,0.5007497405381106,0.9999999999999999,1.0744068124662878e-40,0.0,1.4942824648057989e-15,1.4942824678478349e-15,1.411378981091916e-16,8.278953646320527e-30,9.95542036029305e-29,3.041927808396331e-24
5.151065804631875e-15,0.5353448871540825,1.3285893232565927e-23,2.696201742308967e-25,4.7776396722886426e-32,4.2943013717854456e-32,0.0,0.0,2.999180334792595e-16,1.1949609197775418e-27,0.0,0.0,0.0,0.0,0.0,0.0,0.0,0.0,0.0,0.0,0.0,0.0,0.0,0.0,0.0,0.0,0.0,0.0,0.0,0.0,0.0,0.0,0.0,0.0,3.76,0.0,0.5007497405381087,0.9999999999999998,1.1044368366495285e-39,0.0,3.1753502308912694e-15,3.175350244176639e-15,2.9991803348264484e-16,3.6156906600804213e-29,4.347785563918882e-28,1.328489790105562e-23
1.060513548012445e-14,0.5353448871540829,5.546493554102776e-23,5.55100515674452e-25,2.580992793012822e-31,3.609540750694552e-31,0.0,0.0,6.174783042184194e-16,4.9887266114007756e-27,0.0,0.0,0.0,0.0,0.0,0.0,0.0,0.0,0.0,0.0,0.0,0.0,0.0,0.0,0.0,0.0,0.0,0.0,0.0,0.0,0.0,0.0,0.0,0.0,3.76,0.0,0.5007497405381051,0.9999999999999994,1.1876450294308225e-38,0.0,6.537485741370417e-15,6.5374857968342164e-15,6.174783042315e-16,1.5095248843864774e-28,1.8151081508656243e-27,5.54618333973065e-23
2.15132748311096e-14,0.5353448871540836,2.2659024831591074e-22,1.1260620449089831e-24,1.5336507573346369e-30,2.9592877666524435e-30,0.0,0.0,1.2525988456856738e-15,2.038057598781436e-26,0.0,0.0,0.0,0.0,0.0,0.0,0.0,0.0,0.0,0.0,0.0,0.0,0.0,0.0,0.0,0.0,0.0,0.0,0.0,0.0,0.0,0.0,0.0,0.0,3.76,0.0,0.5007497405380977,0.9999999999999988,1.398931343141901e-37,0.0,1.3261756675561524e-14,1.326175690214924e-14,1.2525988457370064e-15,6.167271146359133e-28,7.4152540068176e-27,2.2657968452606113e-22
4.3329553533079896e-14,0.535344887154085,9.159097643012468e-22,2.267991058050186e-24,1.0073668849233208e-29,2.3964950779261966e-29,0.0,0.0,2.522839928575922e-15,8.238154670704714e-26,0.0,0.0,0.0,0.0,0.0,0.0,0.0,0.0,0.0,0.0,0.0,0.0,0.0,0.0,0.0,0.0,0.0,0.0,0.0,0.0,0.0,0.0,0.0,0.0,3.76,0.0,0.500749740538083,0.9999999999999976,1.8216289514052178e-36,0.0,2.671029819687502e-14,2.671029911277878e-14,2.52283992877921e-15,2.493208282415972e-27,2.9973197285770656e-26,9.158712984687688e-22
8.69621109370205e-14,0.5353448871540877,3.682824180444043e-21,4.5518934572775885e-24,7.166369497515395e-29,1.9289024600878972e-28,0.0,0.0,5.0633220941794025e-15,3.312525759610336e-25,0.0,0.0,0.0,0.0,0.0,0.0,0.0,0.0,0.0,0.0,0.0,0.0,0.0,0.0,0.0,0.0,0.0,0.0,0.0,0.0,0.0,0.0,0.0,0.0,3.76,0.0,0.5007497405380535,0.999999999999995,2.574923783126722e-35,0.0,5.3607379851227166e-14,5.36073835340358e-14,5.0633220949884424e-15,1.0027482719526175e-26,1.2051732942669688e-25,3.682678102216439e-21
1.7422722574490168e-13,0.5353448871540931,1.4769753128856512e-20,9.120040181511922e-24,5.373182001730011e-28,1.5478204764595524e-27,0.0,0.0,1.0144286424678473e-14,1.3284709853302958e-24,0.0,0.0,0.0,0.0,0.0,0.0,0.0,0.0,0.0,0.0,0.0,0.0,0.0,0.0,0.0,0.0,0.0,0.0,0.0,0.0,0.0,0.0,0.0,0.0,3.76,0.0,0.5007497405379947,0.9999999999999899,3.845568554874435e-34,0.0,1.0740153760683276e-13,1.0740155237654175e-13,1.014428642790673e-14,4.023395420197584e-26,4.832996925202144e-25,1.47691854461319e-20
3.487574553606641e-13,0.5353448871541041,5.915600012569018e-20,1.825901680426433e-23,4.153998695569666e-27,1.2401387517637736e-26,0.0,0.0,2.0306215082846485e-14,5.3208132043078996e-24,0.0,0.0,0.0,0.0,0.0,0.0,0.0,0.0,0.0,0.0,0.0,0.0,0.0,0.0,0.0,0.0,0.0,0.0,0.0,0.0,0.0,0.0,0.0,0.0,3.76,0.0,0.5007497405378769,0.9999999999999797,5.932429164141377e-33,0.0,2.1498983090565359e-13,2.149898900615209e-13,2.0306215095746652e-14,1.6129996013184427e-25,1.9354897771599918e-24,5.915377054340279e-20
6.978179145921888e-13,0.5353448871541261,2.367779596033085e-19,3.6558226502937455e-23,3.265259865693502e-26,9.928641872216992e-26,0.0,0.0,4.0630072387873516e-14,2.129711921757535e-23,0.0,0.0,0.0,0.0,0.0,0.0,0.0,0.0,0.0,0.0,0.0,0.0,0.0,0.0,0.0,0.0,0.0,0.0,0.0,0.0,0.0,0.0,0.0,0.0,3.76,0.0,0.5007497405376414,0.9999999999999594,9.315077541970482e-32,0.0,4.301663286537704e-13,4.3016656543134847e-13,4.063007243947249e-14,6.468548669010775e-25,7.745163587601263e-24,2.3676918608563074e-19
1e-12,0.5353448871541698,5.4437939348413e-19,5.247312081388122e-23,1.3058401610297205e-25,4.0024992788810603e-25,0.0,0.0,5.822446159673391e-14,4.8964541661567635e-23,0.0,0.0,0.0,0.0,0.0,0.0,0.0,0.0,0.0,0.0,0.0,0.0,0.0,0.0,0.0,0.0,0.0,0.0,0.0,0.0,0.0,0.0,0.0,0.0,3.76,0.0,0.5007497405374376,0.9999999999999418,6.918249680384396e-31,0.0,6.16444743762719e-13,6.164452881415795e-13,5.822446171541888e-14,1.4914681574438504e-24,1.78006595791915e-23,5.443595686799116e-19
1.3959388330552382e-12,0.5353448871541698,9.474190131641861e-19,7.332586154855628e-23,2.589001970264723e-25,7.945921022448455e-25,0.0,0.0,8.127778695278357e-14,8.521621734027895e-23,0.0,0.0,0.0,0.0,0.0,0.0,0.0,0.0,0.0,0.0,0.0,0.0,0.0,0.0,0.0,0.0,0.0,0.0,0.0,0.0,0.0,0.0,0.0,0.0,3.76,0.0,0.5007497405371705,0.9999999999999187,1.4762472506692997e-30,0.0,8.605189687521987e-13,8.605199161704809e-13,8.127778715936902e-14,2.5981360136443226e-24,3.097603145250688e-23,9.47384708237856e-19
2.7921806699813372e-12,0.5353448871542574,3.790283840043375e-18,1.4821150951499426e-22,2.0619032212733792e-24,6.357929674170601e-24,0.0,0.0,1.625732159027636e-13,3.409203563308761e-22,0.0,0.0,0.0,0.0,0.0,0.0,0.0,0.0,0.0,0.0,0.0,0.0,0.0,0.0,0.0,0.0,0.0,0.0,0.0,0.0,0.0,0.0,0.0,0.0,3.76,0.0,0.5007497405362284,0.9999999999998375,2.3506443534897105e-29,0.0,1.7212228273601804e-12,1.7212266176466541e-12,1.6257321673102797e-13,1.0473135558278094e-23,1.2380674170967146e-22,3.790152194191447e-18
5.584664343833535e-12,0.5353448871544325,1.5162297823131613e-17,3.087723847623428e-22,1.6457841543553243e-23,5.086804275066645e-23,0.0,0.0,3.251640730892509e-13,1.3637923921954734e-21,0.0,0.0,0.0,0.0,0.0,0.0,0.0,0.0,0.0,0.0,0.0,0.0,0.0,0.0,0.0,0.0,0.0,0.0,0.0,0.0,0.0,0.0,0.0,0.0,3.76,0.0,0.5007497405343444,0.9999999999996748,3.751907282102524e-28,0.0,3.4426248582394307e-12,3.4426400205906366e-12,3.2516407641850235e-13,4.2525525798747043e-23,4.94329251814204e-22,1.516181435111189e-17
1e-11,0.5353448871547829,5.1124601030002677e-17,6.3083979129899445e-22,1.0741541917584688e-22,3.3238552627200254e-22,0.0,0.0,5.822446102568602e-13,4.598508340440931e-21,0.0,0.0,0.0,0.0,0.0,0.0,0.0,0.0,0.0,0.0,0.0,0.0,0.0,0.0,0.0,0.0,0.0,0.0,0.0,0.0,0.0,0.0,0.0,0.0,3.76,0.0,0.5007497405313656,0.9999999999994177,4.818564478528368e-27,0.0,6.164401756299124e-12,6.164452881348593e-12,5.822446215858883e-13,1.4735075774685797e-22,1.6609044220686806e-21,5.112324121480025e-17
1.1169631691537932e-11,0.5353448871547829,6.065109070303758e-17,7.161561239249407e-22,1.315102725842559e-22,4.069600990994842e-22,0.0,0.0,6.503457846554335e-13,5.4553913909757466e-21,0.0,0.0,0.0,0.0,0.0,0.0,0.0,0.0,0.0,0.0,0.0,0.0,0.0,0.0,0.0,0.0,0.0,0.0,0.0,0.0,0.0,0.0,0.0,0.0,3.76,0.0,0.5007497405305764,0.9999999999993496,5.995623520112564e-27,0.0,6.885406174801346e-12,6.885466826445139e-12,6.503457981036191e-13,1.7511918191820994e-22,1.969932635537635e-21,6.064949874268494e-17
2.2339566386946724e-11,0.5353448871554836,2.4260475679542935e-16,2.220786990364174e-21,1.0514258389097712e-21,3.255701176167384e-21,0.0,0.0,1.300709196937412e-12,2.1822008265621402e-20,0.0,0.0,0.0,0.0,0.0,0.0,0.0,0.0,0.0,0.0,0.0,0.0,0.0,0.0,0.0,0.0,0.0,0.0,0.0,0.0,0.0,0.0,0.0,0.0,3.76,0.0,0.5007497405230404,0.999999999998699,9.586644725893803e-26,0.0,1.3770877828340973e-11,1.3771120438020309e-11,1.300709251782858e-12,7.401518478138621e-22,7.820797655416403e-21,2.4260111838595714e-16
3.3509501082355516e-11,0.5353448871561843,5.155315238065621e-16,4.760082740283362e-21,3.0058824832903103e-21,9.309233875983732e-21,0.0,0.0,1.951072598745773e-12,4.637204319768601e-20,0.0,0.0,0.0,0.0,0.0,0.0,0.0,0.0,0.0,0.0,0.0,0.0,0.0,0.0,0.0,0.0,0.0,0.0,0.0,0.0,0.0,0.0,0.0,0.0,3.76,0.0,0.5007497405155045,0.9999999999980483,3.527948262567351e-25,0.0,2.0656258503498517e-11,2.0656774049461635e-11,1.9510727168394327e-12,1.6305796022667569e-21,1.6533251756884428e-20,5.155277992884328e-16
5.58493704731731e-11,0.5353448871575859,1.4252536247999997e-15,1.673552272059842e-20,1.381019335866239e-20,4.278078323757384e-20,0.0,0.0,3.2517993634819752e-12,1.282057787563138e-19,0.0,0.0,0.0,0.0,0.0,0.0,0.0,0.0,0.0,0.0,0.0,0.0,0.0,0.0,0.0,0.0,0.0,0.0,0.0,0.0,0.0,0.0,0.0,0.0,3.76,0.0,0.5007497405004324,0.9999999999967468,2.7136526722268173e-24,0.0,3.4426655949901974e-11,3.442808127180893e-11,3.2517997010085276e-12,4.912112409821002e-21,4.510784974252394e-20,1.425271886991779e-15
7.5703115088677e-11,0.5353448871588312,2.5201094999742653e-15,3.4705471787006596e-20,3.0737316091667005e-20,9.522595848408454e-20,0.0,0.0,4.407772834614089e-12,2.266962009725765e-19,0.0,0.0,0.0,0.0,0.0,0.0,0.0,0.0,0.0,0.0,0.0,0.0,0.0,0.0,0.0,0.0,0.0,0.0,0.0,0.0,0.0,0.0,0.0,0.0,3.76,0.0,0.5007497404870377,0.9999999999955898,7.35511790405576e-24,0.0,4.666430832758572e-11,4.666682859040762e-11,4.407773444110482e-12,9.143613739524787e-21,7.907835903668862e-20,2.520174599925931e-15
9.555685970418089e-11,0.5353448871600767,3.920305055503207e-15,6.285294025269626e-20,5.783834482735544e-20,1.7920045991470443e-19,0.0,0.0,5.5637462779120714e-12,3.5265842527545283e-19,0.0,0.0,0.0,0.0,0.0,0.0,0.0,0.0,0.0,0.0,0.0,0.0,0.0,0.0,0.0,0.0,0.0,0.0,0.0,0.0,0.0,0.0,0.0,0.0,3.76,0.0,0.500749740473643,0.9999999999944323,1.648901159774916e-23,0.0,5.89016553132905e-11,5.890557590855703e-11,5.563747246181358e-12,1.4939832472284257e-20,1.2195137673778145e-19,3.920458375309303e-15
9.999999999999999e-11,0.5353448871613222,4.297726503842874e-15,7.170855006071716e-20,6.645869360328691e-20,2.0591309566006352e-19,0.0,0.0,5.822445691018089e-12,3.866124493226878e-19,0.0,0.0,0.0,0.0,0.0,0.0,0.0,0.0,0.0,0.0,0.0,0.0,0.0,0.0,0.0,0.0,0.0,0.0,0.0,0.0,0.0,0.0,0.0,0.0,3.76,0.0,0.5007497404706452,0.9999999999941733,1.9863506140375585e-23,0.0,6.16402307475148e-11,6.164452880791494e-11,5.822446758636945e-12,1.6593477406999346e-20,1.33372158089687e-19,4.297910434496168e-15
1.1541060431968479e-10,0.5353448871613222,5.6067764583531935e-15,1.0242338004016789e-19,9.635754334444028e-20,2.985633007852446e-19,0.0,0.0,6.719719697167055e-12,5.043787125544316e-19,0.0,0.0,0.0,0.0,0.0,0.0,0.0,0.0,0.0,0.0,0.0,0.0,0.0,0.0,0.0,0.0,0.0,0.0,0.0,0.0,0.0,0.0,0.0,0.0,3.76,0.0,0.5007497404602482,0.9999999999932747,3.1567615556926146e-23,0.0,7.113871596441235e-11,7.114432322628515e-11,6.7197211093703304e-12,2.23289856460988e-20,1.7298403858814092e-19,5.607066559782709e-15
1.5511809355069258e-10,0.535344887163813,9.630736020328609e-15,2.1294637433839843e-19,2.0476233576914413e-19,6.3451258629556175e-19,0.0,0.0,9.031666486901979e-12,8.663996066773371e-19,0.0,0.0,0.0,0.0,0.0,0.0,0.0,0.0,0.0,0.0,0.0,0.0,0.0,0.0,0.0,0.0,0.0,0.0,0.0,0.0,0.0,0.0,0.0,0.0,3.76,0.0,0.5007497404334588,0.9999999999909587,8.112218164699207e-23,0.0,9.561218608844262e-11,9.562181786078328e-11,9.031668991494241e-12,4.1082532261687447e-20,2.930811117627643e-19,9.631438177033544e-15
1.9482558278170037e-10,0.5353448871663039,1.4714034005824804e-14,3.816949837661145e-19,3.7135980551940435e-19,1.1508505943255907e-18,0.0,0.0,1.1343613205086967e-11,1.3237483065962647e-18,0.0,0.0,0.0,0.0,0.0,0.0,0.0,0.0,0.0,0.0,0.0,0.0,0.0,0.0,0.0,0.0,0.0,0.0,0.0,0.0,0.0,0.0,0.0,0.0,3.76,0.0,0.5007497404066693,0.9999999999886418,1.7124708753623723e-22,0.0,1.200845965743764e-10,1.2009931249372229e-10,1.1343617149250185e-11,6.675988672992318e-20,4.418433118248387e-19,1.4715410742706915e-14
2.3453307201270816e-10,0.5353448871687947,2.092758815933929e-14,6.256883482567691e-19,6.131516869267407e-19,1.9003087520422594e-18,0.0,0.0,1.3655559861256807e-11,1.882816740671281e-18,0.0,0.0,0.0,0.0,0.0,0.0,0.0,0.0,0.0,0.0,0.0,0.0,0.0,0.0,0.0,0.0,0.0,0.0,0.0,0.0,0.0,0.0,0.0,0.0,3.76,0.0,0.5007497403798798,0.9999999999863235,3.2325398957711686e-22,0.0,1.4455587641668938e-10,1.4457680712499767e-10,1.3655565641776147e-11,1.0063870474632366e-19,6.199803918130115e-19,2.0929987689183727e-14
3.1394805047472375e-10,0.5353448871737765,3.6808067975062924e-14,1.4272747393654311e-18,1.4100513043408403e-18,4.370841039593618e-18,0.0,0.0,1.8279453075494756e-11,3.311811851751818e-18,0.0,0.0,0.0,0.0,0.0,0.0,0.0,0.0,0.0,0.0,0.0,0.0,0.0,0.0,0.0,0.0,0.0,0.0,0.0,0.0,0.0,0.0,0.0,0.0,3.76,0.0,0.5007497403263009,0.9999999999816838,9.752268752477307e-22,0.0,1.9349498111382977e-10,1.935317963824641e-10,1.8279463909262e-11,1.9828323421017596e-19,1.0588357485384693e-18,3.681401151535486e-14
3.9336302893673933e-10,0.5353448871787583,5.727921405839922e-14,2.7262000489762303e-18,2.7037503347474575e-18,8.382299925503591e-18,0.0,0.0,2.2903346247173457e-11,5.154102256946537e-18,0.0,0.0,0.0,0.0,0.0,0.0,0.0,0.0,0.0,0.0,0.0,0.0,0.0,0.0,0.0,0.0,0.0,0.0,0.0,0.0,0.0,0.0,0.0,0.0,3.76,0.0,0.500749740272722,0.9999999999770396,2.2879372667253647e-21,0.0,2.4242949258087937e-10,2.4248678563317083e-10,2.2903364131132273e-11,3.3991535999269037e-19,1.601145981276559e-18,5.729111123016108e-14
5.521929858607704e-10,0.5353448871887216,1.1199860434005893e-13,7.455582239641636e-18,7.41937532923817e-18,2.3009815592777546e-17,0.0,0.0,3.2151133160487865e-11,1.0079524451627099e-17,0.0,0.0,0.0,0.0,0.0,0.0,0.0,0.0,0.0,0.0,0.0,0.0,0.0,0.0,0.0,0.0,0.0,0.0,0.0,0.0,0.0,0.0,0.0,0.0,3.76,0.0,0.5007497401655643,0.9999999999677369,8.954541037651656e-21,0.0,3.4028472741977517e-10,3.403967641142894e-10,3.21511724230435e-11,7.854728424694201e-19,2.9512923945220987e-18,1.1203295774892325e-13
8.698528997088328e-10,0.5353448872086487,2.7651262375072377e-13,2.953845265108749e-17,2.944441858777282e-17,9.138477475773082e-17,0.0,0.0,5.064671374649948e-11,2.4893940414186034e-17,0.0,0.0,0.0,0.0,0.0,0.0,0.0,0.0,0.0,0.0,0.0,0.0,0.0,0.0,0.0,0.0,0.0,0.0,0.0,0.0,0.0,0.0,0.0,0.0,3.76,0.0,0.5007497399512486,0.9999999999490766,5.931881613604714e-20,0.0,5.359400566623851e-10,5.362167209953412e-10,5.064683312404161e-11,2.474609375524684e-18,6.49165142264553e-18,2.7665536669516467e-13
9.999999999999999e-10,0.5353448872485028,3.6509463511847216e-13,4.663073539243799e-17,4.6479555807905313e-17,1.4433277631861016e-16,0.0,0.0,5.822446595649411e-11,3.287476391492398e-17,0.0,0.0,0.0,0.0,0.0,0.0,0.0,0.0,0.0,0.0,0.0,0.0,0.0,0.0,0.0,0.0,0.0,0.0,0.0,0.0,0.0,0.0,0.0,0.0,3.76,0.0,0.5007497398634423,0.9999999999414102,1.2079991735511564e-19,0.0,6.160799531360773e-10,6.164452876046904e-10,5.822463896098724e-11,3.550426924662596e-18,8.151324791111695e-18,3.6532276686143855e-13
1.5051727274049574e-09,0.5353448872485028,8.255645522792994e-13,1.572772176534107e-16,1.5672000033236212e-16,4.871642783602287e-16,0.0,0.0,8.76379381242935e-11,7.437792062489769e-17,0.0,0.0,0.0,0.0,0.0,0.0,0.0,0.0,0.0,0.0,0.0,0.0,0.0,0.0,0.0,0.0,0.0,0.0,0.0,0.0,0.0,0.0,0.0,0.0,3.76,0.0,0.5007497395226171,0.9999999999115355,5.843798226977961e-19,0.0,9.27030259044639e-10,9.278566344326755e-10,8.763843384663532e-11,9.839642366940007e-18,1.5745298796323914e-17,8.263498030954113e-13
2.140492555101082e-09,0.5353448872883569,1.667608845281975e-12,4.394212334369525e-16,4.375260772366582e-16,1.3615940526155525e-15,0.0,0.0,1.2462929378354124e-10,1.5033545592618625e-16,0.0,0.0,0.0,0.0,0.0,0.0,0.0,0.0,0.0,0.0,0.0,0.0,0.0,0.0,0.0,0.0,0.0,0.0,0.0,0.0,0.0,0.0,0.0,0.0,3.76,0.0,0.5007497390939852,0.9999999998737004,2.1774600216796002e-18,0.0,1.317826669808077e-09,1.3194965474369655e-09,1.246305408218601e-10,2.319203962135081e-17,2.6889871626828133e-17,1.6698275469774574e-12
2.7758123827972068e-09,0.535344887328211,2.8021253255851382e-12,9.359422114362518e-16,9.311073851208808e-16,2.900717675733743e-15,0.0,0.0,1.6162084634186782e-10,2.52766659674029e-16,0.0,0.0,0.0,0.0,0.0,0.0,0.0,0.0,0.0,0.0,0.0,0.0,0.0,0.0,0.0,0.0,0.0,0.0,0.0,0.0,0.0,0.0,0.0,0.0,3.76,0.0,0.5007497386653523,0.9999999998355712,5.726286344446235e-18,0.0,1.7083294977334462e-09,1.7111364600081842e-09,1.616233410614823e-10,4.316178205463826e-17,3.8978356656647074e-17,2.8068801345992762e-12
3.4111322104933315e-09,0.5353448873680651,4.228575905185241e-12,1.7087070729747304e-15,1.698362436286715e-15,5.296533407653648e-15,0.0,0.0,1.9861266351716652e-10,3.8167161152789415e-16,0.0,0.0,0.0,0.0,0.0,0.0,0.0,0.0,0.0,0.0,0.0,0.0,0.0,0.0,0.0,0.0,0.0,0.0,0.0,0.0,0.0,0.0,0.0,0.0,3.76,0.0,0.5007497382367189,0.9999999997971479,1.2413768054975493e-17,0.0,2.098538959398435e-09,2.1027763721463048e-09,1.986170278539698e-10,7.00975152943961e-17,5.148196173507879e-17,4.237291168392728e-12
4.681771865885581e-09,0.535344887447773,7.955286414369378e-12,4.311622184198207e-15,4.277712549744764e-15,1.3368282593098774e-14,0.0,0.0,2.725973421504749e-10,7.189031845969906e-16,0.0,0.0,0.0,0.0,0.0,0.0,0.0,0.0,0.0,0.0,0.0,0.0,0.0,0.0,0.0,0.0,0.0,0.0,0.0,0.0,0.0,0.0,0.0,0.0,3.76,0.0,0.5007497373794483,0.9999999997194201,4.111372408389759e-17,0.0,2.8780785874811835e-09,2.8860561951231514e-09,2.726077775852931e-10,1.4530414866248208e-16,7.704671440986831e-17,7.977385291104539e-12
5.9524115212778305e-09,0.5353448875274807,1.2843433414817127e-11,8.742010087298295e-15,8.657703882234025e-15,2.7110825326822937e-14,0.0,0.0,3.465838707195596e-10,1.1620313530947083e-15,0.0,0.0,0.0,0.0,0.0,0.0,0.0,0.0,0.0,0.0,0.0,0.0,0.0,0.0,0.0,0.0,0.0,0.0,0.0,0.0,0.0,0.0,0.0,0.0,3.76,0.0,0.5007497365221718,0.9999999996405176,1.0260049951614531e-16,0.0,3.65644729126691e-09,3.6693360163672934e-09,3.4660433962716103e-10,2.4950972170357686e-16,1.0246520489564529e-16,1.2888373125456826e-11
7.22305117667008e-09,0.535344887607188,1.8888493403551657e-11,1.551762900438649e-14,1.5340158982342274e-14,4.8133708628176496e-14,0.0,0.0,4.205728169106484e-10,1.7110580578009047e-15,0.0,0.0,0.0,0.0,0.0,0.0,0.0,0.0,0.0,0.0,0.0,0.0,0.0,0.0,0.0,0.0,0.0,0.0,0.0,0.0,0.0,0.0,0.0,0.0,3.76,0.0,0.5007497356648881,0.9999999995604409,2.1636896176835482e-16,0.0,4.433646897577006e-09,4.452615835878503e-09,4.2060834480265014e-10,3.8272876568200145e-16,1.2763090330559876e-16,1.896842794182779e-11
8.493690832062328e-09,0.5353448876868951,2.6085995589665214e-11,2.514906458138517e-14,2.481522054489847e-14,7.802584985249568e-14,0.0,0.0,4.945647411325241e-10,2.3659861444313476e-15,0.0,0.0,0.0,0.0,0.0,0.0,0.0,0.0,0.0,0.0,0.0,0.0,0.0,0.0,0.0,0.0,0.0,0.0,0.0,0.0,0.0,0.0,0.0,0.0,3.76,0.0,0.5007497348075952,0.9999999994791914,4.07448598016167e-16,0.0,5.2096792149569445e-09,5.235895653656553e-09,4.946214093543223e-10,5.447133071643653e-16,1.5282869911604324e-16,2.6215741157601877e-11
9.999999999999999e-09,0.5353448878014917,3.610543402548006e-11,4.093700941473e-14,4.029959068021671e-14,1.2704202610009278e-13,0.0,0.0,5.822847741421056e-10,3.2795771662318166e-15,0.0,0.0,0.0,0.0,0.0,0.0,0.0,0.0,0.0,0.0,0.0,0.0,0.0,0.0,0.0,0.0,0.0,0.0,0.0,0.0,0.0,0.0,0.0,0.0,3.76,0.0,0.5007497337912838,0.9999999993813531,7.7864400595772135e-16,0.0,6.128134946163392e-09,6.164452827769167e-09,5.823757833292269e-10,7.739086090132041e-16,1.8277358400469405e-16,3.631692492358322e-11
1.032052519515429e-08,0.5353448878014917,3.84449793220835e-11,4.49800992831248e-14,4.4257647384820946e-14,1.3959701476771466e-13,0.0,0.0,6.009513063479637e-10,3.4931840329698268e-15,0.0,0.0,0.0,0.0,0.0,0.0,0.0,0.0,0.0,0.0,0.0,0.0,0.0,0.0,0.0,0.0,0.0,0.0,0.0,0.0,0.0,0.0,0.0,0.0,3.76,0.0,0.5007497335750222,0.9999999993603218,8.826522638776153e-16,0.0,6.323360636583997e-09,6.362039070557774e-09,6.010510720762383e-10,8.278712186867396e-16,1.8915923658380855e-16,3.86774169433226e-11
1.214735955824625e-08,0.5353448879160871,5.3164479392727216e-11,7.317772658875304e-14,7.179683491930675e-14,2.2718222633299774e-13,0.0,0.0,7.073467363109661e-10,4.839308841150683e-15,0.0,0.0,0.0,0.0,0.0,0.0,0.0,0.0,0.0,0.0,0.0,0.0,0.0,0.0,0.0,0.0,0.0,0.0,0.0,0.0,0.0,0.0,0.0,0.0,3.76,0.0,0.5007497323424226,0.9999999992390306,1.6884091028850254e-15,0.0,7.43463798407895e-09,7.488182483875311e-09,7.07507328383886e-10,1.1702515382455175e-15,2.2550154145651647e-16,5.354310404328033e-11
1.3974193921338211e-08,0.5353448880306818,7.02317742194475e-11,1.1118506112585006e-13,1.0877672292615253e-13,3.4528743089858387e-13,0.0,0.0,8.137526202492564e-10,6.404377318183574e-15,0.0,0.0,0.0,0.0,0.0,0.0,0.0,0.0,0.0,0.0,0.0,0.0,0.0,0.0,0.0,0.0,0.0,0.0,0.0,0.0,0.0,0.0,0.0,0.0,3.76,0.0,0.5007497311097915,0.9999999991153202,2.9465705755477096e-15,0.0,8.543516429576498e-09,8.614325893608476e-09,8.13994817428539e-10,1.5717687501102815e-15,2.6174255281539347e-16,7.080763052067544e-11
1.5801028284430172e-08,0.5353448881452749,8.963414197574168e-11,1.604417507781277e-13,1.5652352174927752e-13,4.984131643233105e-13,0.0,0.0,9.201705454776756e-10,8.18840932260078e-15,0.0,0.0,0.0,0.0,0.0,0.0,0.0,0.0,0.0,0.0,0.0,0.0,0.0,0.0,0.0,0.0,0.0,0.0,0.0,0.0,0.0,0.0,0.0,0.0,3.76,0.0,0.5007497298771248,0.9999999989891925,4.796691755341946e-15,0.0,9.650001154485388e-09,9.740469299756576e-09,9.205181923779953e-10,2.032261336340853e-15,2.978818815738192e-16,9.04658151279735e-11
1.9454697010614094e-08,0.535344888374457,1.353935867064044e-10,2.983945440930145e-13,2.8946054744480175e-13,9.275559722981951e-13,0.0,0.0,1.133048808231483e-09,1.2413464319415502e-14,0.0,0.0,0.0,0.0,0.0,0.0,0.0,0.0,0.0,0.0,0.0,0.0,0.0,0.0,0.0,0.0,0.0,0.0,0.0,0.0,0.0,0.0,0.0,0.0,3.76,0.0,0.5007497274116649,0.9999999987296935,1.0949135001567436e-14,0.0,1.1855810079236064e-08,1.1992756101294728e-08,1.1336911699942299e-09,3.1294455725053524e-15,3.6997875211113573e-16,1.3694252263434045e-10
2.2742998864179624e-08,0.535344888580715,1.8443659773907676e-10,4.752518008823108e-13,4.587026685906414e-13,1.4781556572043824e-12,0.0,0.0,1.3246961563306316e-09,1.6965138118436705e-14,0.0,0.0,0.0,0.0,0.0,0.0,0.0,0.0,0.0,0.0,0.0,0.0,0.0,0.0,0.0,0.0,0.0,0.0,0.0,0.0,0.0,0.0,0.0,0.0,3.76,0.0,0.500749725192582,0.9999999984878991,2.0300989578106542e-14,0.0,1.3832903299122478e-08,1.401981421041092e-08,1.3257161405775024e-09,4.316897286717579e-15,4.3466055864083446e-16,1.8690615973059799e-10
2.6031300717745153e-08,0.5353448887869665,2.408498420886512e-10,7.104984108617106e-13,6.823526234246664e-13,2.211077984758262e-12,0.0,0.0,1.5164068031719822e-09,2.2226709683666092e-14,0.0,0.0,0.0,0.0,0.0,0.0,0.0,0.0,0.0,0.0,0.0,0.0,0.0,0.0,0.0,0.0,0.0,0.0,0.0,0.0,0.0,0.0,0.0,0.0,3.76,0.0,0.5007497229733107,0.9999999982383061,3.455780988936201e-14,0.0,1.5802320902388493e-08,1.6046872307900182e-08,1.5179295093666522e-09,5.6928457179773805e-15,4.991399054667268e-16,2.445452135260685e-10
2.9319602571310683e-08,0.5353448889932104,3.045610411875579e-10,1.0121771998306176e-12,9.672792045737894e-13,3.1516766095356398e-12,0.0,0.0,1.7081896906736713e-09,2.8198412422329192e-14,0.0,0.0,0.0,0.0,0.0,0.0,0.0,0.0,0.0,0.0,0.0,0.0,0.0,0.0,0.0,0.0,0.0,0.0,0.0,0.0,0.0,0.0,0.0,0.0,3.76,0.0,0.500749720753824,0.9999999979809274,5.5175560825281044e-14,0.0,1.776409268891282e-08,1.8073930393758053e-08,1.71035822716389e-09,7.256361480782885e-15,5.634162790415586e-16,3.098298850674792e-10
3.260790442487621e-08,0.5353448891994462,3.754984974636115e-10,1.3882237943409019e-12,1.3200978938576056e-12,4.3250339149070455e-12,0.0,0.0,1.9000536650231697e-09,3.488051557344411e-14,0.0,0.0,0.0,0.0,0.0,0.0,0.0,0.0,0.0,0.0,0.0,0.0,0.0,0.0,0.0,0.0,0.0,0.0,0.0,0.0,0.0,0.0,0.0,0.0,3.76,0.0,0.5007497185340948,0.9999999977157755,8.379559603984148e-14,0.0,1.9718248332098714e-08,2.0100988467979958e-08,1.9030291785615175e-09,9.006518205345242e-15,6.274908794481194e-16,3.827305018721615e-10
3.589620627844174e-08,0.5353448894056726,4.535910276664447e-10,1.8464790363173077e-12,1.7472057125829714e-12,5.755992230530246e-12,0.0,0.0,2.0920074876938803e-09,4.2273320049125853e-14,0.0,0.0,0.0,0.0,0.0,0.0,0.0,0.0,0.0,0.0,0.0,0.0,0.0,0.0,0.0,0.0,0.0,0.0,0.0,0.0,0.0,0.0,0.0,0.0,3.76,0.0,0.5007497163140967,0.9999999974428634,1.2221754572991814e-13,0.0,2.166481739324241e-08,2.2128046530561205e-08,2.0959691837049885e-09,1.0942392946286726e-14,6.913653089589999e-16,4.6321750356053816e-10
3.9184508132007264e-08,0.535344889611889,5.387679518575217e-10,2.3946911423415738e-12,2.2547904769477997e-12,7.469159102942432e-12,0.0,0.0,2.284059837305195e-09,5.0377157680285514e-14,0.0,0.0,0.0,0.0,0.0,0.0,0.0,0.0,0.0,0.0,0.0,0.0,0.0,0.0,0.0,0.0,0.0,0.0,0.0,0.0,0.0,0.0,0.0,0.0,3.76,0.0,0.5007497140938029,0.9999999971622038,1.723913044121678e-13,0.0,2.3603829323712443e-08,2.4155104581496996e-08,2.2892049950925097e-09,1.3063066838882337e-14,7.550404891587901e-16,5.512614396772245e-10
4.576111183913832e-08,0.5353448900242876,7.300948229531297e-10,3.791508682842602e-12,3.535103621742173e-12,1.1839355589630515e-11,0.0,0.0,2.6684944107827475e-09,6.871941627765393e-14,0.0,0.0,0.0,0.0,0.0,0.0,0.0,0.0,0.0,0.0,0.0,0.0,0.0,0.0,0.0,0.0,0.0,0.0,0.0,0.0,0.0,0.0,0.0,0.0,3.76,0.0,0.5007497096522211,0.9999999965776939,3.1653221762538685e-13,0.0,2.7459299036690837e-08,2.820922064841247e-08,2.6766706770345494e-09,1.7855155963376186e-14,8.817955359872416e-16,7.499028747701365e-10
5.233771554626938e-08,0.5353448904366355,9.489239395016392e-10,5.638777960148777e-12,5.20640464507276e-12,1.7627700413275495e-11,0.0,0.0,3.053425126396071e-09,8.991057304221358e-14,0.0,0.0,0.0,0.0,0.0,0.0,0.0,0.0,0.0,0.0,0.0,0.0,0.0,0.0,0.0,0.0,0.0,0.0,0.0,0.0,0.0,0.0,0.0,0.0,3.76,0.0,0.500749705209137,0.9999999959623493,5.3474897276499e-13,0.0,3.128489082829569e-08,3.226333666868582e-08,3.06563873334239e-09,2.3375510462507e-14,1.007761113410925e-15,9.78421457118558e-10
5.891431925340044e-08,0.5353448908489258,1.1947083492994872e-09,7.995097391042872e-12,7.310877208826793e-12,2.5022447789239617e-11,0.0,0.0,3.43891837603386e-09,1.1395440819658754e-13,0.0,0.0,0.0,0.0,0.0,0.0,0.0,0.0,0.0,0.0,0.0,0.0,0.0,0.0,0.0,0.0,0.0,0.0,0.0,0.0,0.0,0.0,0.0,0.0,3.76,0.0,0.5007497007643393,0.9999999953162745,8.477911346731282e-13,0.0,3.508083624195867e-08,3.63174526422747e-08,3.4563203387479436e-09,2.9616914400080026e-14,1.1329431873821943e-15,1.236585650458448e-09
6.549092296053149e-08,0.5353448912611518,1.4669092143703488e-09,1.0917586775158415e-11,9.887694192335803e-12,3.420808408129366e-11,0.0,0.0,3.825039221936243e-09,1.4085519063076542e-13,0.0,0.0,0.0,0.0,0.0,0.0,0.0,0.0,0.0,0.0,0.0,0.0,0.0,0.0,0.0,0.0,0.0,0.0,0.0,0.0,0.0,0.0,0.0,0.0,3.76,0.0,0.5007496963176187,0.9999999946395748,1.2784653001129e-12,0.0,3.8847365019992715e-08,4.037156856913505e-08,3.848925220059528e-09,3.657221126867435e-14,1.2573475926726549e-15,1.5241657195834727e-09
7.206752666766255e-08,0.535344891673307,1.7649956772716002e-09,1.4461916892391539e-11,1.2973191860481154e-11,4.536539596964229e-11,0.0,0.0,4.21185142075464e-09,1.706176664042011e-13,0.0,0.0,0.0,0.0,0.0,0.0,0.0,0.0,0.0,0.0,0.0,0.0,0.0,0.0,0.0,0.0,0.0,0.0,0.0,0.0,0.0,0.0,0.0,0.0,3.76,0.0,0.5007496918687665,0.9999999939323555,1.851475338431827e-12,0.0,4.258470512306739e-08,4.4425684449221054e-08,4.243661556965334e-09,4.423430346626724e-14,1.3809798469919862e-15,1.8409337108703455e-09
7.86441303747936e-08,0.5353448920853854,2.0884447422004546e-09,1.8682336087317132e-11,1.6601024813007686e-11,5.867153139183215e-11,0.0,0.0,4.59941744506099e-09,2.0324704833879313e-13,0.0,0.0,0.0,0.0,0.0,0.0,0.0,0.0,0.0,0.0,0.0,0.0,0.0,0.0,0.0,0.0,0.0,0.0,0.0,0.0,0.0,0.0,0.0,0.0,3.76,0.0,0.5007496874175764,0.9999999931947235,2.5932801985239145e-12,0.0,4.629308274699371e-08,4.8479800282485214e-08,4.6407358938573305e-09,5.2596151505166515e-14,1.503845495639041e-15,2.1866634354945106e-09
8.522073408192465e-08,0.5353448924973804,2.4367411817118944e-09,2.3631691600650892e-11,2.0802293512670166e-11,7.430004792114272e-11,0.0,0.0,4.987798500423293e-09,2.387490075330063e-13,0.0,0.0,0.0,0.0,0.0,0.0,0.0,0.0,0.0,0.0,0.0,0.0,0.0,0.0,0.0,0.0,0.0,0.0,0.0,0.0,0.0,0.0,0.0,0.0,3.76,0.0,0.5007496829638435,0.9999999924267863,3.5319762801199797e-12,0.0,4.997272233494608e-08,5.2533916068878356e-08,5.040353064856874e-09,6.165077359916014e-14,1.6259501179544122e-15,2.5611304572085754e-09
9.17973377890557e-08,0.5353448929092859,2.8093774220335993e-09,2.936145595313823e-11,2.5605700186444092e-11,9.242097243865826e-11,0.0,0.0,5.377054546467495e-09,2.7712966281938573e-13,0.0,0.0,0.0,0.0,0.0,0.0,0.0,0.0,0.0,0.0,0.0,0.0,0.0,0.0,0.0,0.0,0.0,0.0,0.0,0.0,0.0,0.0,0.0,0.0,3.76,0.0,0.5007496785073646,0.9999999916286513,4.69715367028845e-12,0.0,5.362384659216423e-08,5.6588031808349644e-08,5.442716102590137e-09,7.139124523674788e-14,1.7472992304430181e-15,2.964112077640935e-09
9.837394149618675e-08,0.535344893321096,3.205853446875339e-09,3.592174897434387e-11,3.103767269244524e-11,1.1320085107250683e-10,0.0,0.0,5.767244314503957e-09,3.1839557198473225e-13,0.0,0.0,0.0,0.0,0.0,0.0,0.0,0.0,0.0,0.0,0.0,0.0,0.0,0.0,0.0,0.0,0.0,0.0,0.0,0.0,0.0,0.0,0.0,0.0,3.76,0.0,0.5007496740479389,0.9999999908004269,6.119782486272488e-12,0.0,5.724667649846856e-08,6.064214750084658e-08,5.848026168552296e-09,8.181069877251026e-14,1.8678982719994857e-15,3.395387323780971e-09
9.999999999999998e-08,0.5353448937328049,3.3075005533653808e-09,3.767749811688531e-11,3.248048951751582e-11,1.187675540568401e-10,0.0,0.0,5.863868974248797e-09,3.290442022781093e-13,0.0,0.0,0.0,0.0,0.0,0.0,0.0,0.0,0.0,0.0,0.0,0.0,0.0,0.0,0.0,0.0,0.0,0.0,0.0,0.0,0.0,0.0,0.0,0.0,3.76,0.0,0.500749672944873,0.9999999905910224,6.514920744048889e-12,0.0,5.8138080109659605e-08,6.164452342968719e-08,5.948716123514265e-09,8.449080258335117e-14,1.897601233622608e-15,3.5063569316237635e-09
1.0495054520331781e-07,0.5353448937328049,3.6256767025332138e-09,4.336135937812215e-11,3.7122479035456367e-11,1.368027982880499e-10,0.0,0.0,6.158425324854145e-09,3.6255372320874925e-13,0.0,0.0,0.0,0.0,0.0,0.0,0.0,0.0,0.0,0.0,0.0,0.0,0.0,0.0,0.0,0.0,0.0,0.0,0.0,0.0,0.0,0.0,0.0,0.0,3.76,0.0,0.5007496695853669,0.9999999899422225,7.832108474955513e-12,0.0,6.084143132090296e-08,6.469626314631506e-08,6.256482492058772e-09,9.290232295808668e-14,1.987752673082681e-15,3.85473693533647e-09
1.1810375261757992e-07,0.5353448945558962,4.533431417490467e-09,6.106716428692037e-11,5.133753122962572e-11,1.931085007832507e-10,0.0,0.0,6.943985205701655e-09,4.595768040446701e-13,0.0,0.0,0.0,0.0,0.0,0.0,0.0,0.0,0.0,0.0,0.0,0.0,0.0,0.0,0.0,0.0,0.0,0.0,0.0,0.0,0.0,0.0,0.0,0.0,3.76,0.0,0.5007496606499974,0.9999999881363127,1.22606106408876e-11,0.0,6.794758429807224e-08,7.28044942959423e-08,7.083620833374849e-09,1.1707511774039014e-13,2.225249041040577e-15,4.856790697503265e-09
1.3125696003184204e-07,0.5353448953785153,5.5288466752668184e-09,8.284339870741947e-11,6.840602207074746e-11,2.625762795263563e-10,0.0,0.0,7.734170808465886e-09,5.682630858410459e-13,0.0,0.0,0.0,0.0,0.0,0.0,0.0,0.0,0.0,0.0,0.0,0.0,0.0,0.0,0.0,0.0,0.0,0.0,0.0,0.0,0.0,0.0,0.0,0.0,3.76,0.0,0.5007496516997032,0.9999999862118059,1.8262317393070056e-11,0.0,7.494402590598846e-08,8.091272525676692e-08,7.925684191117683e-09,1.4385625124179468e-13,2.459830926757917e-15,5.968553034696304e-09
1.4441016744610415e-07,0.5353448962006194,6.6082407486932525e-09,1.0903470349330249e-10,8.845544234254238e-11,3.463926462806726e-10,0.0,0.0,8.529400512858276e-09,6.886830770297798e-13,0.0,0.0,0.0,0.0,0.0,0.0,0.0,0.0,0.0,0.0,0.0,0.0,0.0,0.0,0.0,0.0,0.0,0.0,0.0,0.0,0.0,0.0,0.0,0.0,3.76,0.0,0.5007496427329653,0.9999999841695942,2.613108011392258e-11,0.0,8.183244996627763e-08,8.902095602829994e-08,8.784191345574842e-09,1.7319321968643384e-13,2.6915401868841417e-15,7.188330177262478e-09
1.5756337486036625e-07,0.5353448970221684,7.768042059108875e-09,1.399665117595091e-10,1.115885882161493e-10,4.456939789088179e-10,0.0,0.0,9.33007500731308e-09,8.209133453962214e-13,0.0,0.0,0.0,0.0,0.0,0.0,0.0,0.0,0.0,0.0,0.0,0.0,0.0,0.0,0.0,0.0,0.0,0.0,0.0,0.0,0.0,0.0,0.0,0.0,3.76,0.0,0.5007496337483005,0.999999982010578,3.617228815880722e-11,0.0,8.861452415214682e-08,9.712918661002858e-08,9.660625512380455e-09,2.0503437997674928e-13,2.9204181091020773e-15,8.51445450308369e-09
1.7071658227462836e-07,0.5353448978431224,9.004786265992525e-09,1.7594570200189464e-10,1.3788620198735444e-10,5.615680183926363e-10,0.0,0.0,1.0136577817363222e-08,9.650362603418264e-13,0.0,0.0,0.0,0.0,0.0,0.0,0.0,0.0,0.0,0.0,0.0,0.0,0.0,0.0,0.0,0.0,0.0,0.0,0.0,0.0,0.0,0.0,0.0,0.0,3.76,0.0,0.5007496247442622,0.9999999797356643,4.870054141248025e-11,0.0,9.529189039043157e-08,1.0523741700141676e-07,1.0556433341930432e-08,2.3932893629398717e-13,3.1465053622526775e-15,9.945284135543586e-09
1.8386978968889046e-07,0.5353448986634448,1.031511343193112e-08,2.1726123186375342e-10,1.6740935463560568e-10,6.950553246310023e-10,0.0,0.0,1.0949275819464987e-08,1.121139743218945e-12,0.0,0.0,0.0,0.0,0.0,0.0,0.0,0.0,0.0,0.0,0.0,0.0,0.0,0.0,0.0,0.0,0.0,0.0,0.0,0.0,0.0,0.0,0.0,0.0,3.76,0.0,0.5007496157194413,0.9999999773457672,6.40375737662992e-11,0.0,1.0186616525737612e-07,1.1334564720190615e-07,1.1473024134551575e-08,2.760269268919541e-13,3.3698419723906303e-15,1.1479202547761175e-08
1.9702299710315256e-07,0.5353448994830993,1.1695765244186644e-08,2.641847570489606e-10,2.0020161988779339e-10,8.471507009671039e-10,0.0,0.0,1.176851974378415e-08,1.2893170239005767e-12,0.0,0.0,0.0,0.0,0.0,0.0,0.0,0.0,0.0,0.0,0.0,0.0,0.0,0.0,0.0,0.0,0.0,0.0,0.0,0.0,0.0,0.0,0.0,0.0,3.76,0.0,0.500749606672466,0.9999999748418059,8.251037975764119e-11,0.0,1.0833894037021058e-07,1.2145387721091652e-07,1.2411769232328228e-08,3.1507921098503623e-13,3.590467368946024e-15,1.3114618171027644e-08
2.1017620451741467e-07,0.5353449003020522,1.314358229879383e-08,3.169712341628925e-10,2.362910434094943e-10,1.0188045845290547e-09,0.0,0.0,1.2594644664914496e-08,1.4696664040339659e-12,0.0,0.0,0.0,0.0,0.0,0.0,0.0,0.0,0.0,0.0,0.0,0.0,0.0,0.0,0.0,0.0,0.0,0.0,0.0,0.0,0.0,0.0,0.0,0.0,3.76,0.0,0.500749597602004,0.9999999722247058,1.0444954008507393e-10,0.0,1.1471178277347844e-07,1.2956210702784687e-07,1.3374001580661935e-08,3.5643745583917673e-13,3.80842039077752e-15,1.4849964008492203e-08
2.2332941193167677e-07,0.5353449011202708,1.4655501457259873e-08,3.7585950521020913e-10,2.7569190709622494e-10,1.2109243971886842e-09,0.0,0.0,1.3427970478695067e-08,1.6622910278785136e-12,0.0,0.0,0.0,0.0,0.0,0.0,0.0,0.0,0.0,0.0,0.0,0.0,0.0,0.0,0.0,0.0,0.0,0.0,0.0,0.0,0.0,0.0,0.0,0.0,3.76,0.0,0.5007495885067607,0.9999999694953965,1.3018774494381764e-10,0.0,1.209862353187486e-07,1.3767033665207555e-07,1.4361015453908332e-08,4.0005412409016873e-13,4.023739283866112e-15,1.668369725546359e-08
2.3648261934593888e-07,0.5353449019377241,1.622855327517622e-08,4.4107286393820657e-10,3.184063087681503e-10,1.4243758575104645e-09,0.0,0.0,1.4268802365257488e-08,1.8672986606573413e-12,0.0,0.0,0.0,0.0,0.0,0.0,0.0,0.0,0.0,0.0,0.0,0.0,0.0,0.0,0.0,0.0,0.0,0.0,0.0,0.0,0.0,0.0,0.0,0.0,3.76,0.0,0.5007495793854804,0.9999999666548125,1.6005849492938207e-10,0.0,1.2716381703777837e-07,1.4577856608296173e-07,1.537406632514244e-08,4.4588246126979565e-13,4.236461716527502e-15,1.8614298926260418e-08
2.49635826760201e-07,0.5353449027543824,1.7859859495523714e-08,5.12819605757979e-10,3.6442558571132754e-10,1.6599842575073804e-09,0.0,0.0,1.5117431239650642e-08,2.0848014737244243e-12,0.0,0.0,0.0,0.0,0.0,0.0,0.0,0.0,0.0,0.0,0.0,0.0,0.0,0.0,0.0,0.0,0.0,0.0,0.0,0.0,0.0,0.0,0.0,0.0,3.76,0.0,0.5007495702369466,0.9999999637038921,1.9439495179793286e-10,0.0,1.3324602350995016e-07,1.5388679531984542e-07,1.6414370855656847e-08,4.938764835274486e-13,4.446624789667422e-15,2.0640273486786906e-08
